Command line invocation:
    /Applications/Xcode.app/Contents/Developer/usr/bin/xcodebuild -workspace Telegram-Mac.xcworkspace -scheme Telegram -destination platform=macOS build

2026-09-21 20:37:22.422 xcodebuild[61539:3912619] [MT] IDERunDestination: Supported platforms for the buildables in the current scheme is empty.
Resolve Package Graph
2026-09-21 20:37:22.563 xcodebuild[61539:3912619] [MT] IDERunDestination: Supported platforms for the buildables in the current scheme is empty.
Invalid Exclude '/Users/buddhirajgautam/Documents/Cherrygram-Mac/macOS-Swift/submodules/tgcalls/tgcalls/legacy/InstanceImplLegacy.cpp': File not found.Invalid Exclude '/Users/buddhirajgautam/Documents/Cherrygram-Mac/macOS-Swift/submodules/tgcalls/tgcalls/legacy/InstanceImplLegacy.h': File not found.

Resolved source packages:
  GoogleUtilities: https://github.com/google/GoogleUtilities.git @ 7.13.3
  HackUtils: /Users/buddhirajgautam/Documents/Cherrygram-Mac/macOS-Swift/packages/HackUtils
  BoringSSL-GRPC: https://github.com/firebase/boringssl-SwiftPM.git @ 0.9.1
  OCR: /Users/buddhirajgautam/Documents/Cherrygram-Mac/macOS-Swift/packages/OCR
  GraphUI: /Users/buddhirajgautam/Documents/Cherrygram-Mac/macOS-Swift/packages/GraphUI
  GTMSessionFetcher: https://github.com/google/gtm-session-fetcher.git @ 3.5.0
  ObjcUtils: /Users/buddhirajgautam/Documents/Cherrygram-Mac/macOS-Swift/packages/ObjcUtils
  TGVideoCameraMovie: /Users/buddhirajgautam/Documents/Cherrygram-Mac/macOS-Swift/packages/TGVideoCameraMovie
  NumberPluralization: /Users/buddhirajgautam/Documents/Cherrygram-Mac/macOS-Swift/packages/NumberPluralization
  abseil: https://github.com/firebase/abseil-cpp-SwiftPM.git @ 0.20220203.2
  InAppSettings: /Users/buddhirajgautam/Documents/Cherrygram-Mac/macOS-Swift/packages/InAppSettings
  TGUIKit: /Users/buddhirajgautam/Documents/Cherrygram-Mac/macOS-Swift/packages/TGUIKit
  Postbox: /Users/buddhirajgautam/Documents/Cherrygram-Mac/macOS-Swift/submodules/telegram-ios/submodules/Postbox
  Svg: /Users/buddhirajgautam/Documents/Cherrygram-Mac/macOS-Swift/packages/Svg
  EncryptionProvider: /Users/buddhirajgautam/Documents/Cherrygram-Mac/macOS-Swift/submodules/telegram-ios/submodules/EncryptionProvider @ local
  InAppPurchaseManager: /Users/buddhirajgautam/Documents/Cherrygram-Mac/macOS-Swift/packages/InAppPurchaseManager
  ShelfPack: /Users/buddhirajgautam/Documents/Cherrygram-Mac/macOS-Swift/submodules/telegram-ios/submodules/Utils/ShelfPack
  SSignalKit: /Users/buddhirajgautam/Documents/Cherrygram-Mac/macOS-Swift/submodules/telegram-ios/submodules/SSignalKit
  leveldb: https://github.com/firebase/leveldb.git @ 1.22.5
  Zip: /Users/buddhirajgautam/Documents/Cherrygram-Mac/macOS-Swift/submodules/Zip
  EmojiSuggestions: /Users/buddhirajgautam/Documents/Cherrygram-Mac/macOS-Swift/packages/EmojiSuggestions
  RangeSet: /Users/buddhirajgautam/Documents/Cherrygram-Mac/macOS-Swift/submodules/telegram-ios/submodules/Utils/RangeSet
  TelegramMediaPlayer: /Users/buddhirajgautam/Documents/Cherrygram-Mac/macOS-Swift/submodules/telegram-ios/submodules/MediaPlayer
  GZIP: /Users/buddhirajgautam/Documents/Cherrygram-Mac/macOS-Swift/packages/GZIP
  TGCurrencyFormatter: /Users/buddhirajgautam/Documents/Cherrygram-Mac/macOS-Swift/packages/TGCurrencyFormatter
  TGModernGrowingTextView: /Users/buddhirajgautam/Documents/Cherrygram-Mac/macOS-Swift/packages/TGModernGrowingTextView
  TelegramApi: /Users/buddhirajgautam/Documents/Cherrygram-Mac/macOS-Swift/submodules/telegram-ios/submodules/TelegramApi
  HotKey: /Users/buddhirajgautam/Documents/Cherrygram-Mac/macOS-Swift/packages/HotKey
  TelegramMedia: /Users/buddhirajgautam/Documents/Cherrygram-Mac/macOS-Swift/packages/TelegramMedia
  Stripe: /Users/buddhirajgautam/Documents/Cherrygram-Mac/macOS-Swift/submodules/Stripe
  Colors: /Users/buddhirajgautam/Documents/Cherrygram-Mac/macOS-Swift/packages/Colors
  GraphCore: /Users/buddhirajgautam/Documents/Cherrygram-Mac/macOS-Swift/submodules/telegram-ios/submodules/GraphCore
  MetalEngine: /Users/buddhirajgautam/Documents/Cherrygram-Mac/macOS-Swift/submodules/telegram-ios/submodules/MetalEngine
  TGGifConverter: /Users/buddhirajgautam/Documents/Cherrygram-Mac/macOS-Swift/packages/TGGifConverter
  Mozjpeg: /Users/buddhirajgautam/Documents/Cherrygram-Mac/macOS-Swift/submodules/Mozjpeg
  DustLayer: /Users/buddhirajgautam/Documents/Cherrygram-Mac/macOS-Swift/packages/DustLayer
  FoundationUtils: /Users/buddhirajgautam/Documents/Cherrygram-Mac/macOS-Swift/packages/FoundationUtils
  ApiCredentials: /Users/buddhirajgautam/Documents/Cherrygram-Mac/macOS-Swift/packages/ApiCredentials
  TelegramCore: /Users/buddhirajgautam/Documents/Cherrygram-Mac/macOS-Swift/submodules/telegram-ios/submodules/TelegramCore
  Strings: /Users/buddhirajgautam/Documents/Cherrygram-Mac/macOS-Swift/packages/Strings
  GoogleAppMeasurement: https://github.com/google/GoogleAppMeasurement.git @ 10.1.0
  libphonenumber: /Users/buddhirajgautam/Documents/Cherrygram-Mac/macOS-Swift/submodules/telegram-ios/submodules/libphonenumber
  NetworkLogging: /Users/buddhirajgautam/Documents/Cherrygram-Mac/macOS-Swift/submodules/telegram-ios/submodules/NetworkLogging @ local
  Emoji: /Users/buddhirajgautam/Documents/Cherrygram-Mac/macOS-Swift/submodules/telegram-ios/submodules/Emoji
  FlatBuffers: /Users/buddhirajgautam/Documents/Cherrygram-Mac/macOS-Swift/submodules/telegram-ios/submodules/TelegramCore/FlatBuffers @ local
  Translate: /Users/buddhirajgautam/Documents/Cherrygram-Mac/macOS-Swift/packages/Translate
  Promises: https://github.com/google/promises.git @ 2.4.0
  FastBlur: /Users/buddhirajgautam/Documents/Cherrygram-Mac/macOS-Swift/packages/FastBlur
  GoogleDataTransport: https://github.com/google/GoogleDataTransport.git @ 9.4.0
  CalendarUtils: /Users/buddhirajgautam/Documents/Cherrygram-Mac/macOS-Swift/packages/CalendarUtils
  gRPC: https://github.com/grpc/grpc-ios.git @ 1.44.3-grpc
  MtProtoKit: /Users/buddhirajgautam/Documents/Cherrygram-Mac/macOS-Swift/submodules/telegram-ios/submodules/MtProtoKit
  FFMpegBinding: /Users/buddhirajgautam/Documents/Cherrygram-Mac/macOS-Swift/submodules/telegram-ios/submodules/FFMpegBinding
  SwiftProtobuf: https://github.com/apple/swift-protobuf.git @ 1.29.0
  KeyboardKey: /Users/buddhirajgautam/Documents/Cherrygram-Mac/macOS-Swift/packages/KeyboardKey
  TgVoipWebrtc: /Users/buddhirajgautam/Documents/Cherrygram-Mac/macOS-Swift/submodules/tgcalls
  FlatSerialization: /Users/buddhirajgautam/Documents/Cherrygram-Mac/macOS-Swift/submodules/telegram-ios/submodules/TelegramCore/FlatSerialization @ local
  OpenSSLEncryption: /Users/buddhirajgautam/Documents/Cherrygram-Mac/macOS-Swift/submodules/telegram-ios/submodules/OpenSSLEncryptionProvider
  TelegramAudio: /Users/buddhirajgautam/Documents/Cherrygram-Mac/macOS-Swift/submodules/telegram-ios/submodules/TelegramAudio
  CryptoUtils: /Users/buddhirajgautam/Documents/Cherrygram-Mac/macOS-Swift/submodules/telegram-ios/submodules/CryptoUtils @ local
  LokiRng: /Users/buddhirajgautam/Documents/Cherrygram-Mac/macOS-Swift/submodules/telegram-ios/submodules/Utils/LokiRng
  Reachability: /Users/buddhirajgautam/Documents/Cherrygram-Mac/macOS-Swift/submodules/telegram-ios/submodules/Reachability @ local
  libwebp: /Users/buddhirajgautam/Documents/Cherrygram-Mac/macOS-Swift/submodules/libwebp
  TelegramVoip: /Users/buddhirajgautam/Documents/Cherrygram-Mac/macOS-Swift/submodules/telegram-ios/submodules/TelegramVoip
  StringTransliteration: /Users/buddhirajgautam/Documents/Cherrygram-Mac/macOS-Swift/submodules/telegram-ios/submodules/StringTransliteration @ local
  TGPassportMRZ: /Users/buddhirajgautam/Documents/Cherrygram-Mac/macOS-Swift/packages/TGPassportMRZ
  CurrencyFormat: /Users/buddhirajgautam/Documents/Cherrygram-Mac/macOS-Swift/packages/CurrencyFormat
  DetectSpeech: /Users/buddhirajgautam/Documents/Cherrygram-Mac/macOS-Swift/packages/DetectSpeech
  InputView: /Users/buddhirajgautam/Documents/Cherrygram-Mac/macOS-Swift/packages/InputView
  TelegramSystem: /Users/buddhirajgautam/Documents/Cherrygram-Mac/macOS-Swift/packages/TelegramSystem
  DarwinDirStat: /Users/buddhirajgautam/Documents/Cherrygram-Mac/macOS-Swift/submodules/telegram-ios/submodules/Utils/DarwinDirStat
  MurMurHash32: /Users/buddhirajgautam/Documents/Cherrygram-Mac/macOS-Swift/submodules/telegram-ios/submodules/MurMurHash32
  FetchManager: /Users/buddhirajgautam/Documents/Cherrygram-Mac/macOS-Swift/packages/FetchManager
  ColorPalette: /Users/buddhirajgautam/Documents/Cherrygram-Mac/macOS-Swift/packages/ColorPalette
  Localization: /Users/buddhirajgautam/Documents/Cherrygram-Mac/macOS-Swift/packages/Localization
  TelegramIconsTheme: /Users/buddhirajgautam/Documents/Cherrygram-Mac/macOS-Swift/packages/TelegramIconsTheme
  DateUtils: /Users/buddhirajgautam/Documents/Cherrygram-Mac/macOS-Swift/packages/DateUtils
  TextRecognizing: /Users/buddhirajgautam/Documents/Cherrygram-Mac/macOS-Swift/packages/TextRecognizing
  InAppVideoServices: /Users/buddhirajgautam/Documents/Cherrygram-Mac/macOS-Swift/packages/InAppVideoServices
  rnoise: /Users/buddhirajgautam/Documents/Cherrygram-Mac/macOS-Swift/submodules/telegram-ios/third-party/rnnoise
  Dock: /Users/buddhirajgautam/Documents/Cherrygram-Mac/macOS-Swift/packages/Dock
  sqlcipher: /Users/buddhirajgautam/Documents/Cherrygram-Mac/macOS-Swift/submodules/telegram-ios/submodules/sqlcipher
  MergeLists: /Users/buddhirajgautam/Documents/Cherrygram-Mac/macOS-Swift/packages/MergeLists
  OpusBinding: /Users/buddhirajgautam/Documents/Cherrygram-Mac/macOS-Swift/submodules/telegram-ios/submodules/OpusBinding
  PrivateCallScreen: /Users/buddhirajgautam/Documents/Cherrygram-Mac/macOS-Swift/packages/PrivateCallScreen
  ThemeSettings: /Users/buddhirajgautam/Documents/Cherrygram-Mac/macOS-Swift/packages/ThemeSettings
  RingBuffer: /Users/buddhirajgautam/Documents/Cherrygram-Mac/macOS-Swift/packages/RingBuffer
  Reactions: /Users/buddhirajgautam/Documents/Cherrygram-Mac/macOS-Swift/packages/Reactions
  CallVideoLayer: /Users/buddhirajgautam/Documents/Cherrygram-Mac/macOS-Swift/packages/CallVideoLayer
  BuildConfig: /Users/buddhirajgautam/Documents/Cherrygram-Mac/macOS-Swift/submodules/BuildConfig
  TdBinding: /Users/buddhirajgautam/Documents/Cherrygram-Mac/macOS-Swift/submodules/telegram-ios/third-party/td/TdBinding
  EDSunriseSet: /Users/buddhirajgautam/Documents/Cherrygram-Mac/macOS-Swift/packages/EDSunriseSet
  LegacyReachability: /Users/buddhirajgautam/Documents/Cherrygram-Mac/macOS-Swift/submodules/telegram-ios/submodules/Reachability/LegacyReachability @ local
  ManagedFile: /Users/buddhirajgautam/Documents/Cherrygram-Mac/macOS-Swift/submodules/telegram-ios/submodules/ManagedFile
  Firebase: https://github.com/firebase/firebase-ios-sdk @ 10.3.0
  minizip: /Users/buddhirajgautam/Documents/Cherrygram-Mac/macOS-Swift/submodules/minizip
  nanopb: https://github.com/firebase/nanopb.git @ 2.30909.0
  CrashHandler: /Users/buddhirajgautam/Documents/Cherrygram-Mac/macOS-Swift/packages/CrashHandler
  Crc32: /Users/buddhirajgautam/Documents/Cherrygram-Mac/macOS-Swift/submodules/telegram-ios/submodules/Crc32 @ local
  YuvConversion: /Users/buddhirajgautam/Documents/Cherrygram-Mac/macOS-Swift/submodules/telegram-ios/submodules/YuvConversion

ComputePackagePrebuildTargetDependencyGraph

Prepare packages

CreateBuildRequest

SendProjectDescription

CreateBuildOperation

ComputeTargetDependencyGraph
note: Building targets in dependency order
note: Target dependency graph (228 targets)
    Target 'Telegram' in project 'Telegram'
        ➜ Explicit dependency on target 'TelegramShare' in project 'Telegram'
        ➜ Implicit dependency on target 'Sparkle' in project 'Sparkle' via file 'Sparkle.framework' in build phase 'Copy Files'
        ➜ Implicit dependency on target 'CodeSyntax' in project 'CodeSyntax' via file 'CodeSyntax.framework' in build phase 'Link Binary'
        ➜ Implicit dependency on target 'RLottie' in project 'RLottie_Xcode' via file 'RLottie.framework' in build phase 'Link Binary'
        ➜ Explicit dependency on target 'PrivateCallScreen-product' in project 'PrivateCallScreen'
        ➜ Explicit dependency on target 'FoundationUtils-product' in project 'FoundationUtils'
        ➜ Explicit dependency on target 'HotKey-product' in project 'HotKey'
        ➜ Explicit dependency on target 'InputView-product' in project 'InputView'
        ➜ Explicit dependency on target 'TelegramMediaPlayer-product' in project 'TelegramMediaPlayer'
        ➜ Explicit dependency on target 'Postbox-product' in project 'Postbox'
        ➜ Explicit dependency on target 'TelegramApi-product' in project 'TelegramApi'
        ➜ Explicit dependency on target 'Zip-product' in project 'Zip'
        ➜ Explicit dependency on target 'ThemeSettings-product' in project 'ThemeSettings'
        ➜ Explicit dependency on target 'libphonenumber-product' in project 'libphonenumber'
        ➜ Explicit dependency on target 'MergeLists-product' in project 'MergeLists'
        ➜ Explicit dependency on target 'CallVideoLayer-product' in project 'CallVideoLayer'
        ➜ Explicit dependency on target 'MetalEngine-product' in project 'MetalEngine'
        ➜ Explicit dependency on target 'MurMurHash32-product' in project 'MurMurHash32'
        ➜ Explicit dependency on target 'Stripe-product' in project 'Stripe'
        ➜ Explicit dependency on target 'FetchManager-product' in project 'FetchManager'
        ➜ Explicit dependency on target 'SwiftSignalKit-product' in project 'SSignalKit'
        ➜ Explicit dependency on target 'FastBlur-product' in project 'FastBlur'
        ➜ Explicit dependency on target 'TGCurrencyFormatter-product' in project 'TGCurrencyFormatter'
        ➜ Explicit dependency on target 'ColorPalette-product' in project 'ColorPalette'
        ➜ Explicit dependency on target 'FFMpegBinding-product' in project 'FFMpegBinding'
        ➜ Explicit dependency on target 'TelegramSystem-product' in project 'TelegramSystem'
        ➜ Explicit dependency on target 'TgVoipWebrtc-product' in project 'TgVoipWebrtc'
        ➜ Explicit dependency on target 'CurrencyFormat-product' in project 'CurrencyFormat'
        ➜ Explicit dependency on target 'GraphUI-product' in project 'GraphUI'
        ➜ Explicit dependency on target 'rnoise-product' in project 'rnoise'
        ➜ Explicit dependency on target 'YuvConversion-product' in project 'YuvConversion'
        ➜ Explicit dependency on target 'TelegramCore-product' in project 'TelegramCore'
        ➜ Explicit dependency on target 'DateUtils-product' in project 'DateUtils'
        ➜ Explicit dependency on target 'ManagedFile-product' in project 'ManagedFile'
        ➜ Explicit dependency on target 'TGUIKit-product' in project 'TGUIKit'
        ➜ Explicit dependency on target 'Localization-product' in project 'Localization'
        ➜ Explicit dependency on target 'TGModernGrowingTextView-product' in project 'TGModernGrowingTextView'
        ➜ Explicit dependency on target 'RangeSet-product' in project 'RangeSet'
        ➜ Explicit dependency on target 'ApiCredentials-product' in project 'ApiCredentials'
        ➜ Explicit dependency on target 'InAppPurchaseManager-product' in project 'InAppPurchaseManager'
        ➜ Explicit dependency on target 'HackUtils-product' in project 'HackUtils'
        ➜ Explicit dependency on target 'InAppVideoServices-product' in project 'InAppVideoServices'
        ➜ Explicit dependency on target 'ShelfPack-product' in project 'ShelfPack'
        ➜ Explicit dependency on target 'Translate-product' in project 'Translate'
        ➜ Explicit dependency on target 'Mozjpeg-product' in project 'Mozjpeg'
        ➜ Explicit dependency on target 'GraphCore-product' in project 'GraphCore'
        ➜ Explicit dependency on target 'TelegramVoip-product' in project 'TelegramVoip'
        ➜ Explicit dependency on target 'Dock-product' in project 'Dock'
        ➜ Explicit dependency on target 'KeyboardKey-product' in project 'KeyboardKey'
        ➜ Explicit dependency on target 'CrashHandler-product' in project 'CrashHandler'
        ➜ Explicit dependency on target 'TelegramIconsTheme-product' in project 'TelegramIconsTheme'
        ➜ Explicit dependency on target 'TdBinding-product' in project 'TdBinding'
        ➜ Explicit dependency on target 'LokiRng-product' in project 'LokiRng'
        ➜ Explicit dependency on target 'BuildConfig-product' in project 'BuildConfig'
        ➜ Explicit dependency on target 'OpenSSLEncryption-product' in project 'OpenSSLEncryption'
        ➜ Explicit dependency on target 'EDSunriseSet-product' in project 'EDSunriseSet'
        ➜ Explicit dependency on target 'OCR-product' in project 'OCR'
        ➜ Explicit dependency on target 'FirebaseCrashlytics-product' in project 'Firebase'
        ➜ Explicit dependency on target 'TelegramMedia-product' in project 'TelegramMedia'
        ➜ Explicit dependency on target 'CalendarUtils-product' in project 'CalendarUtils'
        ➜ Explicit dependency on target 'Reactions-product' in project 'Reactions'
        ➜ Explicit dependency on target 'FirebaseAnalytics-product' in project 'Firebase'
        ➜ Explicit dependency on target 'Strings-product' in project 'Strings'
        ➜ Explicit dependency on target 'GZIP-product' in project 'GZIP'
        ➜ Explicit dependency on target 'MtProtoKit-product' in project 'MtProtoKit'
        ➜ Explicit dependency on target 'TextRecognizing-product' in project 'TextRecognizing'
        ➜ Explicit dependency on target 'OpusBinding-product' in project 'OpusBinding'
        ➜ Explicit dependency on target 'DustLayer-product' in project 'DustLayer'
        ➜ Explicit dependency on target 'ObjcUtils-product' in project 'ObjcUtils'
        ➜ Explicit dependency on target 'TGVideoCameraMovie-product' in project 'TGVideoCameraMovie'
        ➜ Explicit dependency on target 'TGGifConverter-product' in project 'TGGifConverter'
        ➜ Explicit dependency on target 'RingBuffer-product' in project 'RingBuffer'
        ➜ Explicit dependency on target 'TGPassportMRZ-product' in project 'TGPassportMRZ'
        ➜ Explicit dependency on target 'libwebp-product' in project 'libwebp'
        ➜ Explicit dependency on target 'DetectSpeech-product' in project 'DetectSpeech'
        ➜ Explicit dependency on target 'Colors-product' in project 'Colors'
        ➜ Explicit dependency on target 'EmojiSuggestions-product' in project 'EmojiSuggestions'
        ➜ Explicit dependency on target 'InAppSettings-product' in project 'InAppSettings'
        ➜ Explicit dependency on target 'Svg-product' in project 'Svg'
    Target 'EmojiSuggestions-product' in project 'EmojiSuggestions'
        ➜ Explicit dependency on target 'EmojiSuggestions' in project 'EmojiSuggestions'
    Target 'EmojiSuggestions' in project 'EmojiSuggestions' (no dependencies)
    Target 'DetectSpeech-product' in project 'DetectSpeech'
        ➜ Explicit dependency on target 'DetectSpeech' in project 'DetectSpeech'
    Target 'DetectSpeech' in project 'DetectSpeech' (no dependencies)
    Target 'TGPassportMRZ-product' in project 'TGPassportMRZ'
        ➜ Explicit dependency on target 'TGPassportMRZ' in project 'TGPassportMRZ'
    Target 'TGPassportMRZ' in project 'TGPassportMRZ' (no dependencies)
    Target 'TGGifConverter-product' in project 'TGGifConverter'
        ➜ Explicit dependency on target 'TGGifConverter' in project 'TGGifConverter'
    Target 'TGGifConverter' in project 'TGGifConverter' (no dependencies)
    Target 'TGVideoCameraMovie-product' in project 'TGVideoCameraMovie'
        ➜ Explicit dependency on target 'TGVideoCameraMovie' in project 'TGVideoCameraMovie'
    Target 'TGVideoCameraMovie' in project 'TGVideoCameraMovie' (no dependencies)
    Target 'DustLayer-product' in project 'DustLayer'
        ➜ Explicit dependency on target 'DustLayer' in project 'DustLayer'
        ➜ Explicit dependency on target 'DustLayer_DustLayer' in project 'DustLayer'
        ➜ Explicit dependency on target 'SwiftSignalKit-product' in project 'SSignalKit'
        ➜ Explicit dependency on target 'MetalEngine-product' in project 'MetalEngine'
        ➜ Explicit dependency on target 'TGUIKit-product' in project 'TGUIKit'
    Target 'DustLayer' in project 'DustLayer'
        ➜ Explicit dependency on target 'DustLayer_DustLayer' in project 'DustLayer'
        ➜ Explicit dependency on target 'SwiftSignalKit-product' in project 'SSignalKit'
        ➜ Explicit dependency on target 'MetalEngine-product' in project 'MetalEngine'
        ➜ Explicit dependency on target 'TGUIKit-product' in project 'TGUIKit'
    Target 'DustLayer_DustLayer' in project 'DustLayer' (no dependencies)
    Target 'TextRecognizing-product' in project 'TextRecognizing'
        ➜ Explicit dependency on target 'TextRecognizing' in project 'TextRecognizing'
        ➜ Explicit dependency on target 'SwiftSignalKit-product' in project 'SSignalKit'
        ➜ Explicit dependency on target 'Translate-product' in project 'Translate'
        ➜ Explicit dependency on target 'TGUIKit-product' in project 'TGUIKit'
        ➜ Explicit dependency on target 'TelegramCore-product' in project 'TelegramCore'
        ➜ Explicit dependency on target 'Postbox-product' in project 'Postbox'
    Target 'TextRecognizing' in project 'TextRecognizing'
        ➜ Explicit dependency on target 'SwiftSignalKit-product' in project 'SSignalKit'
        ➜ Explicit dependency on target 'Translate-product' in project 'Translate'
        ➜ Explicit dependency on target 'TGUIKit-product' in project 'TGUIKit'
        ➜ Explicit dependency on target 'TelegramCore-product' in project 'TelegramCore'
        ➜ Explicit dependency on target 'Postbox-product' in project 'Postbox'
    Target 'FirebaseAnalytics-product' in project 'Firebase'
        ➜ Explicit dependency on target 'FirebaseAnalyticsTarget' in project 'Firebase'
        ➜ Explicit dependency on target 'Firebase' in project 'Firebase'
        ➜ Explicit dependency on target 'FirebaseCoreInternal' in project 'Firebase'
        ➜ Explicit dependency on target 'FirebaseCore' in project 'Firebase'
        ➜ Explicit dependency on target 'FirebaseInstallations' in project 'Firebase'
        ➜ Explicit dependency on target 'FirebaseAnalyticsWrapper' in project 'Firebase'
        ➜ Explicit dependency on target 'GULNSData-product' in project 'GoogleUtilities'
        ➜ Explicit dependency on target 'GULEnvironment-product' in project 'GoogleUtilities'
        ➜ Explicit dependency on target 'GULLogger-product' in project 'GoogleUtilities'
        ➜ Explicit dependency on target 'FBLPromises-product' in project 'Promises'
        ➜ Explicit dependency on target 'GULUserDefaults-product' in project 'GoogleUtilities'
        ➜ Explicit dependency on target 'GoogleAppMeasurement-product' in project 'GoogleAppMeasurement'
        ➜ Explicit dependency on target 'GULAppDelegateSwizzler-product' in project 'GoogleUtilities'
        ➜ Explicit dependency on target 'GULMethodSwizzler-product' in project 'GoogleUtilities'
        ➜ Explicit dependency on target 'GULNetwork-product' in project 'GoogleUtilities'
        ➜ Explicit dependency on target 'nanopb-product' in project 'nanopb'
    Target 'FirebaseAnalyticsTarget' in project 'Firebase'
        ➜ Explicit dependency on target 'Firebase' in project 'Firebase'
        ➜ Explicit dependency on target 'FirebaseCoreInternal' in project 'Firebase'
        ➜ Explicit dependency on target 'FirebaseCore' in project 'Firebase'
        ➜ Explicit dependency on target 'FirebaseInstallations' in project 'Firebase'
        ➜ Explicit dependency on target 'FirebaseAnalyticsWrapper' in project 'Firebase'
        ➜ Explicit dependency on target 'GULNSData-product' in project 'GoogleUtilities'
        ➜ Explicit dependency on target 'GULEnvironment-product' in project 'GoogleUtilities'
        ➜ Explicit dependency on target 'GULLogger-product' in project 'GoogleUtilities'
        ➜ Explicit dependency on target 'FBLPromises-product' in project 'Promises'
        ➜ Explicit dependency on target 'GULUserDefaults-product' in project 'GoogleUtilities'
        ➜ Explicit dependency on target 'GoogleAppMeasurement-product' in project 'GoogleAppMeasurement'
        ➜ Explicit dependency on target 'GULAppDelegateSwizzler-product' in project 'GoogleUtilities'
        ➜ Explicit dependency on target 'GULMethodSwizzler-product' in project 'GoogleUtilities'
        ➜ Explicit dependency on target 'GULNetwork-product' in project 'GoogleUtilities'
        ➜ Explicit dependency on target 'nanopb-product' in project 'nanopb'
    Target 'FirebaseAnalyticsWrapper' in project 'Firebase'
        ➜ Explicit dependency on target 'Firebase' in project 'Firebase'
        ➜ Explicit dependency on target 'FirebaseCoreInternal' in project 'Firebase'
        ➜ Explicit dependency on target 'FirebaseCore' in project 'Firebase'
        ➜ Explicit dependency on target 'FirebaseInstallations' in project 'Firebase'
        ➜ Explicit dependency on target 'GULNSData-product' in project 'GoogleUtilities'
        ➜ Explicit dependency on target 'GULEnvironment-product' in project 'GoogleUtilities'
        ➜ Explicit dependency on target 'GULLogger-product' in project 'GoogleUtilities'
        ➜ Explicit dependency on target 'FBLPromises-product' in project 'Promises'
        ➜ Explicit dependency on target 'GULUserDefaults-product' in project 'GoogleUtilities'
        ➜ Explicit dependency on target 'GoogleAppMeasurement-product' in project 'GoogleAppMeasurement'
        ➜ Explicit dependency on target 'GULAppDelegateSwizzler-product' in project 'GoogleUtilities'
        ➜ Explicit dependency on target 'GULMethodSwizzler-product' in project 'GoogleUtilities'
        ➜ Explicit dependency on target 'GULNetwork-product' in project 'GoogleUtilities'
        ➜ Explicit dependency on target 'nanopb-product' in project 'nanopb'
    Target 'GoogleAppMeasurement-product' in project 'GoogleAppMeasurement'
        ➜ Explicit dependency on target 'GoogleAppMeasurementTarget' in project 'GoogleAppMeasurement'
        ➜ Explicit dependency on target 'GULAppDelegateSwizzler-product' in project 'GoogleUtilities'
        ➜ Explicit dependency on target 'GULMethodSwizzler-product' in project 'GoogleUtilities'
        ➜ Explicit dependency on target 'GULNSData-product' in project 'GoogleUtilities'
        ➜ Explicit dependency on target 'GULNetwork-product' in project 'GoogleUtilities'
        ➜ Explicit dependency on target 'nanopb-product' in project 'nanopb'
    Target 'GoogleAppMeasurementTarget' in project 'GoogleAppMeasurement'
        ➜ Explicit dependency on target 'GULAppDelegateSwizzler-product' in project 'GoogleUtilities'
        ➜ Explicit dependency on target 'GULMethodSwizzler-product' in project 'GoogleUtilities'
        ➜ Explicit dependency on target 'GULNSData-product' in project 'GoogleUtilities'
        ➜ Explicit dependency on target 'GULNetwork-product' in project 'GoogleUtilities'
        ➜ Explicit dependency on target 'nanopb-product' in project 'nanopb'
    Target 'GULNetwork-product' in project 'GoogleUtilities'
        ➜ Explicit dependency on target 'GoogleUtilities-Network' in project 'GoogleUtilities'
        ➜ Explicit dependency on target 'GoogleUtilities_GoogleUtilities-Network' in project 'GoogleUtilities'
        ➜ Explicit dependency on target 'third-party-IsAppEncrypted' in project 'GoogleUtilities'
        ➜ Explicit dependency on target 'GoogleUtilities-Environment' in project 'GoogleUtilities'
        ➜ Explicit dependency on target 'GoogleUtilities-Logger' in project 'GoogleUtilities'
        ➜ Explicit dependency on target 'GoogleUtilities-NSData' in project 'GoogleUtilities'
        ➜ Explicit dependency on target 'GoogleUtilities-Reachability' in project 'GoogleUtilities'
        ➜ Explicit dependency on target 'FBLPromises-product' in project 'Promises'
    Target 'GULMethodSwizzler-product' in project 'GoogleUtilities'
        ➜ Explicit dependency on target 'GoogleUtilities-MethodSwizzler' in project 'GoogleUtilities'
        ➜ Explicit dependency on target 'GoogleUtilities_GoogleUtilities-MethodSwizzler' in project 'GoogleUtilities'
        ➜ Explicit dependency on target 'third-party-IsAppEncrypted' in project 'GoogleUtilities'
        ➜ Explicit dependency on target 'GoogleUtilities-Environment' in project 'GoogleUtilities'
        ➜ Explicit dependency on target 'GoogleUtilities-Logger' in project 'GoogleUtilities'
        ➜ Explicit dependency on target 'FBLPromises-product' in project 'Promises'
    Target 'GoogleUtilities-MethodSwizzler' in project 'GoogleUtilities'
        ➜ Explicit dependency on target 'GoogleUtilities_GoogleUtilities-MethodSwizzler' in project 'GoogleUtilities'
        ➜ Explicit dependency on target 'third-party-IsAppEncrypted' in project 'GoogleUtilities'
        ➜ Explicit dependency on target 'GoogleUtilities-Environment' in project 'GoogleUtilities'
        ➜ Explicit dependency on target 'GoogleUtilities-Logger' in project 'GoogleUtilities'
        ➜ Explicit dependency on target 'FBLPromises-product' in project 'Promises'
    Target 'GoogleUtilities_GoogleUtilities-MethodSwizzler' in project 'GoogleUtilities' (no dependencies)
    Target 'GULAppDelegateSwizzler-product' in project 'GoogleUtilities'
        ➜ Explicit dependency on target 'GoogleUtilities-AppDelegateSwizzler' in project 'GoogleUtilities'
        ➜ Explicit dependency on target 'GoogleUtilities_GoogleUtilities-AppDelegateSwizzler' in project 'GoogleUtilities'
        ➜ Explicit dependency on target 'third-party-IsAppEncrypted' in project 'GoogleUtilities'
        ➜ Explicit dependency on target 'GoogleUtilities-Environment' in project 'GoogleUtilities'
        ➜ Explicit dependency on target 'GoogleUtilities-Logger' in project 'GoogleUtilities'
        ➜ Explicit dependency on target 'GoogleUtilities-NSData' in project 'GoogleUtilities'
        ➜ Explicit dependency on target 'GoogleUtilities-Reachability' in project 'GoogleUtilities'
        ➜ Explicit dependency on target 'GoogleUtilities-Network' in project 'GoogleUtilities'
        ➜ Explicit dependency on target 'FBLPromises-product' in project 'Promises'
    Target 'GoogleUtilities-AppDelegateSwizzler' in project 'GoogleUtilities'
        ➜ Explicit dependency on target 'GoogleUtilities_GoogleUtilities-AppDelegateSwizzler' in project 'GoogleUtilities'
        ➜ Explicit dependency on target 'third-party-IsAppEncrypted' in project 'GoogleUtilities'
        ➜ Explicit dependency on target 'GoogleUtilities-Environment' in project 'GoogleUtilities'
        ➜ Explicit dependency on target 'GoogleUtilities-Logger' in project 'GoogleUtilities'
        ➜ Explicit dependency on target 'GoogleUtilities-NSData' in project 'GoogleUtilities'
        ➜ Explicit dependency on target 'GoogleUtilities-Reachability' in project 'GoogleUtilities'
        ➜ Explicit dependency on target 'GoogleUtilities-Network' in project 'GoogleUtilities'
        ➜ Explicit dependency on target 'FBLPromises-product' in project 'Promises'
    Target 'GoogleUtilities-Network' in project 'GoogleUtilities'
        ➜ Explicit dependency on target 'GoogleUtilities_GoogleUtilities-Network' in project 'GoogleUtilities'
        ➜ Explicit dependency on target 'third-party-IsAppEncrypted' in project 'GoogleUtilities'
        ➜ Explicit dependency on target 'GoogleUtilities-Environment' in project 'GoogleUtilities'
        ➜ Explicit dependency on target 'GoogleUtilities-Logger' in project 'GoogleUtilities'
        ➜ Explicit dependency on target 'GoogleUtilities-NSData' in project 'GoogleUtilities'
        ➜ Explicit dependency on target 'GoogleUtilities-Reachability' in project 'GoogleUtilities'
        ➜ Explicit dependency on target 'FBLPromises-product' in project 'Promises'
    Target 'GoogleUtilities_GoogleUtilities-Network' in project 'GoogleUtilities' (no dependencies)
    Target 'GoogleUtilities-Reachability' in project 'GoogleUtilities'
        ➜ Explicit dependency on target 'GoogleUtilities_GoogleUtilities-Reachability' in project 'GoogleUtilities'
        ➜ Explicit dependency on target 'third-party-IsAppEncrypted' in project 'GoogleUtilities'
        ➜ Explicit dependency on target 'GoogleUtilities-Environment' in project 'GoogleUtilities'
        ➜ Explicit dependency on target 'GoogleUtilities-Logger' in project 'GoogleUtilities'
        ➜ Explicit dependency on target 'FBLPromises-product' in project 'Promises'
    Target 'GoogleUtilities_GoogleUtilities-Reachability' in project 'GoogleUtilities' (no dependencies)
    Target 'GoogleUtilities_GoogleUtilities-AppDelegateSwizzler' in project 'GoogleUtilities' (no dependencies)
    Target 'Reactions-product' in project 'Reactions'
        ➜ Explicit dependency on target 'Reactions' in project 'Reactions'
        ➜ Explicit dependency on target 'Postbox-product' in project 'Postbox'
        ➜ Explicit dependency on target 'SwiftSignalKit-product' in project 'SSignalKit'
        ➜ Explicit dependency on target 'TelegramCore-product' in project 'TelegramCore'
        ➜ Explicit dependency on target 'InAppSettings-product' in project 'InAppSettings'
    Target 'Reactions' in project 'Reactions'
        ➜ Explicit dependency on target 'Postbox-product' in project 'Postbox'
        ➜ Explicit dependency on target 'SwiftSignalKit-product' in project 'SSignalKit'
        ➜ Explicit dependency on target 'TelegramCore-product' in project 'TelegramCore'
        ➜ Explicit dependency on target 'InAppSettings-product' in project 'InAppSettings'
    Target 'FirebaseCrashlytics-product' in project 'Firebase'
        ➜ Explicit dependency on target 'FirebaseCrashlytics' in project 'Firebase'
        ➜ Explicit dependency on target 'Firebase' in project 'Firebase'
        ➜ Explicit dependency on target 'FirebaseCoreInternal' in project 'Firebase'
        ➜ Explicit dependency on target 'FirebaseCore' in project 'Firebase'
        ➜ Explicit dependency on target 'FirebaseInstallations' in project 'Firebase'
        ➜ Explicit dependency on target 'GULNSData-product' in project 'GoogleUtilities'
        ➜ Explicit dependency on target 'GULEnvironment-product' in project 'GoogleUtilities'
        ➜ Explicit dependency on target 'GULLogger-product' in project 'GoogleUtilities'
        ➜ Explicit dependency on target 'FBLPromises-product' in project 'Promises'
        ➜ Explicit dependency on target 'GULUserDefaults-product' in project 'GoogleUtilities'
        ➜ Explicit dependency on target 'GoogleDataTransport-product' in project 'GoogleDataTransport'
        ➜ Explicit dependency on target 'nanopb-product' in project 'nanopb'
    Target 'FirebaseCrashlytics' in project 'Firebase'
        ➜ Explicit dependency on target 'Firebase' in project 'Firebase'
        ➜ Explicit dependency on target 'FirebaseCoreInternal' in project 'Firebase'
        ➜ Explicit dependency on target 'FirebaseCore' in project 'Firebase'
        ➜ Explicit dependency on target 'FirebaseInstallations' in project 'Firebase'
        ➜ Explicit dependency on target 'GULNSData-product' in project 'GoogleUtilities'
        ➜ Explicit dependency on target 'GULEnvironment-product' in project 'GoogleUtilities'
        ➜ Explicit dependency on target 'GULLogger-product' in project 'GoogleUtilities'
        ➜ Explicit dependency on target 'FBLPromises-product' in project 'Promises'
        ➜ Explicit dependency on target 'GULUserDefaults-product' in project 'GoogleUtilities'
        ➜ Explicit dependency on target 'GoogleDataTransport-product' in project 'GoogleDataTransport'
        ➜ Explicit dependency on target 'nanopb-product' in project 'nanopb'
    Target 'GoogleDataTransport-product' in project 'GoogleDataTransport'
        ➜ Explicit dependency on target 'GoogleDataTransport' in project 'GoogleDataTransport'
        ➜ Explicit dependency on target 'GoogleDataTransport_GoogleDataTransport' in project 'GoogleDataTransport'
        ➜ Explicit dependency on target 'nanopb-product' in project 'nanopb'
        ➜ Explicit dependency on target 'FBLPromises-product' in project 'Promises'
        ➜ Explicit dependency on target 'GULEnvironment-product' in project 'GoogleUtilities'
    Target 'GoogleDataTransport' in project 'GoogleDataTransport'
        ➜ Explicit dependency on target 'GoogleDataTransport_GoogleDataTransport' in project 'GoogleDataTransport'
        ➜ Explicit dependency on target 'nanopb-product' in project 'nanopb'
        ➜ Explicit dependency on target 'FBLPromises-product' in project 'Promises'
        ➜ Explicit dependency on target 'GULEnvironment-product' in project 'GoogleUtilities'
    Target 'nanopb-product' in project 'nanopb'
        ➜ Explicit dependency on target 'nanopb' in project 'nanopb'
    Target 'nanopb' in project 'nanopb' (no dependencies)
    Target 'GoogleDataTransport_GoogleDataTransport' in project 'GoogleDataTransport' (no dependencies)
    Target 'FirebaseInstallations' in project 'Firebase'
        ➜ Explicit dependency on target 'Firebase' in project 'Firebase'
        ➜ Explicit dependency on target 'FirebaseCoreInternal' in project 'Firebase'
        ➜ Explicit dependency on target 'FirebaseCore' in project 'Firebase'
        ➜ Explicit dependency on target 'GULNSData-product' in project 'GoogleUtilities'
        ➜ Explicit dependency on target 'GULEnvironment-product' in project 'GoogleUtilities'
        ➜ Explicit dependency on target 'GULLogger-product' in project 'GoogleUtilities'
        ➜ Explicit dependency on target 'FBLPromises-product' in project 'Promises'
        ➜ Explicit dependency on target 'GULUserDefaults-product' in project 'GoogleUtilities'
    Target 'GULUserDefaults-product' in project 'GoogleUtilities'
        ➜ Explicit dependency on target 'GoogleUtilities-UserDefaults' in project 'GoogleUtilities'
        ➜ Explicit dependency on target 'GoogleUtilities_GoogleUtilities-UserDefaults' in project 'GoogleUtilities'
        ➜ Explicit dependency on target 'third-party-IsAppEncrypted' in project 'GoogleUtilities'
        ➜ Explicit dependency on target 'GoogleUtilities-Environment' in project 'GoogleUtilities'
        ➜ Explicit dependency on target 'GoogleUtilities-Logger' in project 'GoogleUtilities'
        ➜ Explicit dependency on target 'FBLPromises-product' in project 'Promises'
    Target 'GoogleUtilities-UserDefaults' in project 'GoogleUtilities'
        ➜ Explicit dependency on target 'GoogleUtilities_GoogleUtilities-UserDefaults' in project 'GoogleUtilities'
        ➜ Explicit dependency on target 'third-party-IsAppEncrypted' in project 'GoogleUtilities'
        ➜ Explicit dependency on target 'GoogleUtilities-Environment' in project 'GoogleUtilities'
        ➜ Explicit dependency on target 'GoogleUtilities-Logger' in project 'GoogleUtilities'
        ➜ Explicit dependency on target 'FBLPromises-product' in project 'Promises'
    Target 'GoogleUtilities_GoogleUtilities-UserDefaults' in project 'GoogleUtilities' (no dependencies)
    Target 'FirebaseCore' in project 'Firebase'
        ➜ Explicit dependency on target 'Firebase' in project 'Firebase'
        ➜ Explicit dependency on target 'FirebaseCoreInternal' in project 'Firebase'
        ➜ Explicit dependency on target 'GULNSData-product' in project 'GoogleUtilities'
        ➜ Explicit dependency on target 'GULEnvironment-product' in project 'GoogleUtilities'
        ➜ Explicit dependency on target 'GULLogger-product' in project 'GoogleUtilities'
    Target 'GULLogger-product' in project 'GoogleUtilities'
        ➜ Explicit dependency on target 'GoogleUtilities-Logger' in project 'GoogleUtilities'
        ➜ Explicit dependency on target 'GoogleUtilities_GoogleUtilities-Logger' in project 'GoogleUtilities'
        ➜ Explicit dependency on target 'third-party-IsAppEncrypted' in project 'GoogleUtilities'
        ➜ Explicit dependency on target 'GoogleUtilities-Environment' in project 'GoogleUtilities'
        ➜ Explicit dependency on target 'FBLPromises-product' in project 'Promises'
    Target 'GoogleUtilities-Logger' in project 'GoogleUtilities'
        ➜ Explicit dependency on target 'GoogleUtilities_GoogleUtilities-Logger' in project 'GoogleUtilities'
        ➜ Explicit dependency on target 'third-party-IsAppEncrypted' in project 'GoogleUtilities'
        ➜ Explicit dependency on target 'GoogleUtilities-Environment' in project 'GoogleUtilities'
        ➜ Explicit dependency on target 'FBLPromises-product' in project 'Promises'
    Target 'GoogleUtilities_GoogleUtilities-Logger' in project 'GoogleUtilities' (no dependencies)
    Target 'GULEnvironment-product' in project 'GoogleUtilities'
        ➜ Explicit dependency on target 'GoogleUtilities-Environment' in project 'GoogleUtilities'
        ➜ Explicit dependency on target 'GoogleUtilities_GoogleUtilities-Environment' in project 'GoogleUtilities'
        ➜ Explicit dependency on target 'third-party-IsAppEncrypted' in project 'GoogleUtilities'
        ➜ Explicit dependency on target 'FBLPromises-product' in project 'Promises'
    Target 'GoogleUtilities-Environment' in project 'GoogleUtilities'
        ➜ Explicit dependency on target 'GoogleUtilities_GoogleUtilities-Environment' in project 'GoogleUtilities'
        ➜ Explicit dependency on target 'third-party-IsAppEncrypted' in project 'GoogleUtilities'
        ➜ Explicit dependency on target 'FBLPromises-product' in project 'Promises'
    Target 'FBLPromises-product' in project 'Promises'
        ➜ Explicit dependency on target 'FBLPromises' in project 'Promises'
        ➜ Explicit dependency on target 'Promises_FBLPromises' in project 'Promises'
    Target 'FBLPromises' in project 'Promises'
        ➜ Explicit dependency on target 'Promises_FBLPromises' in project 'Promises'
    Target 'Promises_FBLPromises' in project 'Promises' (no dependencies)
    Target 'third-party-IsAppEncrypted' in project 'GoogleUtilities' (no dependencies)
    Target 'GoogleUtilities_GoogleUtilities-Environment' in project 'GoogleUtilities' (no dependencies)
    Target 'FirebaseCoreInternal' in project 'Firebase'
        ➜ Explicit dependency on target 'GULNSData-product' in project 'GoogleUtilities'
    Target 'GULNSData-product' in project 'GoogleUtilities'
        ➜ Explicit dependency on target 'GoogleUtilities-NSData' in project 'GoogleUtilities'
        ➜ Explicit dependency on target 'GoogleUtilities_GoogleUtilities-NSData' in project 'GoogleUtilities'
    Target 'GoogleUtilities-NSData' in project 'GoogleUtilities'
        ➜ Explicit dependency on target 'GoogleUtilities_GoogleUtilities-NSData' in project 'GoogleUtilities'
    Target 'GoogleUtilities_GoogleUtilities-NSData' in project 'GoogleUtilities' (no dependencies)
    Target 'Firebase' in project 'Firebase' (no dependencies)
    Target 'OCR-product' in project 'OCR'
        ➜ Explicit dependency on target 'OCR' in project 'OCR'
    Target 'OCR' in project 'OCR' (no dependencies)
    Target 'EDSunriseSet-product' in project 'EDSunriseSet'
        ➜ Explicit dependency on target 'EDSunriseSet' in project 'EDSunriseSet'
    Target 'EDSunriseSet' in project 'EDSunriseSet' (no dependencies)
    Target 'LokiRng-product' in project 'LokiRng'
        ➜ Explicit dependency on target 'LokiRng' in project 'LokiRng'
    Target 'LokiRng' in project 'LokiRng' (no dependencies)
    Target 'TdBinding-product' in project 'TdBinding'
        ➜ Explicit dependency on target 'TdBinding' in project 'TdBinding'
    Target 'TdBinding' in project 'TdBinding' (no dependencies)
    Target 'CrashHandler-product' in project 'CrashHandler'
        ➜ Explicit dependency on target 'CrashHandler' in project 'CrashHandler'
    Target 'CrashHandler' in project 'CrashHandler' (no dependencies)
    Target 'Dock-product' in project 'Dock'
        ➜ Explicit dependency on target 'Dock' in project 'Dock'
        ➜ Explicit dependency on target 'SwiftSignalKit-product' in project 'SSignalKit'
        ➜ Explicit dependency on target 'TGUIKit-product' in project 'TGUIKit'
        ➜ Explicit dependency on target 'ObjcUtils-product' in project 'ObjcUtils'
    Target 'Dock' in project 'Dock'
        ➜ Explicit dependency on target 'SwiftSignalKit-product' in project 'SSignalKit'
        ➜ Explicit dependency on target 'TGUIKit-product' in project 'TGUIKit'
        ➜ Explicit dependency on target 'ObjcUtils-product' in project 'ObjcUtils'
    Target 'Translate-product' in project 'Translate'
        ➜ Explicit dependency on target 'Translate' in project 'Translate'
        ➜ Explicit dependency on target 'SwiftSignalKit-product' in project 'SSignalKit'
    Target 'Translate' in project 'Translate'
        ➜ Explicit dependency on target 'SwiftSignalKit-product' in project 'SSignalKit'
    Target 'InAppVideoServices-product' in project 'InAppVideoServices'
        ➜ Explicit dependency on target 'InAppVideoServices' in project 'InAppVideoServices'
    Target 'InAppVideoServices' in project 'InAppVideoServices' (no dependencies)
    Target 'HackUtils-product' in project 'HackUtils'
        ➜ Explicit dependency on target 'HackUtils' in project 'HackUtils'
    Target 'HackUtils' in project 'HackUtils' (no dependencies)
    Target 'InAppPurchaseManager-product' in project 'InAppPurchaseManager'
        ➜ Explicit dependency on target 'InAppPurchaseManager' in project 'InAppPurchaseManager'
        ➜ Explicit dependency on target 'CurrencyFormat-product' in project 'CurrencyFormat'
        ➜ Explicit dependency on target 'SwiftSignalKit-product' in project 'SSignalKit'
        ➜ Explicit dependency on target 'TelegramCore-product' in project 'TelegramCore'
        ➜ Explicit dependency on target 'Postbox-product' in project 'Postbox'
        ➜ Explicit dependency on target 'TGUIKit-product' in project 'TGUIKit'
        ➜ Explicit dependency on target 'InAppSettings-product' in project 'InAppSettings'
    Target 'InAppPurchaseManager' in project 'InAppPurchaseManager'
        ➜ Explicit dependency on target 'CurrencyFormat-product' in project 'CurrencyFormat'
        ➜ Explicit dependency on target 'SwiftSignalKit-product' in project 'SSignalKit'
        ➜ Explicit dependency on target 'TelegramCore-product' in project 'TelegramCore'
        ➜ Explicit dependency on target 'Postbox-product' in project 'Postbox'
        ➜ Explicit dependency on target 'TGUIKit-product' in project 'TGUIKit'
        ➜ Explicit dependency on target 'InAppSettings-product' in project 'InAppSettings'
    Target 'TGModernGrowingTextView-product' in project 'TGModernGrowingTextView'
        ➜ Explicit dependency on target 'TGModernGrowingTextView' in project 'TGModernGrowingTextView'
    Target 'TGModernGrowingTextView' in project 'TGModernGrowingTextView' (no dependencies)
    Target 'rnoise-product' in project 'rnoise'
        ➜ Explicit dependency on target 'rnoise' in project 'rnoise'
    Target 'rnoise' in project 'rnoise' (no dependencies)
    Target 'GraphUI-product' in project 'GraphUI'
        ➜ Explicit dependency on target 'GraphUI' in project 'GraphUI'
        ➜ Explicit dependency on target 'TGUIKit-product' in project 'TGUIKit'
        ➜ Explicit dependency on target 'GraphCore-product' in project 'GraphCore'
        ➜ Explicit dependency on target 'SwiftSignalKit-product' in project 'SSignalKit'
    Target 'GraphUI' in project 'GraphUI'
        ➜ Explicit dependency on target 'TGUIKit-product' in project 'TGUIKit'
        ➜ Explicit dependency on target 'GraphCore-product' in project 'GraphCore'
        ➜ Explicit dependency on target 'SwiftSignalKit-product' in project 'SSignalKit'
    Target 'GraphCore-product' in project 'GraphCore'
        ➜ Explicit dependency on target 'GraphCore' in project 'GraphCore'
    Target 'GraphCore' in project 'GraphCore' (no dependencies)
    Target 'CurrencyFormat-product' in project 'CurrencyFormat'
        ➜ Explicit dependency on target 'CurrencyFormat' in project 'CurrencyFormat'
    Target 'CurrencyFormat' in project 'CurrencyFormat' (no dependencies)
    Target 'TGCurrencyFormatter-product' in project 'TGCurrencyFormatter'
        ➜ Explicit dependency on target 'TGCurrencyFormatter' in project 'TGCurrencyFormatter'
    Target 'TGCurrencyFormatter' in project 'TGCurrencyFormatter' (no dependencies)
    Target 'FetchManager-product' in project 'FetchManager'
        ➜ Explicit dependency on target 'FetchManager' in project 'FetchManager'
        ➜ Explicit dependency on target 'Postbox-product' in project 'Postbox'
        ➜ Explicit dependency on target 'SwiftSignalKit-product' in project 'SSignalKit'
        ➜ Explicit dependency on target 'TelegramCore-product' in project 'TelegramCore'
    Target 'FetchManager' in project 'FetchManager'
        ➜ Explicit dependency on target 'Postbox-product' in project 'Postbox'
        ➜ Explicit dependency on target 'SwiftSignalKit-product' in project 'SSignalKit'
        ➜ Explicit dependency on target 'TelegramCore-product' in project 'TelegramCore'
    Target 'Stripe-product' in project 'Stripe'
        ➜ Explicit dependency on target 'Stripe' in project 'Stripe'
    Target 'Stripe' in project 'Stripe' (no dependencies)
    Target 'libphonenumber-product' in project 'libphonenumber'
        ➜ Explicit dependency on target 'libphonenumber' in project 'libphonenumber'
    Target 'libphonenumber' in project 'libphonenumber' (no dependencies)
    Target 'Zip-product' in project 'Zip'
        ➜ Explicit dependency on target 'Zip' in project 'Zip'
        ➜ Explicit dependency on target 'minizip-product' in project 'minizip'
    Target 'Zip' in project 'Zip'
        ➜ Explicit dependency on target 'minizip-product' in project 'minizip'
    Target 'minizip-product' in project 'minizip'
        ➜ Explicit dependency on target 'minizip' in project 'minizip'
    Target 'minizip' in project 'minizip' (no dependencies)
    Target 'HotKey-product' in project 'HotKey'
        ➜ Explicit dependency on target 'HotKey' in project 'HotKey'
    Target 'HotKey' in project 'HotKey' (no dependencies)
    Target 'PrivateCallScreen-product' in project 'PrivateCallScreen'
        ➜ Explicit dependency on target 'PrivateCallScreen' in project 'PrivateCallScreen'
        ➜ Explicit dependency on target 'PrivateCallScreen_PrivateCallScreen' in project 'PrivateCallScreen'
        ➜ Explicit dependency on target 'SwiftSignalKit-product' in project 'SSignalKit'
        ➜ Explicit dependency on target 'MetalEngine-product' in project 'MetalEngine'
        ➜ Explicit dependency on target 'TelegramCore-product' in project 'TelegramCore'
        ➜ Explicit dependency on target 'Postbox-product' in project 'Postbox'
        ➜ Explicit dependency on target 'TGUIKit-product' in project 'TGUIKit'
        ➜ Explicit dependency on target 'TelegramMedia-product' in project 'TelegramMedia'
        ➜ Explicit dependency on target 'Localization-product' in project 'Localization'
        ➜ Explicit dependency on target 'KeyboardKey-product' in project 'KeyboardKey'
        ➜ Explicit dependency on target 'ColorPalette-product' in project 'ColorPalette'
        ➜ Explicit dependency on target 'CallVideoLayer-product' in project 'CallVideoLayer'
    Target 'PrivateCallScreen' in project 'PrivateCallScreen'
        ➜ Explicit dependency on target 'PrivateCallScreen_PrivateCallScreen' in project 'PrivateCallScreen'
        ➜ Explicit dependency on target 'SwiftSignalKit-product' in project 'SSignalKit'
        ➜ Explicit dependency on target 'MetalEngine-product' in project 'MetalEngine'
        ➜ Explicit dependency on target 'TelegramCore-product' in project 'TelegramCore'
        ➜ Explicit dependency on target 'Postbox-product' in project 'Postbox'
        ➜ Explicit dependency on target 'TGUIKit-product' in project 'TGUIKit'
        ➜ Explicit dependency on target 'TelegramMedia-product' in project 'TelegramMedia'
        ➜ Explicit dependency on target 'Localization-product' in project 'Localization'
        ➜ Explicit dependency on target 'KeyboardKey-product' in project 'KeyboardKey'
        ➜ Explicit dependency on target 'ColorPalette-product' in project 'ColorPalette'
        ➜ Explicit dependency on target 'CallVideoLayer-product' in project 'CallVideoLayer'
    Target 'TelegramMedia-product' in project 'TelegramMedia'
        ➜ Explicit dependency on target 'TelegramMedia' in project 'TelegramMedia'
        ➜ Explicit dependency on target 'SwiftSignalKit-product' in project 'SSignalKit'
        ➜ Explicit dependency on target 'ColorPalette-product' in project 'ColorPalette'
        ➜ Explicit dependency on target 'KeyboardKey-product' in project 'KeyboardKey'
        ➜ Explicit dependency on target 'TGUIKit-product' in project 'TGUIKit'
        ➜ Explicit dependency on target 'CallVideoLayer-product' in project 'CallVideoLayer'
        ➜ Explicit dependency on target 'TgVoipWebrtc-product' in project 'TgVoipWebrtc'
        ➜ Explicit dependency on target 'TelegramCore-product' in project 'TelegramCore'
        ➜ Explicit dependency on target 'GZIP-product' in project 'GZIP'
        ➜ Explicit dependency on target 'Postbox-product' in project 'Postbox'
        ➜ Explicit dependency on target 'libwebp-product' in project 'libwebp'
        ➜ Explicit dependency on target 'ApiCredentials-product' in project 'ApiCredentials'
        ➜ Explicit dependency on target 'ObjcUtils-product' in project 'ObjcUtils'
        ➜ Explicit dependency on target 'TelegramMediaPlayer-product' in project 'TelegramMediaPlayer'
        ➜ Explicit dependency on target 'OpusBinding-product' in project 'OpusBinding'
        ➜ Explicit dependency on target 'TelegramVoip-product' in project 'TelegramVoip'
    Target 'TelegramMedia' in project 'TelegramMedia'
        ➜ Explicit dependency on target 'SwiftSignalKit-product' in project 'SSignalKit'
        ➜ Explicit dependency on target 'ColorPalette-product' in project 'ColorPalette'
        ➜ Explicit dependency on target 'KeyboardKey-product' in project 'KeyboardKey'
        ➜ Explicit dependency on target 'TGUIKit-product' in project 'TGUIKit'
        ➜ Explicit dependency on target 'CallVideoLayer-product' in project 'CallVideoLayer'
        ➜ Explicit dependency on target 'TgVoipWebrtc-product' in project 'TgVoipWebrtc'
        ➜ Explicit dependency on target 'TelegramCore-product' in project 'TelegramCore'
        ➜ Explicit dependency on target 'GZIP-product' in project 'GZIP'
        ➜ Explicit dependency on target 'Postbox-product' in project 'Postbox'
        ➜ Explicit dependency on target 'libwebp-product' in project 'libwebp'
        ➜ Explicit dependency on target 'ApiCredentials-product' in project 'ApiCredentials'
        ➜ Explicit dependency on target 'ObjcUtils-product' in project 'ObjcUtils'
        ➜ Explicit dependency on target 'TelegramMediaPlayer-product' in project 'TelegramMediaPlayer'
        ➜ Explicit dependency on target 'OpusBinding-product' in project 'OpusBinding'
        ➜ Explicit dependency on target 'TelegramVoip-product' in project 'TelegramVoip'
    Target 'TelegramVoip-product' in project 'TelegramVoip'
        ➜ Explicit dependency on target 'TelegramVoip' in project 'TelegramVoip'
        ➜ Explicit dependency on target 'TgVoipWebrtc-product' in project 'TgVoipWebrtc'
        ➜ Explicit dependency on target 'SwiftSignalKit-product' in project 'SSignalKit'
        ➜ Explicit dependency on target 'FFMpegBinding-product' in project 'FFMpegBinding'
        ➜ Explicit dependency on target 'TelegramCore-product' in project 'TelegramCore'
    Target 'TelegramVoip' in project 'TelegramVoip'
        ➜ Explicit dependency on target 'TgVoipWebrtc-product' in project 'TgVoipWebrtc'
        ➜ Explicit dependency on target 'SwiftSignalKit-product' in project 'SSignalKit'
        ➜ Explicit dependency on target 'FFMpegBinding-product' in project 'FFMpegBinding'
        ➜ Explicit dependency on target 'TelegramCore-product' in project 'TelegramCore'
    Target 'OpusBinding-product' in project 'OpusBinding'
        ➜ Explicit dependency on target 'OpusBinding' in project 'OpusBinding'
    Target 'OpusBinding' in project 'OpusBinding' (no dependencies)
    Target 'TgVoipWebrtc-product' in project 'TgVoipWebrtc'
        ➜ Explicit dependency on target 'TgVoipWebrtc' in project 'TgVoipWebrtc'
    Target 'TgVoipWebrtc' in project 'TgVoipWebrtc' (no dependencies)
    Target 'CallVideoLayer-product' in project 'CallVideoLayer'
        ➜ Explicit dependency on target 'CallVideoLayer' in project 'CallVideoLayer'
        ➜ Explicit dependency on target 'CallVideoLayer_CallVideoLayer' in project 'CallVideoLayer'
        ➜ Explicit dependency on target 'SwiftSignalKit-product' in project 'SSignalKit'
        ➜ Explicit dependency on target 'MetalEngine-product' in project 'MetalEngine'
        ➜ Explicit dependency on target 'TGUIKit-product' in project 'TGUIKit'
    Target 'CallVideoLayer' in project 'CallVideoLayer'
        ➜ Explicit dependency on target 'CallVideoLayer_CallVideoLayer' in project 'CallVideoLayer'
        ➜ Explicit dependency on target 'SwiftSignalKit-product' in project 'SSignalKit'
        ➜ Explicit dependency on target 'MetalEngine-product' in project 'MetalEngine'
        ➜ Explicit dependency on target 'TGUIKit-product' in project 'TGUIKit'
    Target 'CallVideoLayer_CallVideoLayer' in project 'CallVideoLayer' (no dependencies)
    Target 'MetalEngine-product' in project 'MetalEngine'
        ➜ Explicit dependency on target 'MetalEngine' in project 'MetalEngine'
        ➜ Explicit dependency on target 'MetalEngine_MetalEngine' in project 'MetalEngine'
        ➜ Explicit dependency on target 'ShelfPack-product' in project 'ShelfPack'
        ➜ Explicit dependency on target 'TGUIKit-product' in project 'TGUIKit'
    Target 'MetalEngine' in project 'MetalEngine'
        ➜ Explicit dependency on target 'MetalEngine_MetalEngine' in project 'MetalEngine'
        ➜ Explicit dependency on target 'ShelfPack-product' in project 'ShelfPack'
        ➜ Explicit dependency on target 'TGUIKit-product' in project 'TGUIKit'
    Target 'MetalEngine_MetalEngine' in project 'MetalEngine' (no dependencies)
    Target 'PrivateCallScreen_PrivateCallScreen' in project 'PrivateCallScreen' (no dependencies)
    Target 'CodeSyntax' in project 'CodeSyntax' (no dependencies)
    Target 'Sparkle' in project 'Sparkle'
        ➜ Explicit dependency on target 'Autoupdate' in project 'Sparkle'
    Target 'Autoupdate' in project 'Sparkle'
        ➜ Explicit dependency on target 'fileop' in project 'Sparkle'
    Target 'fileop' in project 'Sparkle' (no dependencies)
    Target 'TelegramShare' in project 'Telegram'
        ➜ Implicit dependency on target 'RLottie' in project 'RLottie_Xcode' via file 'RLottie.framework' in build phase 'Link Binary'
        ➜ Explicit dependency on target 'TelegramSystem-product' in project 'TelegramSystem'
        ➜ Explicit dependency on target 'TelegramIconsTheme-product' in project 'TelegramIconsTheme'
        ➜ Explicit dependency on target 'InputView-product' in project 'InputView'
        ➜ Explicit dependency on target 'TelegramMediaPlayer-product' in project 'TelegramMediaPlayer'
        ➜ Explicit dependency on target 'Strings-product' in project 'Strings'
        ➜ Explicit dependency on target 'YuvConversion-product' in project 'YuvConversion'
        ➜ Explicit dependency on target 'TelegramCore-product' in project 'TelegramCore'
        ➜ Explicit dependency on target 'DateUtils-product' in project 'DateUtils'
        ➜ Explicit dependency on target 'KeyboardKey-product' in project 'KeyboardKey'
        ➜ Explicit dependency on target 'ApiCredentials-product' in project 'ApiCredentials'
        ➜ Explicit dependency on target 'InAppSettings-product' in project 'InAppSettings'
        ➜ Explicit dependency on target 'RingBuffer-product' in project 'RingBuffer'
        ➜ Explicit dependency on target 'OpenSSLEncryption-product' in project 'OpenSSLEncryption'
        ➜ Explicit dependency on target 'NumberPluralization-product' in project 'NumberPluralization'
        ➜ Explicit dependency on target 'ThemeSettings-product' in project 'ThemeSettings'
        ➜ Explicit dependency on target 'Mozjpeg-product' in project 'Mozjpeg'
        ➜ Explicit dependency on target 'CalendarUtils-product' in project 'CalendarUtils'
        ➜ Explicit dependency on target 'BuildConfig-product' in project 'BuildConfig'
        ➜ Explicit dependency on target 'GZIP-product' in project 'GZIP'
        ➜ Explicit dependency on target 'FoundationUtils-product' in project 'FoundationUtils'
        ➜ Explicit dependency on target 'ColorPalette-product' in project 'ColorPalette'
        ➜ Explicit dependency on target 'FFMpegBinding-product' in project 'FFMpegBinding'
        ➜ Explicit dependency on target 'Localization-product' in project 'Localization'
        ➜ Explicit dependency on target 'ManagedFile-product' in project 'ManagedFile'
        ➜ Explicit dependency on target 'Svg-product' in project 'Svg'
        ➜ Explicit dependency on target 'Colors-product' in project 'Colors'
        ➜ Explicit dependency on target 'ShelfPack-product' in project 'ShelfPack'
        ➜ Explicit dependency on target 'FastBlur-product' in project 'FastBlur'
        ➜ Explicit dependency on target 'TGUIKit-product' in project 'TGUIKit'
        ➜ Explicit dependency on target 'ObjcUtils-product' in project 'ObjcUtils'
        ➜ Explicit dependency on target 'libwebp-product' in project 'libwebp'
        ➜ Explicit dependency on target 'SwiftSignalKit-product' in project 'SSignalKit'
        ➜ Explicit dependency on target 'TelegramApi-product' in project 'TelegramApi'
        ➜ Explicit dependency on target 'Postbox-product' in project 'Postbox'
    Target 'libwebp-product' in project 'libwebp'
        ➜ Explicit dependency on target 'libwebp' in project 'libwebp'
    Target 'libwebp' in project 'libwebp' (no dependencies)
    Target 'FastBlur-product' in project 'FastBlur'
        ➜ Explicit dependency on target 'FastBlur' in project 'FastBlur'
    Target 'FastBlur' in project 'FastBlur' (no dependencies)
    Target 'ShelfPack-product' in project 'ShelfPack'
        ➜ Explicit dependency on target 'ShelfPack' in project 'ShelfPack'
    Target 'ShelfPack' in project 'ShelfPack' (no dependencies)
    Target 'Svg-product' in project 'Svg'
        ➜ Explicit dependency on target 'Svg' in project 'Svg'
    Target 'Svg' in project 'Svg' (no dependencies)
    Target 'FoundationUtils-product' in project 'FoundationUtils'
        ➜ Explicit dependency on target 'FoundationUtils' in project 'FoundationUtils'
    Target 'FoundationUtils' in project 'FoundationUtils' (no dependencies)
    Target 'GZIP-product' in project 'GZIP'
        ➜ Explicit dependency on target 'GZIP' in project 'GZIP'
    Target 'GZIP' in project 'GZIP' (no dependencies)
    Target 'BuildConfig-product' in project 'BuildConfig'
        ➜ Explicit dependency on target 'BuildConfig' in project 'BuildConfig'
        ➜ Explicit dependency on target 'CryptoUtils-product' in project 'CryptoUtils'
        ➜ Explicit dependency on target 'MurMurHash32-product' in project 'MurMurHash32'
    Target 'BuildConfig' in project 'BuildConfig'
        ➜ Explicit dependency on target 'CryptoUtils-product' in project 'CryptoUtils'
        ➜ Explicit dependency on target 'MurMurHash32-product' in project 'MurMurHash32'
    Target 'CalendarUtils-product' in project 'CalendarUtils'
        ➜ Explicit dependency on target 'CalendarUtils' in project 'CalendarUtils'
    Target 'CalendarUtils' in project 'CalendarUtils' (no dependencies)
    Target 'Mozjpeg-product' in project 'Mozjpeg'
        ➜ Explicit dependency on target 'Mozjpeg' in project 'Mozjpeg'
    Target 'Mozjpeg' in project 'Mozjpeg' (no dependencies)
    Target 'ThemeSettings-product' in project 'ThemeSettings'
        ➜ Explicit dependency on target 'ThemeSettings' in project 'ThemeSettings'
        ➜ Explicit dependency on target 'ColorPalette-product' in project 'ColorPalette'
        ➜ Explicit dependency on target 'Postbox-product' in project 'Postbox'
        ➜ Explicit dependency on target 'TGUIKit-product' in project 'TGUIKit'
        ➜ Explicit dependency on target 'Colors-product' in project 'Colors'
        ➜ Explicit dependency on target 'InAppSettings-product' in project 'InAppSettings'
        ➜ Explicit dependency on target 'TelegramCore-product' in project 'TelegramCore'
    Target 'ThemeSettings' in project 'ThemeSettings'
        ➜ Explicit dependency on target 'ColorPalette-product' in project 'ColorPalette'
        ➜ Explicit dependency on target 'Postbox-product' in project 'Postbox'
        ➜ Explicit dependency on target 'TGUIKit-product' in project 'TGUIKit'
        ➜ Explicit dependency on target 'Colors-product' in project 'Colors'
        ➜ Explicit dependency on target 'InAppSettings-product' in project 'InAppSettings'
        ➜ Explicit dependency on target 'TelegramCore-product' in project 'TelegramCore'
    Target 'OpenSSLEncryption-product' in project 'OpenSSLEncryption'
        ➜ Explicit dependency on target 'OpenSSLEncryption' in project 'OpenSSLEncryption'
    Target 'OpenSSLEncryption' in project 'OpenSSLEncryption' (no dependencies)
    Target 'InAppSettings-product' in project 'InAppSettings'
        ➜ Explicit dependency on target 'InAppSettings' in project 'InAppSettings'
        ➜ Explicit dependency on target 'SwiftSignalKit-product' in project 'SSignalKit'
        ➜ Explicit dependency on target 'Postbox-product' in project 'Postbox'
        ➜ Explicit dependency on target 'KeyboardKey-product' in project 'KeyboardKey'
        ➜ Explicit dependency on target 'Strings-product' in project 'Strings'
        ➜ Explicit dependency on target 'TGUIKit-product' in project 'TGUIKit'
        ➜ Explicit dependency on target 'TelegramCore-product' in project 'TelegramCore'
    Target 'InAppSettings' in project 'InAppSettings'
        ➜ Explicit dependency on target 'SwiftSignalKit-product' in project 'SSignalKit'
        ➜ Explicit dependency on target 'Postbox-product' in project 'Postbox'
        ➜ Explicit dependency on target 'KeyboardKey-product' in project 'KeyboardKey'
        ➜ Explicit dependency on target 'Strings-product' in project 'Strings'
        ➜ Explicit dependency on target 'TGUIKit-product' in project 'TGUIKit'
        ➜ Explicit dependency on target 'TelegramCore-product' in project 'TelegramCore'
    Target 'ApiCredentials-product' in project 'ApiCredentials'
        ➜ Explicit dependency on target 'ApiCredentials' in project 'ApiCredentials'
    Target 'ApiCredentials' in project 'ApiCredentials' (no dependencies)
    Target 'DateUtils-product' in project 'DateUtils'
        ➜ Explicit dependency on target 'DateUtils' in project 'DateUtils'
    Target 'DateUtils' in project 'DateUtils' (no dependencies)
    Target 'TelegramMediaPlayer-product' in project 'TelegramMediaPlayer'
        ➜ Explicit dependency on target 'TelegramMediaPlayer' in project 'TelegramMediaPlayer'
        ➜ Explicit dependency on target 'TelegramCore-product' in project 'TelegramCore'
        ➜ Explicit dependency on target 'Postbox-product' in project 'Postbox'
        ➜ Explicit dependency on target 'FFMpegBinding-product' in project 'FFMpegBinding'
        ➜ Explicit dependency on target 'YuvConversion-product' in project 'YuvConversion'
        ➜ Explicit dependency on target 'RingBuffer-product' in project 'RingBuffer'
        ➜ Explicit dependency on target 'TGUIKit-product' in project 'TGUIKit'
    Target 'TelegramMediaPlayer' in project 'TelegramMediaPlayer'
        ➜ Explicit dependency on target 'TelegramCore-product' in project 'TelegramCore'
        ➜ Explicit dependency on target 'Postbox-product' in project 'Postbox'
        ➜ Explicit dependency on target 'FFMpegBinding-product' in project 'FFMpegBinding'
        ➜ Explicit dependency on target 'YuvConversion-product' in project 'YuvConversion'
        ➜ Explicit dependency on target 'RingBuffer-product' in project 'RingBuffer'
        ➜ Explicit dependency on target 'TGUIKit-product' in project 'TGUIKit'
    Target 'RingBuffer-product' in project 'RingBuffer'
        ➜ Explicit dependency on target 'RingBuffer' in project 'RingBuffer'
    Target 'RingBuffer' in project 'RingBuffer' (no dependencies)
    Target 'YuvConversion-product' in project 'YuvConversion'
        ➜ Explicit dependency on target 'YuvConversion' in project 'YuvConversion'
    Target 'YuvConversion' in project 'YuvConversion' (no dependencies)
    Target 'FFMpegBinding-product' in project 'FFMpegBinding'
        ➜ Explicit dependency on target 'FFMpegBinding' in project 'FFMpegBinding'
    Target 'FFMpegBinding' in project 'FFMpegBinding' (no dependencies)
    Target 'InputView-product' in project 'InputView'
        ➜ Explicit dependency on target 'InputView' in project 'InputView'
        ➜ Explicit dependency on target 'TGUIKit-product' in project 'TGUIKit'
        ➜ Explicit dependency on target 'Localization-product' in project 'Localization'
        ➜ Explicit dependency on target 'ColorPalette-product' in project 'ColorPalette'
        ➜ Explicit dependency on target 'Postbox-product' in project 'Postbox'
        ➜ Explicit dependency on target 'SwiftSignalKit-product' in project 'SSignalKit'
        ➜ Explicit dependency on target 'TelegramCore-product' in project 'TelegramCore'
    Target 'InputView' in project 'InputView'
        ➜ Explicit dependency on target 'TGUIKit-product' in project 'TGUIKit'
        ➜ Explicit dependency on target 'Localization-product' in project 'Localization'
        ➜ Explicit dependency on target 'ColorPalette-product' in project 'ColorPalette'
        ➜ Explicit dependency on target 'Postbox-product' in project 'Postbox'
        ➜ Explicit dependency on target 'SwiftSignalKit-product' in project 'SSignalKit'
        ➜ Explicit dependency on target 'TelegramCore-product' in project 'TelegramCore'
    Target 'Localization-product' in project 'Localization'
        ➜ Explicit dependency on target 'Localization' in project 'Localization'
        ➜ Explicit dependency on target 'TelegramCore-product' in project 'TelegramCore'
        ➜ Explicit dependency on target 'TGUIKit-product' in project 'TGUIKit'
        ➜ Explicit dependency on target 'NumberPluralization-product' in project 'NumberPluralization'
    Target 'Localization' in project 'Localization'
        ➜ Explicit dependency on target 'TelegramCore-product' in project 'TelegramCore'
        ➜ Explicit dependency on target 'TGUIKit-product' in project 'TGUIKit'
        ➜ Explicit dependency on target 'NumberPluralization-product' in project 'NumberPluralization'
    Target 'NumberPluralization-product' in project 'NumberPluralization'
        ➜ Explicit dependency on target 'NumberPluralization' in project 'NumberPluralization'
    Target 'NumberPluralization' in project 'NumberPluralization' (no dependencies)
    Target 'TelegramCore-product' in project 'TelegramCore'
        ➜ Explicit dependency on target 'TelegramCore' in project 'TelegramCore'
        ➜ Explicit dependency on target 'Postbox-product' in project 'Postbox'
        ➜ Explicit dependency on target 'SwiftSignalKit-product' in project 'SSignalKit'
        ➜ Explicit dependency on target 'MtProtoKit-product' in project 'MtProtoKit'
        ➜ Explicit dependency on target 'TelegramApi-product' in project 'TelegramApi'
        ➜ Explicit dependency on target 'CryptoUtils-product' in project 'CryptoUtils'
        ➜ Explicit dependency on target 'NetworkLogging-product' in project 'NetworkLogging'
        ➜ Explicit dependency on target 'DarwinDirStat-product' in project 'DarwinDirStat'
        ➜ Explicit dependency on target 'Reachability-product' in project 'Reachability'
        ➜ Explicit dependency on target 'Emoji-product' in project 'Emoji'
        ➜ Explicit dependency on target 'FlatBuffers-product' in project 'FlatBuffers'
        ➜ Explicit dependency on target 'FlatSerialization-product' in project 'FlatSerialization'
        ➜ Explicit dependency on target 'EncryptionProvider-product' in project 'EncryptionProvider'
    Target 'TelegramCore' in project 'TelegramCore'
        ➜ Explicit dependency on target 'Postbox-product' in project 'Postbox'
        ➜ Explicit dependency on target 'SwiftSignalKit-product' in project 'SSignalKit'
        ➜ Explicit dependency on target 'MtProtoKit-product' in project 'MtProtoKit'
        ➜ Explicit dependency on target 'TelegramApi-product' in project 'TelegramApi'
        ➜ Explicit dependency on target 'CryptoUtils-product' in project 'CryptoUtils'
        ➜ Explicit dependency on target 'NetworkLogging-product' in project 'NetworkLogging'
        ➜ Explicit dependency on target 'DarwinDirStat-product' in project 'DarwinDirStat'
        ➜ Explicit dependency on target 'Reachability-product' in project 'Reachability'
        ➜ Explicit dependency on target 'Emoji-product' in project 'Emoji'
        ➜ Explicit dependency on target 'FlatBuffers-product' in project 'FlatBuffers'
        ➜ Explicit dependency on target 'FlatSerialization-product' in project 'FlatSerialization'
        ➜ Explicit dependency on target 'EncryptionProvider-product' in project 'EncryptionProvider'
    Target 'FlatSerialization-product' in project 'FlatSerialization'
        ➜ Explicit dependency on target 'FlatSerialization' in project 'FlatSerialization'
        ➜ Explicit dependency on target 'FlatBuffers-product' in project 'FlatBuffers'
    Target 'FlatSerialization' in project 'FlatSerialization'
        ➜ Explicit dependency on target 'FlatBuffers-product' in project 'FlatBuffers'
    Target 'FlatBuffers-product' in project 'FlatBuffers'
        ➜ Explicit dependency on target 'FlatBuffers' in project 'FlatBuffers'
    Target 'FlatBuffers' in project 'FlatBuffers' (no dependencies)
    Target 'Emoji-product' in project 'Emoji'
        ➜ Explicit dependency on target 'Emoji' in project 'Emoji'
    Target 'Emoji' in project 'Emoji' (no dependencies)
    Target 'Reachability-product' in project 'Reachability'
        ➜ Explicit dependency on target 'Reachability' in project 'Reachability'
        ➜ Explicit dependency on target 'LegacyReachability-product' in project 'LegacyReachability'
        ➜ Explicit dependency on target 'SwiftSignalKit-product' in project 'SSignalKit'
    Target 'Reachability' in project 'Reachability'
        ➜ Explicit dependency on target 'LegacyReachability-product' in project 'LegacyReachability'
        ➜ Explicit dependency on target 'SwiftSignalKit-product' in project 'SSignalKit'
    Target 'LegacyReachability-product' in project 'LegacyReachability'
        ➜ Explicit dependency on target 'LegacyReachability' in project 'LegacyReachability'
    Target 'LegacyReachability' in project 'LegacyReachability' (no dependencies)
    Target 'NetworkLogging-product' in project 'NetworkLogging'
        ➜ Explicit dependency on target 'NetworkLogging' in project 'NetworkLogging'
        ➜ Explicit dependency on target 'MtProtoKit-product' in project 'MtProtoKit'
    Target 'NetworkLogging' in project 'NetworkLogging'
        ➜ Explicit dependency on target 'MtProtoKit-product' in project 'MtProtoKit'
    Target 'TelegramApi-product' in project 'TelegramApi'
        ➜ Explicit dependency on target 'TelegramApi' in project 'TelegramApi'
    Target 'TelegramApi' in project 'TelegramApi' (no dependencies)
    Target 'MtProtoKit-product' in project 'MtProtoKit'
        ➜ Explicit dependency on target 'MtProtoKit' in project 'MtProtoKit'
        ➜ Explicit dependency on target 'EncryptionProvider-product' in project 'EncryptionProvider'
    Target 'MtProtoKit' in project 'MtProtoKit'
        ➜ Explicit dependency on target 'EncryptionProvider-product' in project 'EncryptionProvider'
    Target 'EncryptionProvider-product' in project 'EncryptionProvider'
        ➜ Explicit dependency on target 'EncryptionProvider' in project 'EncryptionProvider'
    Target 'EncryptionProvider' in project 'EncryptionProvider' (no dependencies)
    Target 'Postbox-product' in project 'Postbox'
        ➜ Explicit dependency on target 'Postbox' in project 'Postbox'
        ➜ Explicit dependency on target 'MurMurHash32-product' in project 'MurMurHash32'
        ➜ Explicit dependency on target 'SwiftSignalKit-product' in project 'SSignalKit'
        ➜ Explicit dependency on target 'ManagedFile-product' in project 'ManagedFile'
        ➜ Explicit dependency on target 'RangeSet-product' in project 'RangeSet'
        ➜ Explicit dependency on target 'sqlcipher-product' in project 'sqlcipher'
        ➜ Explicit dependency on target 'StringTransliteration-product' in project 'StringTransliteration'
        ➜ Explicit dependency on target 'DarwinDirStat-product' in project 'DarwinDirStat'
        ➜ Explicit dependency on target 'CryptoUtils-product' in project 'CryptoUtils'
        ➜ Explicit dependency on target 'Crc32-product' in project 'Crc32'
    Target 'Postbox' in project 'Postbox'
        ➜ Explicit dependency on target 'MurMurHash32-product' in project 'MurMurHash32'
        ➜ Explicit dependency on target 'SwiftSignalKit-product' in project 'SSignalKit'
        ➜ Explicit dependency on target 'ManagedFile-product' in project 'ManagedFile'
        ➜ Explicit dependency on target 'RangeSet-product' in project 'RangeSet'
        ➜ Explicit dependency on target 'sqlcipher-product' in project 'sqlcipher'
        ➜ Explicit dependency on target 'StringTransliteration-product' in project 'StringTransliteration'
        ➜ Explicit dependency on target 'DarwinDirStat-product' in project 'DarwinDirStat'
        ➜ Explicit dependency on target 'CryptoUtils-product' in project 'CryptoUtils'
        ➜ Explicit dependency on target 'Crc32-product' in project 'Crc32'
    Target 'Crc32-product' in project 'Crc32'
        ➜ Explicit dependency on target 'Crc32' in project 'Crc32'
    Target 'Crc32' in project 'Crc32' (no dependencies)
    Target 'CryptoUtils-product' in project 'CryptoUtils'
        ➜ Explicit dependency on target 'CryptoUtils' in project 'CryptoUtils'
    Target 'CryptoUtils' in project 'CryptoUtils' (no dependencies)
    Target 'DarwinDirStat-product' in project 'DarwinDirStat'
        ➜ Explicit dependency on target 'DarwinDirStat' in project 'DarwinDirStat'
    Target 'DarwinDirStat' in project 'DarwinDirStat' (no dependencies)
    Target 'StringTransliteration-product' in project 'StringTransliteration'
        ➜ Explicit dependency on target 'StringTransliteration' in project 'StringTransliteration'
    Target 'StringTransliteration' in project 'StringTransliteration' (no dependencies)
    Target 'sqlcipher-product' in project 'sqlcipher'
        ➜ Explicit dependency on target 'sqlcipher' in project 'sqlcipher'
    Target 'sqlcipher' in project 'sqlcipher' (no dependencies)
    Target 'RangeSet-product' in project 'RangeSet'
        ➜ Explicit dependency on target 'RangeSet' in project 'RangeSet'
    Target 'RangeSet' in project 'RangeSet' (no dependencies)
    Target 'ManagedFile-product' in project 'ManagedFile'
        ➜ Explicit dependency on target 'ManagedFile' in project 'ManagedFile'
        ➜ Explicit dependency on target 'SwiftSignalKit-product' in project 'SSignalKit'
    Target 'ManagedFile' in project 'ManagedFile'
        ➜ Explicit dependency on target 'SwiftSignalKit-product' in project 'SSignalKit'
    Target 'MurMurHash32-product' in project 'MurMurHash32'
        ➜ Explicit dependency on target 'MurMurHash32' in project 'MurMurHash32'
    Target 'MurMurHash32' in project 'MurMurHash32' (no dependencies)
    Target 'TGUIKit-product' in project 'TGUIKit'
        ➜ Explicit dependency on target 'TGUIKit' in project 'TGUIKit'
        ➜ Explicit dependency on target 'SwiftSignalKit-product' in project 'SSignalKit'
        ➜ Explicit dependency on target 'ColorPalette-product' in project 'ColorPalette'
        ➜ Explicit dependency on target 'KeyboardKey-product' in project 'KeyboardKey'
        ➜ Explicit dependency on target 'ObjcUtils-product' in project 'ObjcUtils'
        ➜ Explicit dependency on target 'MergeLists-product' in project 'MergeLists'
    Target 'TGUIKit' in project 'TGUIKit'
        ➜ Explicit dependency on target 'SwiftSignalKit-product' in project 'SSignalKit'
        ➜ Explicit dependency on target 'ColorPalette-product' in project 'ColorPalette'
        ➜ Explicit dependency on target 'KeyboardKey-product' in project 'KeyboardKey'
        ➜ Explicit dependency on target 'ObjcUtils-product' in project 'ObjcUtils'
        ➜ Explicit dependency on target 'MergeLists-product' in project 'MergeLists'
    Target 'MergeLists-product' in project 'MergeLists'
        ➜ Explicit dependency on target 'MergeLists' in project 'MergeLists'
    Target 'MergeLists' in project 'MergeLists' (no dependencies)
    Target 'ObjcUtils-product' in project 'ObjcUtils'
        ➜ Explicit dependency on target 'ObjcUtils' in project 'ObjcUtils'
    Target 'ObjcUtils' in project 'ObjcUtils' (no dependencies)
    Target 'KeyboardKey-product' in project 'KeyboardKey'
        ➜ Explicit dependency on target 'KeyboardKey' in project 'KeyboardKey'
    Target 'KeyboardKey' in project 'KeyboardKey' (no dependencies)
    Target 'ColorPalette-product' in project 'ColorPalette'
        ➜ Explicit dependency on target 'ColorPalette' in project 'ColorPalette'
        ➜ Explicit dependency on target 'Colors-product' in project 'Colors'
    Target 'ColorPalette' in project 'ColorPalette'
        ➜ Explicit dependency on target 'Colors-product' in project 'Colors'
    Target 'Colors-product' in project 'Colors'
        ➜ Explicit dependency on target 'Colors' in project 'Colors'
        ➜ Explicit dependency on target 'Strings-product' in project 'Strings'
    Target 'Colors' in project 'Colors'
        ➜ Explicit dependency on target 'Strings-product' in project 'Strings'
    Target 'Strings-product' in project 'Strings'
        ➜ Explicit dependency on target 'Strings' in project 'Strings'
    Target 'Strings' in project 'Strings' (no dependencies)
    Target 'TelegramIconsTheme-product' in project 'TelegramIconsTheme'
        ➜ Explicit dependency on target 'TelegramIconsTheme' in project 'TelegramIconsTheme'
        ➜ Explicit dependency on target 'SwiftSignalKit-product' in project 'SSignalKit'
    Target 'TelegramIconsTheme' in project 'TelegramIconsTheme'
        ➜ Explicit dependency on target 'SwiftSignalKit-product' in project 'SSignalKit'
    Target 'SwiftSignalKit-product' in project 'SSignalKit'
        ➜ Explicit dependency on target 'SwiftSignalKit' in project 'SSignalKit'
    Target 'SwiftSignalKit' in project 'SSignalKit' (no dependencies)
    Target 'TelegramSystem-product' in project 'TelegramSystem'
        ➜ Explicit dependency on target 'TelegramSystem' in project 'TelegramSystem'
    Target 'TelegramSystem' in project 'TelegramSystem' (no dependencies)
    Target 'RLottie' in project 'RLottie_Xcode' (no dependencies)

GatherProvisioningInputs

CreateBuildDescription

ExecuteExternalTool /Applications/Xcode.app/Contents/Developer/Toolchains/XcodeDefault.xctoolchain/usr/bin/swiftc --version

ExecuteExternalTool /Applications/Xcode.app/Contents/Developer/Toolchains/XcodeDefault.xctoolchain/usr/bin/clang -v -E -dM -arch arm64 -isysroot /Applications/Xcode.app/Contents/Developer/Platforms/MacOSX.platform/Developer/SDKs/MacOSX27.0.sdk -x c -c /dev/null

ExecuteExternalTool /Applications/Xcode.app/Contents/Developer/Toolchains/XcodeDefault.xctoolchain/usr/bin/clang -v -E -dM -arch arm64 -isysroot /Applications/Xcode.app/Contents/Developer/Platforms/MacOSX.platform/Developer/SDKs/MacOSX27.0.sdk -x objective-c -c /dev/null

ExecuteExternalTool /Applications/Xcode.app/Contents/Developer/Toolchains/XcodeDefault.xctoolchain/usr/bin/clang -v -E -dM -isysroot /Applications/Xcode.app/Contents/Developer/Platforms/MacOSX.platform/Developer/SDKs/MacOSX27.0.sdk -x c -c /dev/null

ExecuteExternalTool /Applications/Xcode.app/Contents/Developer/Toolchains/XcodeDefault.xctoolchain/usr/bin/clang -v -E -dM -arch arm64 -isysroot /Applications/Xcode.app/Contents/Developer/Platforms/MacOSX.platform/Developer/SDKs/MacOSX27.0.sdk -x objective-c++ -c /dev/null

ExecuteExternalTool /Applications/Xcode.app/Contents/Developer/Toolchains/XcodeDefault.xctoolchain/usr/bin/ld -version_details

ExecuteExternalTool /Applications/Xcode.app/Contents/Developer/Toolchains/XcodeDefault.xctoolchain/usr/bin/clang -v -E -dM -arch arm64 -isysroot /Applications/Xcode.app/Contents/Developer/Platforms/MacOSX.platform/Developer/SDKs/MacOSX27.0.sdk -x c++ -c /dev/null

ExecuteExternalTool /Applications/Xcode.app/Contents/Developer/usr/bin/ibtool --version --output-format xml1

ExecuteExternalTool /Applications/Xcode.app/Contents/Developer/usr/bin/actool --version --output-format xml1

ExecuteExternalTool /Applications/Xcode.app/Contents/Developer/Toolchains/XcodeDefault.xctoolchain/usr/bin/libtool -V

ExecuteExternalTool /Applications/Xcode.app/Contents/Developer/Toolchains/XcodeDefault.xctoolchain/usr/bin/clang -v -E -dM -arch x86_64 -isysroot /Applications/Xcode.app/Contents/Developer/Platforms/MacOSX.platform/Developer/SDKs/MacOSX27.0.sdk -x objective-c -c /dev/null

ExecuteExternalTool /Applications/Xcode.app/Contents/Developer/Toolchains/XcodeDefault.xctoolchain/usr/bin/clang -v -E -dM -arch x86_64 -isysroot /Applications/Xcode.app/Contents/Developer/Platforms/MacOSX.platform/Developer/SDKs/MacOSX27.0.sdk -x c -c /dev/null

Build description signature: 5724910fcc2d5f463112cd9c10633c41
Build description path: /Users/buddhirajgautam/Library/Developer/Xcode/DerivedData/Telegram-Mac-fygdgghdgmuleoelvxabfmqiotta/Build/Intermediates.noindex/XCBuildData/5724910fcc2d5f463112cd9c10633c41.xcbuilddata
ClangStatCache /Applications/Xcode.app/Contents/Developer/Toolchains/XcodeDefault.xctoolchain/usr/bin/clang-stat-cache /Applications/Xcode.app/Contents/Developer/Platforms/MacOSX.platform/Developer/SDKs/MacOSX27.0.sdk /Users/buddhirajgautam/Library/Developer/Xcode/DerivedData/SDKStatCaches.noindex/macosx27.0-26A425-e829b21a6f8c9b70876ba0858053c0447231f6df4def33e022ae2eb8f782df1a.sdkstatcache
    cd /Users/buddhirajgautam/Documents/Cherrygram-Mac/macOS-Swift
    /Applications/Xcode.app/Contents/Developer/Toolchains/XcodeDefault.xctoolchain/usr/bin/clang-stat-cache /Applications/Xcode.app/Contents/Developer/Platforms/MacOSX.platform/Developer/SDKs/MacOSX27.0.sdk -o /Users/buddhirajgautam/Library/Developer/Xcode/DerivedData/SDKStatCaches.noindex/macosx27.0-26A425-e829b21a6f8c9b70876ba0858053c0447231f6df4def33e022ae2eb8f782df1a.sdkstatcache

ProcessInfoPlistFile /Users/buddhirajgautam/Library/Developer/Xcode/DerivedData/Telegram-Mac-fygdgghdgmuleoelvxabfmqiotta/Build/Products/Debug/RLottie.framework/Versions/A/Resources/Info.plist /Users/buddhirajgautam/Documents/Cherrygram-Mac/macOS-Swift/submodules/RLottie_Xcode/RLottie/Info.plist (in target 'RLottie' from project 'RLottie_Xcode')
    cd /Users/buddhirajgautam/Documents/Cherrygram-Mac/macOS-Swift/submodules/RLottie_Xcode
    builtin-infoPlistUtility /Users/buddhirajgautam/Documents/Cherrygram-Mac/macOS-Swift/submodules/RLottie_Xcode/RLottie/Info.plist -producttype com.apple.product-type.framework -expandbuildsettings -platform macosx -o /Users/buddhirajgautam/Library/Developer/Xcode/DerivedData/Telegram-Mac-fygdgghdgmuleoelvxabfmqiotta/Build/Products/Debug/RLottie.framework/Versions/A/Resources/Info.plist

ProcessInfoPlistFile /Users/buddhirajgautam/Library/Developer/Xcode/DerivedData/Telegram-Mac-fygdgghdgmuleoelvxabfmqiotta/Build/Products/Debug/PrivateCallScreen_PrivateCallScreen.bundle/Contents/Info.plist /Users/buddhirajgautam/Library/Developer/Xcode/DerivedData/Telegram-Mac-fygdgghdgmuleoelvxabfmqiotta/Build/Intermediates.noindex/PrivateCallScreen.build/Debug/PrivateCallScreen_PrivateCallScreen-b.build/empty-PrivateCallScreen_PrivateCallScreen.plist (in target 'PrivateCallScreen_PrivateCallScreen' from project 'PrivateCallScreen')
    cd /Users/buddhirajgautam/Documents/Cherrygram-Mac/macOS-Swift/packages/PrivateCallScreen
    builtin-infoPlistUtility /Users/buddhirajgautam/Library/Developer/Xcode/DerivedData/Telegram-Mac-fygdgghdgmuleoelvxabfmqiotta/Build/Intermediates.noindex/PrivateCallScreen.build/Debug/PrivateCallScreen_PrivateCallScreen-b.build/empty-PrivateCallScreen_PrivateCallScreen.plist -producttype com.apple.product-type.bundle -expandbuildsettings -platform macosx -o /Users/buddhirajgautam/Library/Developer/Xcode/DerivedData/Telegram-Mac-fygdgghdgmuleoelvxabfmqiotta/Build/Products/Debug/PrivateCallScreen_PrivateCallScreen.bundle/Contents/Info.plist

ProcessInfoPlistFile /Users/buddhirajgautam/Library/Developer/Xcode/DerivedData/Telegram-Mac-fygdgghdgmuleoelvxabfmqiotta/Build/Products/Debug/Promises_FBLPromises.bundle/Contents/Info.plist /Users/buddhirajgautam/Library/Developer/Xcode/DerivedData/Telegram-Mac-fygdgghdgmuleoelvxabfmqiotta/Build/Intermediates.noindex/Promises.build/Debug/Promises_FBLPromises-b.build/empty-Promises_FBLPromises.plist (in target 'Promises_FBLPromises' from project 'Promises')
    cd /Users/buddhirajgautam/Library/Developer/Xcode/DerivedData/Telegram-Mac-fygdgghdgmuleoelvxabfmqiotta/SourcePackages/checkouts/promises
    builtin-infoPlistUtility /Users/buddhirajgautam/Library/Developer/Xcode/DerivedData/Telegram-Mac-fygdgghdgmuleoelvxabfmqiotta/Build/Intermediates.noindex/Promises.build/Debug/Promises_FBLPromises-b.build/empty-Promises_FBLPromises.plist -producttype com.apple.product-type.bundle -expandbuildsettings -platform macosx -o /Users/buddhirajgautam/Library/Developer/Xcode/DerivedData/Telegram-Mac-fygdgghdgmuleoelvxabfmqiotta/Build/Products/Debug/Promises_FBLPromises.bundle/Contents/Info.plist

ProcessInfoPlistFile /Users/buddhirajgautam/Library/Developer/Xcode/DerivedData/Telegram-Mac-fygdgghdgmuleoelvxabfmqiotta/Build/Products/Debug/MetalEngine_MetalEngine.bundle/Contents/Info.plist /Users/buddhirajgautam/Library/Developer/Xcode/DerivedData/Telegram-Mac-fygdgghdgmuleoelvxabfmqiotta/Build/Intermediates.noindex/MetalEngine.build/Debug/MetalEngine_MetalEngine-b.build/empty-MetalEngine_MetalEngine.plist (in target 'MetalEngine_MetalEngine' from project 'MetalEngine')
    cd /Users/buddhirajgautam/Documents/Cherrygram-Mac/macOS-Swift/submodules/telegram-ios/submodules/MetalEngine
    builtin-infoPlistUtility /Users/buddhirajgautam/Library/Developer/Xcode/DerivedData/Telegram-Mac-fygdgghdgmuleoelvxabfmqiotta/Build/Intermediates.noindex/MetalEngine.build/Debug/MetalEngine_MetalEngine-b.build/empty-MetalEngine_MetalEngine.plist -producttype com.apple.product-type.bundle -expandbuildsettings -platform macosx -o /Users/buddhirajgautam/Library/Developer/Xcode/DerivedData/Telegram-Mac-fygdgghdgmuleoelvxabfmqiotta/Build/Products/Debug/MetalEngine_MetalEngine.bundle/Contents/Info.plist

ProcessInfoPlistFile /Users/buddhirajgautam/Library/Developer/Xcode/DerivedData/Telegram-Mac-fygdgghdgmuleoelvxabfmqiotta/Build/Products/Debug/GoogleUtilities_GoogleUtilities-UserDefaults.bundle/Contents/Info.plist /Users/buddhirajgautam/Library/Developer/Xcode/DerivedData/Telegram-Mac-fygdgghdgmuleoelvxabfmqiotta/Build/Intermediates.noindex/GoogleUtilities.build/Debug/GoogleUtilities_GoogleUtilities-UserDefaults-b.build/empty-GoogleUtilities_GoogleUtilities-UserDefaults.plist (in target 'GoogleUtilities_GoogleUtilities-UserDefaults' from project 'GoogleUtilities')
    cd /Users/buddhirajgautam/Library/Developer/Xcode/DerivedData/Telegram-Mac-fygdgghdgmuleoelvxabfmqiotta/SourcePackages/checkouts/GoogleUtilities
    builtin-infoPlistUtility /Users/buddhirajgautam/Library/Developer/Xcode/DerivedData/Telegram-Mac-fygdgghdgmuleoelvxabfmqiotta/Build/Intermediates.noindex/GoogleUtilities.build/Debug/GoogleUtilities_GoogleUtilities-UserDefaults-b.build/empty-GoogleUtilities_GoogleUtilities-UserDefaults.plist -producttype com.apple.product-type.bundle -expandbuildsettings -platform macosx -o /Users/buddhirajgautam/Library/Developer/Xcode/DerivedData/Telegram-Mac-fygdgghdgmuleoelvxabfmqiotta/Build/Products/Debug/GoogleUtilities_GoogleUtilities-UserDefaults.bundle/Contents/Info.plist

ProcessInfoPlistFile /Users/buddhirajgautam/Library/Developer/Xcode/DerivedData/Telegram-Mac-fygdgghdgmuleoelvxabfmqiotta/Build/Products/Debug/GoogleUtilities_GoogleUtilities-Network.bundle/Contents/Info.plist /Users/buddhirajgautam/Library/Developer/Xcode/DerivedData/Telegram-Mac-fygdgghdgmuleoelvxabfmqiotta/Build/Intermediates.noindex/GoogleUtilities.build/Debug/GoogleUtilities_GoogleUtilities-Network-b.build/empty-GoogleUtilities_GoogleUtilities-Network.plist (in target 'GoogleUtilities_GoogleUtilities-Network' from project 'GoogleUtilities')
    cd /Users/buddhirajgautam/Library/Developer/Xcode/DerivedData/Telegram-Mac-fygdgghdgmuleoelvxabfmqiotta/SourcePackages/checkouts/GoogleUtilities
    builtin-infoPlistUtility /Users/buddhirajgautam/Library/Developer/Xcode/DerivedData/Telegram-Mac-fygdgghdgmuleoelvxabfmqiotta/Build/Intermediates.noindex/GoogleUtilities.build/Debug/GoogleUtilities_GoogleUtilities-Network-b.build/empty-GoogleUtilities_GoogleUtilities-Network.plist -producttype com.apple.product-type.bundle -expandbuildsettings -platform macosx -o /Users/buddhirajgautam/Library/Developer/Xcode/DerivedData/Telegram-Mac-fygdgghdgmuleoelvxabfmqiotta/Build/Products/Debug/GoogleUtilities_GoogleUtilities-Network.bundle/Contents/Info.plist

ProcessInfoPlistFile /Users/buddhirajgautam/Library/Developer/Xcode/DerivedData/Telegram-Mac-fygdgghdgmuleoelvxabfmqiotta/Build/Products/Debug/GoogleUtilities_GoogleUtilities-NSData.bundle/Contents/Info.plist /Users/buddhirajgautam/Library/Developer/Xcode/DerivedData/Telegram-Mac-fygdgghdgmuleoelvxabfmqiotta/Build/Intermediates.noindex/GoogleUtilities.build/Debug/GoogleUtilities_GoogleUtilities-NSData-b.build/empty-GoogleUtilities_GoogleUtilities-NSData.plist (in target 'GoogleUtilities_GoogleUtilities-NSData' from project 'GoogleUtilities')
    cd /Users/buddhirajgautam/Library/Developer/Xcode/DerivedData/Telegram-Mac-fygdgghdgmuleoelvxabfmqiotta/SourcePackages/checkouts/GoogleUtilities
    builtin-infoPlistUtility /Users/buddhirajgautam/Library/Developer/Xcode/DerivedData/Telegram-Mac-fygdgghdgmuleoelvxabfmqiotta/Build/Intermediates.noindex/GoogleUtilities.build/Debug/GoogleUtilities_GoogleUtilities-NSData-b.build/empty-GoogleUtilities_GoogleUtilities-NSData.plist -producttype com.apple.product-type.bundle -expandbuildsettings -platform macosx -o /Users/buddhirajgautam/Library/Developer/Xcode/DerivedData/Telegram-Mac-fygdgghdgmuleoelvxabfmqiotta/Build/Products/Debug/GoogleUtilities_GoogleUtilities-NSData.bundle/Contents/Info.plist

ProcessInfoPlistFile /Users/buddhirajgautam/Library/Developer/Xcode/DerivedData/Telegram-Mac-fygdgghdgmuleoelvxabfmqiotta/Build/Products/Debug/GoogleUtilities_GoogleUtilities-MethodSwizzler.bundle/Contents/Info.plist /Users/buddhirajgautam/Library/Developer/Xcode/DerivedData/Telegram-Mac-fygdgghdgmuleoelvxabfmqiotta/Build/Intermediates.noindex/GoogleUtilities.build/Debug/GoogleUtilities_GoogleUtilities-MethodSwizzler-b.build/empty-GoogleUtilities_GoogleUtilities-MethodSwizzler.plist (in target 'GoogleUtilities_GoogleUtilities-MethodSwizzler' from project 'GoogleUtilities')
    cd /Users/buddhirajgautam/Library/Developer/Xcode/DerivedData/Telegram-Mac-fygdgghdgmuleoelvxabfmqiotta/SourcePackages/checkouts/GoogleUtilities
    builtin-infoPlistUtility /Users/buddhirajgautam/Library/Developer/Xcode/DerivedData/Telegram-Mac-fygdgghdgmuleoelvxabfmqiotta/Build/Intermediates.noindex/GoogleUtilities.build/Debug/GoogleUtilities_GoogleUtilities-MethodSwizzler-b.build/empty-GoogleUtilities_GoogleUtilities-MethodSwizzler.plist -producttype com.apple.product-type.bundle -expandbuildsettings -platform macosx -o /Users/buddhirajgautam/Library/Developer/Xcode/DerivedData/Telegram-Mac-fygdgghdgmuleoelvxabfmqiotta/Build/Products/Debug/GoogleUtilities_GoogleUtilities-MethodSwizzler.bundle/Contents/Info.plist

ProcessInfoPlistFile /Users/buddhirajgautam/Library/Developer/Xcode/DerivedData/Telegram-Mac-fygdgghdgmuleoelvxabfmqiotta/Build/Products/Debug/GoogleUtilities_GoogleUtilities-Logger.bundle/Contents/Info.plist /Users/buddhirajgautam/Library/Developer/Xcode/DerivedData/Telegram-Mac-fygdgghdgmuleoelvxabfmqiotta/Build/Intermediates.noindex/GoogleUtilities.build/Debug/GoogleUtilities_GoogleUtilities-Logger-b.build/empty-GoogleUtilities_GoogleUtilities-Logger.plist (in target 'GoogleUtilities_GoogleUtilities-Logger' from project 'GoogleUtilities')
    cd /Users/buddhirajgautam/Library/Developer/Xcode/DerivedData/Telegram-Mac-fygdgghdgmuleoelvxabfmqiotta/SourcePackages/checkouts/GoogleUtilities
    builtin-infoPlistUtility /Users/buddhirajgautam/Library/Developer/Xcode/DerivedData/Telegram-Mac-fygdgghdgmuleoelvxabfmqiotta/Build/Intermediates.noindex/GoogleUtilities.build/Debug/GoogleUtilities_GoogleUtilities-Logger-b.build/empty-GoogleUtilities_GoogleUtilities-Logger.plist -producttype com.apple.product-type.bundle -expandbuildsettings -platform macosx -o /Users/buddhirajgautam/Library/Developer/Xcode/DerivedData/Telegram-Mac-fygdgghdgmuleoelvxabfmqiotta/Build/Products/Debug/GoogleUtilities_GoogleUtilities-Logger.bundle/Contents/Info.plist

ProcessInfoPlistFile /Users/buddhirajgautam/Library/Developer/Xcode/DerivedData/Telegram-Mac-fygdgghdgmuleoelvxabfmqiotta/Build/Products/Debug/GoogleUtilities_GoogleUtilities-Environment.bundle/Contents/Info.plist /Users/buddhirajgautam/Library/Developer/Xcode/DerivedData/Telegram-Mac-fygdgghdgmuleoelvxabfmqiotta/Build/Intermediates.noindex/GoogleUtilities.build/Debug/GoogleUtilities_GoogleUtilities-Environment-b.build/empty-GoogleUtilities_GoogleUtilities-Environment.plist (in target 'GoogleUtilities_GoogleUtilities-Environment' from project 'GoogleUtilities')
    cd /Users/buddhirajgautam/Library/Developer/Xcode/DerivedData/Telegram-Mac-fygdgghdgmuleoelvxabfmqiotta/SourcePackages/checkouts/GoogleUtilities
    builtin-infoPlistUtility /Users/buddhirajgautam/Library/Developer/Xcode/DerivedData/Telegram-Mac-fygdgghdgmuleoelvxabfmqiotta/Build/Intermediates.noindex/GoogleUtilities.build/Debug/GoogleUtilities_GoogleUtilities-Environment-b.build/empty-GoogleUtilities_GoogleUtilities-Environment.plist -producttype com.apple.product-type.bundle -expandbuildsettings -platform macosx -o /Users/buddhirajgautam/Library/Developer/Xcode/DerivedData/Telegram-Mac-fygdgghdgmuleoelvxabfmqiotta/Build/Products/Debug/GoogleUtilities_GoogleUtilities-Environment.bundle/Contents/Info.plist

ProcessInfoPlistFile /Users/buddhirajgautam/Library/Developer/Xcode/DerivedData/Telegram-Mac-fygdgghdgmuleoelvxabfmqiotta/Build/Products/Debug/GoogleUtilities_GoogleUtilities-AppDelegateSwizzler.bundle/Contents/Info.plist /Users/buddhirajgautam/Library/Developer/Xcode/DerivedData/Telegram-Mac-fygdgghdgmuleoelvxabfmqiotta/Build/Intermediates.noindex/GoogleUtilities.build/Debug/GoogleUtilities_GoogleUtilities-AppDelegateSwizzler-b.build/empty-GoogleUtilities_GoogleUtilities-AppDelegateSwizzler.plist (in target 'GoogleUtilities_GoogleUtilities-AppDelegateSwizzler' from project 'GoogleUtilities')
    cd /Users/buddhirajgautam/Library/Developer/Xcode/DerivedData/Telegram-Mac-fygdgghdgmuleoelvxabfmqiotta/SourcePackages/checkouts/GoogleUtilities
    builtin-infoPlistUtility /Users/buddhirajgautam/Library/Developer/Xcode/DerivedData/Telegram-Mac-fygdgghdgmuleoelvxabfmqiotta/Build/Intermediates.noindex/GoogleUtilities.build/Debug/GoogleUtilities_GoogleUtilities-AppDelegateSwizzler-b.build/empty-GoogleUtilities_GoogleUtilities-AppDelegateSwizzler.plist -producttype com.apple.product-type.bundle -expandbuildsettings -platform macosx -o /Users/buddhirajgautam/Library/Developer/Xcode/DerivedData/Telegram-Mac-fygdgghdgmuleoelvxabfmqiotta/Build/Products/Debug/GoogleUtilities_GoogleUtilities-AppDelegateSwizzler.bundle/Contents/Info.plist

ProcessInfoPlistFile /Users/buddhirajgautam/Library/Developer/Xcode/DerivedData/Telegram-Mac-fygdgghdgmuleoelvxabfmqiotta/Build/Products/Debug/GoogleDataTransport_GoogleDataTransport.bundle/Contents/Info.plist /Users/buddhirajgautam/Library/Developer/Xcode/DerivedData/Telegram-Mac-fygdgghdgmuleoelvxabfmqiotta/Build/Intermediates.noindex/GoogleDataTransport.build/Debug/GoogleDataTransport_GoogleDataTransport-b.build/empty-GoogleDataTransport_GoogleDataTransport.plist (in target 'GoogleDataTransport_GoogleDataTransport' from project 'GoogleDataTransport')
    cd /Users/buddhirajgautam/Library/Developer/Xcode/DerivedData/Telegram-Mac-fygdgghdgmuleoelvxabfmqiotta/SourcePackages/checkouts/GoogleDataTransport
    builtin-infoPlistUtility /Users/buddhirajgautam/Library/Developer/Xcode/DerivedData/Telegram-Mac-fygdgghdgmuleoelvxabfmqiotta/Build/Intermediates.noindex/GoogleDataTransport.build/Debug/GoogleDataTransport_GoogleDataTransport-b.build/empty-GoogleDataTransport_GoogleDataTransport.plist -producttype com.apple.product-type.bundle -expandbuildsettings -platform macosx -o /Users/buddhirajgautam/Library/Developer/Xcode/DerivedData/Telegram-Mac-fygdgghdgmuleoelvxabfmqiotta/Build/Products/Debug/GoogleDataTransport_GoogleDataTransport.bundle/Contents/Info.plist

ProcessInfoPlistFile /Users/buddhirajgautam/Library/Developer/Xcode/DerivedData/Telegram-Mac-fygdgghdgmuleoelvxabfmqiotta/Build/Products/Debug/DustLayer_DustLayer.bundle/Contents/Info.plist /Users/buddhirajgautam/Library/Developer/Xcode/DerivedData/Telegram-Mac-fygdgghdgmuleoelvxabfmqiotta/Build/Intermediates.noindex/DustLayer.build/Debug/DustLayer_DustLayer-b.build/empty-DustLayer_DustLayer.plist (in target 'DustLayer_DustLayer' from project 'DustLayer')
    cd /Users/buddhirajgautam/Documents/Cherrygram-Mac/macOS-Swift/packages/DustLayer
    builtin-infoPlistUtility /Users/buddhirajgautam/Library/Developer/Xcode/DerivedData/Telegram-Mac-fygdgghdgmuleoelvxabfmqiotta/Build/Intermediates.noindex/DustLayer.build/Debug/DustLayer_DustLayer-b.build/empty-DustLayer_DustLayer.plist -producttype com.apple.product-type.bundle -expandbuildsettings -platform macosx -o /Users/buddhirajgautam/Library/Developer/Xcode/DerivedData/Telegram-Mac-fygdgghdgmuleoelvxabfmqiotta/Build/Products/Debug/DustLayer_DustLayer.bundle/Contents/Info.plist

ProcessInfoPlistFile /Users/buddhirajgautam/Library/Developer/Xcode/DerivedData/Telegram-Mac-fygdgghdgmuleoelvxabfmqiotta/Build/Products/Debug/CodeSyntax.framework/Versions/A/Resources/Info.plist /Users/buddhirajgautam/Library/Developer/Xcode/DerivedData/Telegram-Mac-fygdgghdgmuleoelvxabfmqiotta/Build/Intermediates.noindex/CodeSyntax.build/Debug/CodeSyntax.build/empty-CodeSyntax.plist (in target 'CodeSyntax' from project 'CodeSyntax')
    cd /Users/buddhirajgautam/Documents/Cherrygram-Mac/macOS-Swift/submodules/CodeSyntax/CodeSyntax
    builtin-infoPlistUtility /Users/buddhirajgautam/Library/Developer/Xcode/DerivedData/Telegram-Mac-fygdgghdgmuleoelvxabfmqiotta/Build/Intermediates.noindex/CodeSyntax.build/Debug/CodeSyntax.build/empty-CodeSyntax.plist -producttype com.apple.product-type.framework -expandbuildsettings -platform macosx -o /Users/buddhirajgautam/Library/Developer/Xcode/DerivedData/Telegram-Mac-fygdgghdgmuleoelvxabfmqiotta/Build/Products/Debug/CodeSyntax.framework/Versions/A/Resources/Info.plist

ProcessInfoPlistFile /Users/buddhirajgautam/Library/Developer/Xcode/DerivedData/Telegram-Mac-fygdgghdgmuleoelvxabfmqiotta/Build/Products/Debug/CallVideoLayer_CallVideoLayer.bundle/Contents/Info.plist /Users/buddhirajgautam/Library/Developer/Xcode/DerivedData/Telegram-Mac-fygdgghdgmuleoelvxabfmqiotta/Build/Intermediates.noindex/CallVideoLayer.build/Debug/CallVideoLayer_CallVideoLayer-b.build/empty-CallVideoLayer_CallVideoLayer.plist (in target 'CallVideoLayer_CallVideoLayer' from project 'CallVideoLayer')
    cd /Users/buddhirajgautam/Documents/Cherrygram-Mac/macOS-Swift/packages/CallVideoLayer
    builtin-infoPlistUtility /Users/buddhirajgautam/Library/Developer/Xcode/DerivedData/Telegram-Mac-fygdgghdgmuleoelvxabfmqiotta/Build/Intermediates.noindex/CallVideoLayer.build/Debug/CallVideoLayer_CallVideoLayer-b.build/empty-CallVideoLayer_CallVideoLayer.plist -producttype com.apple.product-type.bundle -expandbuildsettings -platform macosx -o /Users/buddhirajgautam/Library/Developer/Xcode/DerivedData/Telegram-Mac-fygdgghdgmuleoelvxabfmqiotta/Build/Products/Debug/CallVideoLayer_CallVideoLayer.bundle/Contents/Info.plist

VerifyModule /Users/buddhirajgautam/Library/Developer/Xcode/DerivedData/Telegram-Mac-fygdgghdgmuleoelvxabfmqiotta/Build/Products/Debug/CodeSyntax.framework (in target 'CodeSyntax' from project 'CodeSyntax')
    cd /Users/buddhirajgautam/Documents/Cherrygram-Mac/macOS-Swift/submodules/CodeSyntax/CodeSyntax
    /Applications/Xcode.app/Contents/Developer/Toolchains/XcodeDefault.xctoolchain/usr/bin/modules-verifier /Users/buddhirajgautam/Library/Developer/Xcode/DerivedData/Telegram-Mac-fygdgghdgmuleoelvxabfmqiotta/Build/Products/Debug/CodeSyntax.framework --clang /Applications/Xcode.app/Contents/Developer/Toolchains/XcodeDefault.xctoolchain/usr/bin/clang --diagnostic-filename-map /Users/buddhirajgautam/Library/Developer/Xcode/DerivedData/Telegram-Mac-fygdgghdgmuleoelvxabfmqiotta/Build/Intermediates.noindex/CodeSyntax.build/Debug/CodeSyntax.build/CodeSyntax-diagnostic-filename-map.json --sdk /Applications/Xcode.app/Contents/Developer/Platforms/MacOSX.platform/Developer/SDKs/MacOSX27.0.sdk --intermediates-directory /Users/buddhirajgautam/Library/Developer/Xcode/DerivedData/Telegram-Mac-fygdgghdgmuleoelvxabfmqiotta/Build/Intermediates.noindex/CodeSyntax.build/Debug/CodeSyntax.build/VerifyModule --target arm64-apple-macos12.0 --language objective-c --language objective-c++ --standard gnu17 --standard gnu++20

ProcessInfoPlistFile /Users/buddhirajgautam/Library/Developer/Xcode/DerivedData/Telegram-Mac-fygdgghdgmuleoelvxabfmqiotta/Build/Products/Debug/Autoupdate.app/Contents/Info.plist /Users/buddhirajgautam/Documents/Cherrygram-Mac/macOS-Swift/submodules/Sparkle/Sparkle/Autoupdate/Autoupdate-Info.plist (in target 'Autoupdate' from project 'Sparkle')
    cd /Users/buddhirajgautam/Documents/Cherrygram-Mac/macOS-Swift/submodules/Sparkle
    builtin-infoPlistUtility /Users/buddhirajgautam/Documents/Cherrygram-Mac/macOS-Swift/submodules/Sparkle/Sparkle/Autoupdate/Autoupdate-Info.plist -producttype com.apple.product-type.application -genpkginfo /Users/buddhirajgautam/Library/Developer/Xcode/DerivedData/Telegram-Mac-fygdgghdgmuleoelvxabfmqiotta/Build/Products/Debug/Autoupdate.app/Contents/PkgInfo -expandbuildsettings -platform macosx -additionalcontentfile /Users/buddhirajgautam/Library/Developer/Xcode/DerivedData/Telegram-Mac-fygdgghdgmuleoelvxabfmqiotta/Build/Intermediates.noindex/Sparkle.build/Debug/Autoupdate.build/SUStatus-PartialInfo.plist -o /Users/buddhirajgautam/Library/Developer/Xcode/DerivedData/Telegram-Mac-fygdgghdgmuleoelvxabfmqiotta/Build/Products/Debug/Autoupdate.app/Contents/Info.plist

ProcessInfoPlistFile /Users/buddhirajgautam/Library/Developer/Xcode/DerivedData/Telegram-Mac-fygdgghdgmuleoelvxabfmqiotta/Build/Products/Debug/GoogleUtilities_GoogleUtilities-Reachability.bundle/Contents/Info.plist /Users/buddhirajgautam/Library/Developer/Xcode/DerivedData/Telegram-Mac-fygdgghdgmuleoelvxabfmqiotta/Build/Intermediates.noindex/GoogleUtilities.build/Debug/GoogleUtilities_GoogleUtilities-Reachability-b.build/empty-GoogleUtilities_GoogleUtilities-Reachability.plist (in target 'GoogleUtilities_GoogleUtilities-Reachability' from project 'GoogleUtilities')
    cd /Users/buddhirajgautam/Library/Developer/Xcode/DerivedData/Telegram-Mac-fygdgghdgmuleoelvxabfmqiotta/SourcePackages/checkouts/GoogleUtilities
    builtin-infoPlistUtility /Users/buddhirajgautam/Library/Developer/Xcode/DerivedData/Telegram-Mac-fygdgghdgmuleoelvxabfmqiotta/Build/Intermediates.noindex/GoogleUtilities.build/Debug/GoogleUtilities_GoogleUtilities-Reachability-b.build/empty-GoogleUtilities_GoogleUtilities-Reachability.plist -producttype com.apple.product-type.bundle -expandbuildsettings -platform macosx -o /Users/buddhirajgautam/Library/Developer/Xcode/DerivedData/Telegram-Mac-fygdgghdgmuleoelvxabfmqiotta/Build/Products/Debug/GoogleUtilities_GoogleUtilities-Reachability.bundle/Contents/Info.plist

ProcessInfoPlistFile /Users/buddhirajgautam/Library/Developer/Xcode/DerivedData/Telegram-Mac-fygdgghdgmuleoelvxabfmqiotta/Build/Products/Debug/TelegramShare.appex/Contents/Info.plist /Users/buddhirajgautam/Documents/Cherrygram-Mac/macOS-Swift/TelegramShare/Info.plist (in target 'TelegramShare' from project 'Telegram')
    cd /Users/buddhirajgautam/Documents/Cherrygram-Mac/macOS-Swift
    builtin-infoPlistUtility /Users/buddhirajgautam/Documents/Cherrygram-Mac/macOS-Swift/TelegramShare/Info.plist -producttype com.apple.product-type.app-extension -expandbuildsettings -platform macosx -additionalcontentfile /Users/buddhirajgautam/Library/Developer/Xcode/DerivedData/Telegram-Mac-fygdgghdgmuleoelvxabfmqiotta/Build/Intermediates.noindex/Telegram.build/Debug/TelegramShare.build/assetcatalog_generated_info.plist -additionalcontentfile /Users/buddhirajgautam/Library/Developer/Xcode/DerivedData/Telegram-Mac-fygdgghdgmuleoelvxabfmqiotta/Build/Intermediates.noindex/Telegram.build/Debug/TelegramShare.build/Base.lproj/ShareViewController-PartialInfo.plist -o /Users/buddhirajgautam/Library/Developer/Xcode/DerivedData/Telegram-Mac-fygdgghdgmuleoelvxabfmqiotta/Build/Products/Debug/TelegramShare.appex/Contents/Info.plist

PhaseScriptExecution Run\ Script:\ Set\ Git\ Version\ Info /Users/buddhirajgautam/Library/Developer/Xcode/DerivedData/Telegram-Mac-fygdgghdgmuleoelvxabfmqiotta/Build/Intermediates.noindex/Sparkle.build/Debug/Autoupdate.build/Script-14652F7B19A945D600959E44.sh (in target 'Autoupdate' from project 'Sparkle')
    cd /Users/buddhirajgautam/Documents/Cherrygram-Mac/macOS-Swift/submodules/Sparkle
    /bin/sh -c /Users/buddhirajgautam/Library/Developer/Xcode/DerivedData/Telegram-Mac-fygdgghdgmuleoelvxabfmqiotta/Build/Intermediates.noindex/Sparkle.build/Debug/Autoupdate.build/Script-14652F7B19A945D600959E44.sh
fatal: No names found, cannot describe anything.
/Users/buddhirajgautam/Documents/Cherrygram-Mac/macOS-Swift/submodules/Sparkle/Configurations/set-git-version-info.sh: Can't find a Git hash!

ProcessInfoPlistFile /Users/buddhirajgautam/Library/Developer/Xcode/DerivedData/Telegram-Mac-fygdgghdgmuleoelvxabfmqiotta/Build/Products/Debug/Sparkle.framework/Versions/A/Resources/Info.plist /Users/buddhirajgautam/Documents/Cherrygram-Mac/macOS-Swift/submodules/Sparkle/Sparkle/Sparkle-Info.plist (in target 'Sparkle' from project 'Sparkle')
    cd /Users/buddhirajgautam/Documents/Cherrygram-Mac/macOS-Swift/submodules/Sparkle
    builtin-infoPlistUtility /Users/buddhirajgautam/Documents/Cherrygram-Mac/macOS-Swift/submodules/Sparkle/Sparkle/Sparkle-Info.plist -producttype com.apple.product-type.framework -expandbuildsettings -platform macosx -additionalcontentfile /Users/buddhirajgautam/Library/Developer/Xcode/DerivedData/Telegram-Mac-fygdgghdgmuleoelvxabfmqiotta/Build/Intermediates.noindex/Sparkle.build/Debug/Sparkle.build/SUStatus-PartialInfo.plist -o /Users/buddhirajgautam/Library/Developer/Xcode/DerivedData/Telegram-Mac-fygdgghdgmuleoelvxabfmqiotta/Build/Products/Debug/Sparkle.framework/Versions/A/Resources/Info.plist

PhaseScriptExecution Run\ Script:\ Set\ Git\ Version\ Info /Users/buddhirajgautam/Library/Developer/Xcode/DerivedData/Telegram-Mac-fygdgghdgmuleoelvxabfmqiotta/Build/Intermediates.noindex/Sparkle.build/Debug/Sparkle.build/Script-6131B1910DDCDE32005215F0.sh (in target 'Sparkle' from project 'Sparkle')
    cd /Users/buddhirajgautam/Documents/Cherrygram-Mac/macOS-Swift/submodules/Sparkle
    /bin/sh -c /Users/buddhirajgautam/Library/Developer/Xcode/DerivedData/Telegram-Mac-fygdgghdgmuleoelvxabfmqiotta/Build/Intermediates.noindex/Sparkle.build/Debug/Sparkle.build/Script-6131B1910DDCDE32005215F0.sh
fatal: No names found, cannot describe anything.
/Users/buddhirajgautam/Documents/Cherrygram-Mac/macOS-Swift/submodules/Sparkle/Configurations/set-git-version-info.sh: Can't find a Git hash!

warning: Run script build phase 'Run Script' will be run during every build because it does not specify any outputs. To address this issue, either add output dependencies to the script phase, or configure it to run in every build by unchecking "Based on dependency analysis" in the script phase. (in target 'Telegram' from project 'Telegram')
warning: Run script build phase 'Run Script' will be run during every build because it does not specify any outputs. To address this issue, either add output dependencies to the script phase, or configure it to run in every build by unchecking "Based on dependency analysis" in the script phase. (in target 'Telegram' from project 'Telegram')
warning: Run script build phase 'Fix Shallow Bundles' will be run during every build because it does not specify any outputs. To address this issue, either add output dependencies to the script phase, or configure it to run in every build by unchecking "Based on dependency analysis" in the script phase. (in target 'Telegram' from project 'Telegram')
warning: Skipping duplicate build file in Copy Bundle Resources build phase: /Users/buddhirajgautam/Documents/Cherrygram-Mac/macOS-Swift/Telegram-Mac/Base.lproj/MainMenu.xib (in target 'Telegram' from project 'Telegram')
Copy /Users/buddhirajgautam/Library/Developer/Xcode/DerivedData/Telegram-Mac-fygdgghdgmuleoelvxabfmqiotta/Build/Products/Debug/Telegram.app/Contents/Frameworks/Sparkle.framework /Users/buddhirajgautam/Library/Developer/Xcode/DerivedData/Telegram-Mac-fygdgghdgmuleoelvxabfmqiotta/Build/Products/Debug/Sparkle.framework (in target 'Telegram' from project 'Telegram')
    cd /Users/buddhirajgautam/Documents/Cherrygram-Mac/macOS-Swift
    builtin-copy -exclude .DS_Store -exclude CVS -exclude .svn -exclude .git -exclude .hg -exclude Headers -exclude PrivateHeaders -exclude Modules -exclude \*.tbd -resolve-src-symlinks -remove-static-executable /Users/buddhirajgautam/Library/Developer/Xcode/DerivedData/Telegram-Mac-fygdgghdgmuleoelvxabfmqiotta/Build/Products/Debug/Sparkle.framework /Users/buddhirajgautam/Library/Developer/Xcode/DerivedData/Telegram-Mac-fygdgghdgmuleoelvxabfmqiotta/Build/Products/Debug/Telegram.app/Contents/Frameworks

CompileAssetCatalogVariant thinned /Users/buddhirajgautam/Library/Developer/Xcode/DerivedData/Telegram-Mac-fygdgghdgmuleoelvxabfmqiotta/Build/Products/Debug/Telegram.app/Contents/Resources /Users/buddhirajgautam/Documents/Cherrygram-Mac/macOS-Swift/Telegram-Mac/Assets.xcassets (in target 'Telegram' from project 'Telegram')
    cd /Users/buddhirajgautam/Documents/Cherrygram-Mac/macOS-Swift
    /Applications/Xcode.app/Contents/Developer/usr/bin/actool /Users/buddhirajgautam/Documents/Cherrygram-Mac/macOS-Swift/Telegram-Mac/Assets.xcassets --compile /Users/buddhirajgautam/Library/Developer/Xcode/DerivedData/Telegram-Mac-fygdgghdgmuleoelvxabfmqiotta/Build/Intermediates.noindex/Telegram.build/Debug/Telegram.build/assetcatalog_output/thinned --output-format human-readable-text --notices --warnings --export-dependency-info /Users/buddhirajgautam/Library/Developer/Xcode/DerivedData/Telegram-Mac-fygdgghdgmuleoelvxabfmqiotta/Build/Intermediates.noindex/Telegram.build/Debug/Telegram.build/assetcatalog_dependencies_thinned --output-partial-info-plist /Users/buddhirajgautam/Library/Developer/Xcode/DerivedData/Telegram-Mac-fygdgghdgmuleoelvxabfmqiotta/Build/Intermediates.noindex/Telegram.build/Debug/Telegram.build/assetcatalog_generated_info.plist_thinned --app-icon AppIcon --enable-on-demand-resources NO --development-region English --target-device mac --minimum-deployment-target 12.0 --platform macosx
/* com.apple.actool.compilation-results */
/Users/buddhirajgautam/Library/Developer/Xcode/DerivedData/Telegram-Mac-fygdgghdgmuleoelvxabfmqiotta/Build/Intermediates.noindex/Telegram.build/Debug/Telegram.build/assetcatalog_generated_info.plist_thinned
/Users/buddhirajgautam/Library/Developer/Xcode/DerivedData/Telegram-Mac-fygdgghdgmuleoelvxabfmqiotta/Build/Intermediates.noindex/Telegram.build/Debug/Telegram.build/assetcatalog_output/thinned/AppIcon.icns
/Users/buddhirajgautam/Library/Developer/Xcode/DerivedData/Telegram-Mac-fygdgghdgmuleoelvxabfmqiotta/Build/Intermediates.noindex/Telegram.build/Debug/Telegram.build/assetcatalog_output/thinned/Assets.car


SwiftDriver Telegram normal arm64 com.apple.xcode.tools.swift.compiler (in target 'Telegram' from project 'Telegram')
    cd /Users/buddhirajgautam/Documents/Cherrygram-Mac/macOS-Swift
    builtin-SwiftDriver -- /Applications/Xcode.app/Contents/Developer/Toolchains/XcodeDefault.xctoolchain/usr/bin/swiftc -module-name Telegram -Onone -enforce-exclusivity\=unchecked @/Users/buddhirajgautam/Library/Developer/Xcode/DerivedData/Telegram-Mac-fygdgghdgmuleoelvxabfmqiotta/Build/Intermediates.noindex/Telegram.build/Debug/Telegram.build/Objects-normal/arm64/Telegram.SwiftFileList -DDEBUG -Xcc -fmodule-map-file\=/Users/buddhirajgautam/Library/Developer/Xcode/DerivedData/Telegram-Mac-fygdgghdgmuleoelvxabfmqiotta/Build/Intermediates.noindex/GeneratedModuleMaps/HotKey.modulemap -Xcc -fmodule-map-file\=/Users/buddhirajgautam/Library/Developer/Xcode/DerivedData/Telegram-Mac-fygdgghdgmuleoelvxabfmqiotta/Build/Intermediates.noindex/GeneratedModuleMaps/sqlcipher.modulemap -Xcc -fmodule-map-file\=/Users/buddhirajgautam/Library/Developer/Xcode/DerivedData/Telegram-Mac-fygdgghdgmuleoelvxabfmqiotta/Build/Intermediates.noindex/GeneratedModuleMaps/StringTransliteration.modulemap -Xcc -fmodule-map-file\=/Users/buddhirajgautam/Library/Developer/Xcode/DerivedData/Telegram-Mac-fygdgghdgmuleoelvxabfmqiotta/Build/Intermediates.noindex/GeneratedModuleMaps/Crc32.modulemap -Xcc -fmodule-map-file\=/Users/buddhirajgautam/Library/Developer/Xcode/DerivedData/Telegram-Mac-fygdgghdgmuleoelvxabfmqiotta/Build/Intermediates.noindex/GeneratedModuleMaps/minizip.modulemap -Xcc -fmodule-map-file\=/Users/buddhirajgautam/Library/Developer/Xcode/DerivedData/Telegram-Mac-fygdgghdgmuleoelvxabfmqiotta/Build/Intermediates.noindex/GeneratedModuleMaps/libphonenumber.modulemap -Xcc -fmodule-map-file\=/Users/buddhirajgautam/Library/Developer/Xcode/DerivedData/Telegram-Mac-fygdgghdgmuleoelvxabfmqiotta/Build/Intermediates.noindex/GeneratedModuleMaps/MurMurHash32.modulemap -Xcc -fmodule-map-file\=/Users/buddhirajgautam/Library/Developer/Xcode/DerivedData/Telegram-Mac-fygdgghdgmuleoelvxabfmqiotta/Build/Intermediates.noindex/GeneratedModuleMaps/Stripe.modulemap -Xcc -fmodule-map-file\=/Users/buddhirajgautam/Library/Developer/Xcode/DerivedData/Telegram-Mac-fygdgghdgmuleoelvxabfmqiotta/Build/Intermediates.noindex/GeneratedModuleMaps/FastBlur.modulemap -Xcc -fmodule-map-file\=/Users/buddhirajgautam/Library/Developer/Xcode/DerivedData/Telegram-Mac-fygdgghdgmuleoelvxabfmqiotta/Build/Intermediates.noindex/GeneratedModuleMaps/TGCurrencyFormatter.modulemap -Xcc -fmodule-map-file\=/Users/buddhirajgautam/Library/Developer/Xcode/DerivedData/Telegram-Mac-fygdgghdgmuleoelvxabfmqiotta/Build/Intermediates.noindex/GeneratedModuleMaps/FFMpegBinding.modulemap -Xcc -fmodule-map-file\=/Users/buddhirajgautam/Library/Developer/Xcode/DerivedData/Telegram-Mac-fygdgghdgmuleoelvxabfmqiotta/Build/Intermediates.noindex/GeneratedModuleMaps/TgVoipWebrtc.modulemap -Xcc -fmodule-map-file\=/Users/buddhirajgautam/Library/Developer/Xcode/DerivedData/Telegram-Mac-fygdgghdgmuleoelvxabfmqiotta/Build/Intermediates.noindex/GeneratedModuleMaps/rnoise.modulemap -Xcc -fmodule-map-file\=/Users/buddhirajgautam/Library/Developer/Xcode/DerivedData/Telegram-Mac-fygdgghdgmuleoelvxabfmqiotta/Build/Intermediates.noindex/GeneratedModuleMaps/YuvConversion.modulemap -Xcc -fmodule-map-file\=/Users/buddhirajgautam/Library/Developer/Xcode/DerivedData/Telegram-Mac-fygdgghdgmuleoelvxabfmqiotta/Build/Intermediates.noindex/GeneratedModuleMaps/NetworkLogging.modulemap -Xcc -fmodule-map-file\=/Users/buddhirajgautam/Library/Developer/Xcode/DerivedData/Telegram-Mac-fygdgghdgmuleoelvxabfmqiotta/Build/Intermediates.noindex/GeneratedModuleMaps/DarwinDirStat.modulemap -Xcc -fmodule-map-file\=/Users/buddhirajgautam/Library/Developer/Xcode/DerivedData/Telegram-Mac-fygdgghdgmuleoelvxabfmqiotta/Build/Intermediates.noindex/GeneratedModuleMaps/LegacyReachability.modulemap -Xcc -fmodule-map-file\=/Users/buddhirajgautam/Library/Developer/Xcode/DerivedData/Telegram-Mac-fygdgghdgmuleoelvxabfmqiotta/Build/Intermediates.noindex/GeneratedModuleMaps/DateUtils.modulemap -Xcc -fmodule-map-file\=/Users/buddhirajgautam/Library/Developer/Xcode/DerivedData/Telegram-Mac-fygdgghdgmuleoelvxabfmqiotta/Build/Intermediates.noindex/GeneratedModuleMaps/NumberPluralization.modulemap -Xcc -fmodule-map-file\=/Users/buddhirajgautam/Library/Developer/Xcode/DerivedData/Telegram-Mac-fygdgghdgmuleoelvxabfmqiotta/Build/Intermediates.noindex/GeneratedModuleMaps/TGModernGrowingTextView.modulemap -Xcc -fmodule-map-file\=/Users/buddhirajgautam/Library/Developer/Xcode/DerivedData/Telegram-Mac-fygdgghdgmuleoelvxabfmqiotta/Build/Intermediates.noindex/GeneratedModuleMaps/HackUtils.modulemap -Xcc -fmodule-map-file\=/Users/buddhirajgautam/Library/Developer/Xcode/DerivedData/Telegram-Mac-fygdgghdgmuleoelvxabfmqiotta/Build/Intermediates.noindex/GeneratedModuleMaps/InAppVideoServices.modulemap -Xcc -fmodule-map-file\=/Users/buddhirajgautam/Library/Developer/Xcode/DerivedData/Telegram-Mac-fygdgghdgmuleoelvxabfmqiotta/Build/Intermediates.noindex/GeneratedModuleMaps/ShelfPack.modulemap -Xcc -fmodule-map-file\=/Users/buddhirajgautam/Library/Developer/Xcode/DerivedData/Telegram-Mac-fygdgghdgmuleoelvxabfmqiotta/Build/Intermediates.noindex/GeneratedModuleMaps/Mozjpeg.modulemap -Xcc -fmodule-map-file\=/Users/buddhirajgautam/Library/Developer/Xcode/DerivedData/Telegram-Mac-fygdgghdgmuleoelvxabfmqiotta/Build/Intermediates.noindex/GeneratedModuleMaps/TdBinding.modulemap -Xcc -fmodule-map-file\=/Users/buddhirajgautam/Library/Developer/Xcode/DerivedData/Telegram-Mac-fygdgghdgmuleoelvxabfmqiotta/Build/Intermediates.noindex/GeneratedModuleMaps/LokiRng.modulemap -Xcc -fmodule-map-file\=/Users/buddhirajgautam/Library/Developer/Xcode/DerivedData/Telegram-Mac-fygdgghdgmuleoelvxabfmqiotta/Build/Intermediates.noindex/GeneratedModuleMaps/CryptoUtils.modulemap -Xcc -fmodule-map-file\=/Users/buddhirajgautam/Library/Developer/Xcode/DerivedData/Telegram-Mac-fygdgghdgmuleoelvxabfmqiotta/Build/Intermediates.noindex/GeneratedModuleMaps/BuildConfig.modulemap -Xcc -fmodule-map-file\=/Users/buddhirajgautam/Library/Developer/Xcode/DerivedData/Telegram-Mac-fygdgghdgmuleoelvxabfmqiotta/Build/Intermediates.noindex/GeneratedModuleMaps/OpenSSLEncryption.modulemap -Xcc -fmodule-map-file\=/Users/buddhirajgautam/Library/Developer/Xcode/DerivedData/Telegram-Mac-fygdgghdgmuleoelvxabfmqiotta/Build/Intermediates.noindex/GeneratedModuleMaps/EDSunriseSet.modulemap -Xcc -fmodule-map-file\=/Users/buddhirajgautam/Library/Developer/Xcode/DerivedData/Telegram-Mac-fygdgghdgmuleoelvxabfmqiotta/Build/Intermediates.noindex/GeneratedModuleMaps/OCR.modulemap -Xcc -fmodule-map-file\=/Users/buddhirajgautam/Library/Developer/Xcode/DerivedData/Telegram-Mac-fygdgghdgmuleoelvxabfmqiotta/Build/Intermediates.noindex/GeneratedModuleMaps/GoogleDataTransport.modulemap -Xcc -fmodule-map-file\=/Users/buddhirajgautam/Library/Developer/Xcode/DerivedData/Telegram-Mac-fygdgghdgmuleoelvxabfmqiotta/Build/Intermediates.noindex/GeneratedModuleMaps/FirebaseCrashlytics.modulemap -Xcc -fmodule-map-file\=/Users/buddhirajgautam/Library/Developer/Xcode/DerivedData/Telegram-Mac-fygdgghdgmuleoelvxabfmqiotta/Build/Intermediates.noindex/GeneratedModuleMaps/CalendarUtils.modulemap -Xcc -fmodule-map-file\=/Users/buddhirajgautam/Library/Developer/Xcode/DerivedData/Telegram-Mac-fygdgghdgmuleoelvxabfmqiotta/SourcePackages/checkouts/promises/Sources/FBLPromises/include/module.modulemap -Xcc -fmodule-map-file\=/Users/buddhirajgautam/Library/Developer/Xcode/DerivedData/Telegram-Mac-fygdgghdgmuleoelvxabfmqiotta/Build/Intermediates.noindex/GeneratedModuleMaps/GoogleUtilities-UserDefaults.modulemap -Xcc -fmodule-map-file\=/Users/buddhirajgautam/Library/Developer/Xcode/DerivedData/Telegram-Mac-fygdgghdgmuleoelvxabfmqiotta/Build/Intermediates.noindex/GeneratedModuleMaps/GoogleAppMeasurementTarget.modulemap -Xcc -fmodule-map-file\=/Users/buddhirajgautam/Library/Developer/Xcode/DerivedData/Telegram-Mac-fygdgghdgmuleoelvxabfmqiotta/Build/Intermediates.noindex/GeneratedModuleMaps/GoogleUtilities-AppDelegateSwizzler.modulemap -Xcc -fmodule-map-file\=/Users/buddhirajgautam/Library/Developer/Xcode/DerivedData/Telegram-Mac-fygdgghdgmuleoelvxabfmqiotta/Build/Intermediates.noindex/GeneratedModuleMaps/GoogleUtilities-MethodSwizzler.modulemap -Xcc -fmodule-map-file\=/Users/buddhirajgautam/Library/Developer/Xcode/DerivedData/Telegram-Mac-fygdgghdgmuleoelvxabfmqiotta/Build/Intermediates.noindex/GeneratedModuleMaps/GoogleUtilities-Reachability.modulemap -Xcc -fmodule-map-file\=/Users/buddhirajgautam/Library/Developer/Xcode/DerivedData/Telegram-Mac-fygdgghdgmuleoelvxabfmqiotta/Build/Intermediates.noindex/GeneratedModuleMaps/GoogleUtilities-NSData.modulemap -Xcc -fmodule-map-file\=/Users/buddhirajgautam/Library/Developer/Xcode/DerivedData/Telegram-Mac-fygdgghdgmuleoelvxabfmqiotta/Build/Intermediates.noindex/GeneratedModuleMaps/GoogleUtilities-Logger.modulemap -Xcc -fmodule-map-file\=/Users/buddhirajgautam/Library/Developer/Xcode/DerivedData/Telegram-Mac-fygdgghdgmuleoelvxabfmqiotta/Build/Intermediates.noindex/GeneratedModuleMaps/GoogleUtilities-Environment.modulemap -Xcc -fmodule-map-file\=/Users/buddhirajgautam/Library/Developer/Xcode/DerivedData/Telegram-Mac-fygdgghdgmuleoelvxabfmqiotta/Build/Intermediates.noindex/GeneratedModuleMaps/third-party-IsAppEncrypted.modulemap -Xcc -fmodule-map-file\=/Users/buddhirajgautam/Library/Developer/Xcode/DerivedData/Telegram-Mac-fygdgghdgmuleoelvxabfmqiotta/Build/Intermediates.noindex/GeneratedModuleMaps/GoogleUtilities-Network.modulemap -Xcc -fmodule-map-file\=/Users/buddhirajgautam/Library/Developer/Xcode/DerivedData/Telegram-Mac-fygdgghdgmuleoelvxabfmqiotta/Build/Intermediates.noindex/GeneratedModuleMaps/nanopb.modulemap -Xcc -fmodule-map-file\=/Users/buddhirajgautam/Library/Developer/Xcode/DerivedData/Telegram-Mac-fygdgghdgmuleoelvxabfmqiotta/Build/Intermediates.noindex/GeneratedModuleMaps/FirebaseAnalyticsWrapper.modulemap -Xcc -fmodule-map-file\=/Users/buddhirajgautam/Library/Developer/Xcode/DerivedData/Telegram-Mac-fygdgghdgmuleoelvxabfmqiotta/Build/Intermediates.noindex/GeneratedModuleMaps/FirebaseInstallations.modulemap -Xcc -fmodule-map-file\=/Users/buddhirajgautam/Library/Developer/Xcode/DerivedData/Telegram-Mac-fygdgghdgmuleoelvxabfmqiotta/Build/Intermediates.noindex/GeneratedModuleMaps/FirebaseCore.modulemap -Xcc -fmodule-map-file\=/Users/buddhirajgautam/Library/Developer/Xcode/DerivedData/Telegram-Mac-fygdgghdgmuleoelvxabfmqiotta/SourcePackages/checkouts/firebase-ios-sdk/CoreOnly/Sources/module.modulemap -Xcc -fmodule-map-file\=/Users/buddhirajgautam/Library/Developer/Xcode/DerivedData/Telegram-Mac-fygdgghdgmuleoelvxabfmqiotta/Build/Intermediates.noindex/GeneratedModuleMaps/FirebaseAnalyticsTarget.modulemap -Xcc -fmodule-map-file\=/Users/buddhirajgautam/Library/Developer/Xcode/DerivedData/Telegram-Mac-fygdgghdgmuleoelvxabfmqiotta/Build/Intermediates.noindex/GeneratedModuleMaps/GZIP.modulemap -Xcc -fmodule-map-file\=/Users/buddhirajgautam/Library/Developer/Xcode/DerivedData/Telegram-Mac-fygdgghdgmuleoelvxabfmqiotta/Build/Intermediates.noindex/GeneratedModuleMaps/EncryptionProvider.modulemap -Xcc -fmodule-map-file\=/Users/buddhirajgautam/Library/Developer/Xcode/DerivedData/Telegram-Mac-fygdgghdgmuleoelvxabfmqiotta/Build/Intermediates.noindex/GeneratedModuleMaps/MtProtoKit.modulemap -Xcc -fmodule-map-file\=/Users/buddhirajgautam/Library/Developer/Xcode/DerivedData/Telegram-Mac-fygdgghdgmuleoelvxabfmqiotta/Build/Intermediates.noindex/GeneratedModuleMaps/OpusBinding.modulemap -Xcc -fmodule-map-file\=/Users/buddhirajgautam/Library/Developer/Xcode/DerivedData/Telegram-Mac-fygdgghdgmuleoelvxabfmqiotta/Build/Intermediates.noindex/GeneratedModuleMaps/ObjcUtils.modulemap -Xcc -fmodule-map-file\=/Users/buddhirajgautam/Library/Developer/Xcode/DerivedData/Telegram-Mac-fygdgghdgmuleoelvxabfmqiotta/Build/Intermediates.noindex/GeneratedModuleMaps/TGVideoCameraMovie.modulemap -Xcc -fmodule-map-file\=/Users/buddhirajgautam/Library/Developer/Xcode/DerivedData/Telegram-Mac-fygdgghdgmuleoelvxabfmqiotta/Build/Intermediates.noindex/GeneratedModuleMaps/TGGifConverter.modulemap -Xcc -fmodule-map-file\=/Users/buddhirajgautam/Library/Developer/Xcode/DerivedData/Telegram-Mac-fygdgghdgmuleoelvxabfmqiotta/Build/Intermediates.noindex/GeneratedModuleMaps/RingBuffer.modulemap -Xcc -fmodule-map-file\=/Users/buddhirajgautam/Library/Developer/Xcode/DerivedData/Telegram-Mac-fygdgghdgmuleoelvxabfmqiotta/Build/Intermediates.noindex/GeneratedModuleMaps/TGPassportMRZ.modulemap -Xcc -fmodule-map-file\=/Users/buddhirajgautam/Library/Developer/Xcode/DerivedData/Telegram-Mac-fygdgghdgmuleoelvxabfmqiotta/Build/Intermediates.noindex/GeneratedModuleMaps/libwebp.modulemap -Xcc -fmodule-map-file\=/Users/buddhirajgautam/Library/Developer/Xcode/DerivedData/Telegram-Mac-fygdgghdgmuleoelvxabfmqiotta/Build/Intermediates.noindex/GeneratedModuleMaps/DetectSpeech.modulemap -Xcc -fmodule-map-file\=/Users/buddhirajgautam/Library/Developer/Xcode/DerivedData/Telegram-Mac-fygdgghdgmuleoelvxabfmqiotta/Build/Intermediates.noindex/GeneratedModuleMaps/EmojiSuggestions.modulemap -Xcc -fmodule-map-file\=/Users/buddhirajgautam/Library/Developer/Xcode/DerivedData/Telegram-Mac-fygdgghdgmuleoelvxabfmqiotta/Build/Intermediates.noindex/GeneratedModuleMaps/Svg.modulemap -DBETA -enable-bare-slash-regex -enable-experimental-feature DebugDescriptionMacro -sdk /Applications/Xcode.app/Contents/Developer/Platforms/MacOSX.platform/Developer/SDKs/MacOSX27.0.sdk -target arm64-apple-macos12.0 -g -module-cache-path /Users/buddhirajgautam/Library/Developer/Xcode/DerivedData/ModuleCache.noindex -Xfrontend -serialize-debugging-options -profile-coverage-mapping -profile-generate -Xfrontend -disable-reflection-metadata -index-store-path /Users/buddhirajgautam/Library/Developer/Xcode/DerivedData/Telegram-Mac-fygdgghdgmuleoelvxabfmqiotta/Index.noindex/DataStore -Xcc -D_LIBCPP_HARDENING_MODE\=_LIBCPP_HARDENING_MODE_DEBUG -swift-version 5 -I /Users/buddhirajgautam/Library/Developer/Xcode/DerivedData/Telegram-Mac-fygdgghdgmuleoelvxabfmqiotta/Build/Products/Debug -F /Users/buddhirajgautam/Library/Developer/Xcode/DerivedData/Telegram-Mac-fygdgghdgmuleoelvxabfmqiotta/Build/Products/Debug/PackageFrameworks -F /Users/buddhirajgautam/Library/Developer/Xcode/DerivedData/Telegram-Mac-fygdgghdgmuleoelvxabfmqiotta/Build/Products/Debug -F /Users/buddhirajgautam/Documents/Cherrygram-Mac/macOS-Swift -F /Applications/Xcode.app/Contents/Developer/Platforms/MacOSX.platform/Developer/SDKs/MacOSX27.0.sdk/System/Library/PrivateFrameworks -F /Users/buddhirajgautam/Documents/Cherrygram-Mac/macOS-Swift/submodules -F /Users/buddhirajgautam/Documents/Cherrygram-Mac/macOS-Swift/submodules/AppCenter -c -j8 -enable-batch-mode -incremental -Xcc -ivfsstatcache -Xcc /Users/buddhirajgautam/Library/Developer/Xcode/DerivedData/SDKStatCaches.noindex/macosx27.0-26A425-e829b21a6f8c9b70876ba0858053c0447231f6df4def33e022ae2eb8f782df1a.sdkstatcache -output-file-map /Users/buddhirajgautam/Library/Developer/Xcode/DerivedData/Telegram-Mac-fygdgghdgmuleoelvxabfmqiotta/Build/Intermediates.noindex/Telegram.build/Debug/Telegram.build/Objects-normal/arm64/Telegram-OutputFileMap.json -save-temps -no-color-diagnostics -explicit-module-build -module-cache-path /Users/buddhirajgautam/Library/Developer/Xcode/DerivedData/Telegram-Mac-fygdgghdgmuleoelvxabfmqiotta/Build/Intermediates.noindex/SwiftExplicitPrecompiledModules -clang-scanner-module-cache-path /Users/buddhirajgautam/Library/Developer/Xcode/DerivedData/ModuleCache.noindex -sdk-module-cache-path /Users/buddhirajgautam/Library/Developer/Xcode/DerivedData/SDKExplicitPrecompiledModules -emit-dependencies -emit-module -emit-module-path /Users/buddhirajgautam/Library/Developer/Xcode/DerivedData/Telegram-Mac-fygdgghdgmuleoelvxabfmqiotta/Build/Intermediates.noindex/Telegram.build/Debug/Telegram.build/Objects-normal/arm64/Telegram.swiftmodule -serialize-diagnostics -dependency-scan-serialize-diagnostics-path /Users/buddhirajgautam/Library/Developer/Xcode/DerivedData/Telegram-Mac-fygdgghdgmuleoelvxabfmqiotta/Build/Intermediates.noindex/Telegram.build/Debug/Telegram.build/Objects-normal/arm64/Telegram-dependency-scan.dia -validate-clang-modules-once -clang-build-session-file /Users/buddhirajgautam/Library/Developer/Xcode/DerivedData/ModuleCache.noindex/Session.modulevalidation -Xcc -fmodules-prune-interval\=86400 -Xcc -fmodules-prune-after\=345600 -emit-const-values -const-gather-protocols-list /Users/buddhirajgautam/Library/Developer/Xcode/DerivedData/Telegram-Mac-fygdgghdgmuleoelvxabfmqiotta/Build/Intermediates.noindex/Telegram.build/Debug/Telegram.build/Objects-normal/arm64/Telegram_const_extract_protocols.json -Xcc -iquote -Xcc /Users/buddhirajgautam/Library/Developer/Xcode/DerivedData/Telegram-Mac-fygdgghdgmuleoelvxabfmqiotta/Build/Intermediates.noindex/Telegram.build/Debug/Telegram.build/Telegram-generated-files.hmap -Xcc -I/Users/buddhirajgautam/Library/Developer/Xcode/DerivedData/Telegram-Mac-fygdgghdgmuleoelvxabfmqiotta/Build/Intermediates.noindex/Telegram.build/Debug/Telegram.build/Telegram-own-target-headers.hmap -Xcc -I/Users/buddhirajgautam/Library/Developer/Xcode/DerivedData/Telegram-Mac-fygdgghdgmuleoelvxabfmqiotta/Build/Intermediates.noindex/Telegram.build/Debug/Telegram.build/Telegram-all-non-framework-target-headers.hmap -Xcc -ivfsoverlay -Xcc /Users/buddhirajgautam/Library/Developer/Xcode/DerivedData/Telegram-Mac-fygdgghdgmuleoelvxabfmqiotta/Build/Intermediates.noindex/Telegram.build/Debug/Telegram-dbe0546bccfdc52e72cb2837036a25ae-VFS/all-product-headers.yaml -Xcc -iquote -Xcc /Users/buddhirajgautam/Library/Developer/Xcode/DerivedData/Telegram-Mac-fygdgghdgmuleoelvxabfmqiotta/Build/Intermediates.noindex/Telegram.build/Debug/Telegram.build/Telegram-project-headers.hmap -Xcc -I/Users/buddhirajgautam/Documents/Cherrygram-Mac/macOS-Swift/packages/HotKey/Sources/include -Xcc -I/Users/buddhirajgautam/Documents/Cherrygram-Mac/macOS-Swift/submodules/telegram-ios/submodules/sqlcipher/PublicHeaders -Xcc -I/Users/buddhirajgautam/Documents/Cherrygram-Mac/macOS-Swift/submodules/telegram-ios/submodules/StringTransliteration/PublicHeaders -Xcc -I/Users/buddhirajgautam/Documents/Cherrygram-Mac/macOS-Swift/submodules/telegram-ios/submodules/Crc32/PublicHeaders -Xcc -I/Users/buddhirajgautam/Documents/Cherrygram-Mac/macOS-Swift/submodules/minizip/Sources -Xcc -I/Users/buddhirajgautam/Documents/Cherrygram-Mac/macOS-Swift/submodules/telegram-ios/submodules/libphonenumber/PublicHeaders -Xcc -I/Users/buddhirajgautam/Documents/Cherrygram-Mac/macOS-Swift/submodules/telegram-ios/submodules/MurMurHash32/PublicHeaders -Xcc -I/Users/buddhirajgautam/Documents/Cherrygram-Mac/macOS-Swift/submodules/Stripe/PublicHeaders -Xcc -I/Users/buddhirajgautam/Documents/Cherrygram-Mac/macOS-Swift/packages/FastBlur/Sources/FastBlur -Xcc -I/Users/buddhirajgautam/Documents/Cherrygram-Mac/macOS-Swift/packages/TGCurrencyFormatter/Sources/TGCurrencyFormatter -Xcc -I/Users/buddhirajgautam/Documents/Cherrygram-Mac/macOS-Swift/submodules/telegram-ios/submodules/FFMpegBinding/Public -Xcc -I/Users/buddhirajgautam/Documents/Cherrygram-Mac/macOS-Swift/submodules/tgcalls/macos/PublicHeaders -Xcc -I/Users/buddhirajgautam/Documents/Cherrygram-Mac/macOS-Swift/submodules/telegram-ios/third-party/rnnoise/PublicHeaders -Xcc -I/Users/buddhirajgautam/Documents/Cherrygram-Mac/macOS-Swift/submodules/telegram-ios/submodules/YuvConversion/PublicHeaders -Xcc -I/Users/buddhirajgautam/Documents/Cherrygram-Mac/macOS-Swift/submodules/telegram-ios/submodules/NetworkLogging/PublicHeaders -Xcc -I/Users/buddhirajgautam/Documents/Cherrygram-Mac/macOS-Swift/submodules/telegram-ios/submodules/Utils/DarwinDirStat/PublicHeaders -Xcc -I/Users/buddhirajgautam/Documents/Cherrygram-Mac/macOS-Swift/submodules/telegram-ios/submodules/Reachability/LegacyReachability/PublicHeaders -Xcc -I/Users/buddhirajgautam/Documents/Cherrygram-Mac/macOS-Swift/packages/DateUtils/Sources/DateUtils -Xcc -I/Users/buddhirajgautam/Documents/Cherrygram-Mac/macOS-Swift/packages/NumberPluralization/Sources/NumberPluralization -Xcc -I/Users/buddhirajgautam/Documents/Cherrygram-Mac/macOS-Swift/packages/TGModernGrowingTextView/Sources/TGModernGrowingTextView -Xcc -I/Users/buddhirajgautam/Documents/Cherrygram-Mac/macOS-Swift/packages/HackUtils/Sources/HackUtils -Xcc -I/Users/buddhirajgautam/Documents/Cherrygram-Mac/macOS-Swift/packages/InAppVideoServices/PublicHeaders/InAppVideoServices -Xcc -I/Users/buddhirajgautam/Documents/Cherrygram-Mac/macOS-Swift/submodules/telegram-ios/submodules/Utils/ShelfPack/PublicHeaders -Xcc -I/Users/buddhirajgautam/Documents/Cherrygram-Mac/macOS-Swift/submodules/Mozjpeg/Sources -Xcc -I/Users/buddhirajgautam/Documents/Cherrygram-Mac/macOS-Swift/submodules/telegram-ios/third-party/td/TdBinding/Public -Xcc -I/Users/buddhirajgautam/Documents/Cherrygram-Mac/macOS-Swift/submodules/telegram-ios/submodules/Utils/LokiRng/PublicHeaders -Xcc -I/Users/buddhirajgautam/Documents/Cherrygram-Mac/macOS-Swift/submodules/telegram-ios/submodules/CryptoUtils/PublicHeaders -Xcc -I/Users/buddhirajgautam/Documents/Cherrygram-Mac/macOS-Swift/submodules/BuildConfig/Sources/include -Xcc -I/Users/buddhirajgautam/Documents/Cherrygram-Mac/macOS-Swift/submodules/telegram-ios/submodules/OpenSSLEncryptionProvider/PublicHeaders -Xcc -I/Users/buddhirajgautam/Documents/Cherrygram-Mac/macOS-Swift/packages/EDSunriseSet/Sources/EDSunriseSet -Xcc -I/Users/buddhirajgautam/Documents/Cherrygram-Mac/macOS-Swift/packages/OCR/PublicHeaders -Xcc -I/Users/buddhirajgautam/Library/Developer/Xcode/DerivedData/Telegram-Mac-fygdgghdgmuleoelvxabfmqiotta/SourcePackages/checkouts/GoogleDataTransport/GoogleDataTransport/GDTCORLibrary/Public -Xcc -I/Users/buddhirajgautam/Library/Developer/Xcode/DerivedData/Telegram-Mac-fygdgghdgmuleoelvxabfmqiotta/SourcePackages/checkouts/firebase-ios-sdk/Crashlytics/Crashlytics/Public -Xcc -I/Users/buddhirajgautam/Documents/Cherrygram-Mac/macOS-Swift/packages/CalendarUtils/Sources/CalendarUtils -Xcc -I/Users/buddhirajgautam/Library/Developer/Xcode/DerivedData/Telegram-Mac-fygdgghdgmuleoelvxabfmqiotta/SourcePackages/checkouts/promises/Sources/FBLPromises/include -Xcc -I/Users/buddhirajgautam/Library/Developer/Xcode/DerivedData/Telegram-Mac-fygdgghdgmuleoelvxabfmqiotta/SourcePackages/checkouts/GoogleUtilities/GoogleUtilities/UserDefaults/Public -Xcc -I/Users/buddhirajgautam/Library/Developer/Xcode/DerivedData/Telegram-Mac-fygdgghdgmuleoelvxabfmqiotta/SourcePackages/checkouts/GoogleAppMeasurement/GoogleAppMeasurementWrapper/include -Xcc -I/Users/buddhirajgautam/Library/Developer/Xcode/DerivedData/Telegram-Mac-fygdgghdgmuleoelvxabfmqiotta/SourcePackages/checkouts/GoogleUtilities/GoogleUtilities/AppDelegateSwizzler/Public -Xcc -I/Users/buddhirajgautam/Library/Developer/Xcode/DerivedData/Telegram-Mac-fygdgghdgmuleoelvxabfmqiotta/SourcePackages/checkouts/GoogleUtilities/GoogleUtilities/MethodSwizzler/Public -Xcc -I/Users/buddhirajgautam/Library/Developer/Xcode/DerivedData/Telegram-Mac-fygdgghdgmuleoelvxabfmqiotta/SourcePackages/checkouts/GoogleUtilities/GoogleUtilities/Reachability/Public -Xcc -I/Users/buddhirajgautam/Library/Developer/Xcode/DerivedData/Telegram-Mac-fygdgghdgmuleoelvxabfmqiotta/SourcePackages/checkouts/GoogleUtilities/GoogleUtilities/NSData+zlib/Public -Xcc -I/Users/buddhirajgautam/Library/Developer/Xcode/DerivedData/Telegram-Mac-fygdgghdgmuleoelvxabfmqiotta/SourcePackages/checkouts/GoogleUtilities/GoogleUtilities/Logger/Public -Xcc -I/Users/buddhirajgautam/Library/Developer/Xcode/DerivedData/Telegram-Mac-fygdgghdgmuleoelvxabfmqiotta/SourcePackages/checkouts/GoogleUtilities/GoogleUtilities/Environment/Public -Xcc -I/Users/buddhirajgautam/Library/Developer/Xcode/DerivedData/Telegram-Mac-fygdgghdgmuleoelvxabfmqiotta/SourcePackages/checkouts/GoogleUtilities/third_party/IsAppEncrypted/Public -Xcc -I/Users/buddhirajgautam/Library/Developer/Xcode/DerivedData/Telegram-Mac-fygdgghdgmuleoelvxabfmqiotta/SourcePackages/checkouts/GoogleUtilities/GoogleUtilities/Network/Public -Xcc -I/Users/buddhirajgautam/Library/Developer/Xcode/DerivedData/Telegram-Mac-fygdgghdgmuleoelvxabfmqiotta/SourcePackages/checkouts/nanopb/spm_headers -Xcc -I/Users/buddhirajgautam/Library/Developer/Xcode/DerivedData/Telegram-Mac-fygdgghdgmuleoelvxabfmqiotta/SourcePackages/checkouts/firebase-ios-sdk/FirebaseAnalyticsWrapper/include -Xcc -I/Users/buddhirajgautam/Library/Developer/Xcode/DerivedData/Telegram-Mac-fygdgghdgmuleoelvxabfmqiotta/SourcePackages/checkouts/firebase-ios-sdk/FirebaseInstallations/Source/Library/Public -Xcc -I/Users/buddhirajgautam/Library/Developer/Xcode/DerivedData/Telegram-Mac-fygdgghdgmuleoelvxabfmqiotta/SourcePackages/checkouts/firebase-ios-sdk/FirebaseCore/Sources/Public -Xcc -I/Users/buddhirajgautam/Library/Developer/Xcode/DerivedData/Telegram-Mac-fygdgghdgmuleoelvxabfmqiotta/SourcePackages/checkouts/firebase-ios-sdk/CoreOnly/Sources -Xcc -I/Users/buddhirajgautam/Library/Developer/Xcode/DerivedData/Telegram-Mac-fygdgghdgmuleoelvxabfmqiotta/SourcePackages/checkouts/firebase-ios-sdk/SwiftPM-PlatformExclude/FirebaseAnalyticsWrap/include -Xcc -I/Users/buddhirajgautam/Documents/Cherrygram-Mac/macOS-Swift/packages/GZIP/Sources/GZIP -Xcc -I/Users/buddhirajgautam/Documents/Cherrygram-Mac/macOS-Swift/submodules/telegram-ios/submodules/EncryptionProvider/PublicHeaders -Xcc -I/Users/buddhirajgautam/Documents/Cherrygram-Mac/macOS-Swift/submodules/telegram-ios/submodules/MtProtoKit/PublicHeaders -Xcc -I/Users/buddhirajgautam/Documents/Cherrygram-Mac/macOS-Swift/submodules/telegram-ios/submodules/OpusBinding/PublicHeaders -Xcc -I/Users/buddhirajgautam/Documents/Cherrygram-Mac/macOS-Swift/packages/ObjcUtils/Sources/ObjcUtils -Xcc -I/Users/buddhirajgautam/Documents/Cherrygram-Mac/macOS-Swift/packages/TGVideoCameraMovie/PublicHeaders/TGVideoCameraMovie -Xcc -I/Users/buddhirajgautam/Documents/Cherrygram-Mac/macOS-Swift/packages/TGGifConverter/Sources/TGGifConverter -Xcc -I/Users/buddhirajgautam/Documents/Cherrygram-Mac/macOS-Swift/packages/RingBuffer/Sources/RingBuffer -Xcc -I/Users/buddhirajgautam/Documents/Cherrygram-Mac/macOS-Swift/packages/TGPassportMRZ/Sources/TGPassportMRZ -Xcc -I/Users/buddhirajgautam/Documents/Cherrygram-Mac/macOS-Swift/submodules/libwebp/Sources -Xcc -I/Users/buddhirajgautam/Documents/Cherrygram-Mac/macOS-Swift/packages/DetectSpeech/Sources/DetectSpeech -Xcc -I/Users/buddhirajgautam/Documents/Cherrygram-Mac/macOS-Swift/packages/EmojiSuggestions/PublicHeaders -Xcc -I/Users/buddhirajgautam/Documents/Cherrygram-Mac/macOS-Swift/packages/Svg/PublicHeaders/Svg -Xcc -I/Users/buddhirajgautam/Library/Developer/Xcode/DerivedData/Telegram-Mac-fygdgghdgmuleoelvxabfmqiotta/Build/Products/Debug/include -Xcc -I/Users/buddhirajgautam/Documents/Cherrygram-Mac/macOS-Swift/submodules/libtgvoip -Xcc -I/Users/buddhirajgautam/Library/Developer/Xcode/DerivedData/Telegram-Mac-fygdgghdgmuleoelvxabfmqiotta/Build/Intermediates.noindex/Telegram.build/Debug/Telegram.build/DerivedSources-normal/arm64 -Xcc -I/Users/buddhirajgautam/Library/Developer/Xcode/DerivedData/Telegram-Mac-fygdgghdgmuleoelvxabfmqiotta/Build/Intermediates.noindex/Telegram.build/Debug/Telegram.build/DerivedSources/arm64 -Xcc -I/Users/buddhirajgautam/Library/Developer/Xcode/DerivedData/Telegram-Mac-fygdgghdgmuleoelvxabfmqiotta/Build/Intermediates.noindex/Telegram.build/Debug/Telegram.build/DerivedSources -Xcc -DWEBRTC_MAC\=1 -Xcc -DWEBRTC_MAC\=1 -emit-objc-header -emit-objc-header-path /Users/buddhirajgautam/Library/Developer/Xcode/DerivedData/Telegram-Mac-fygdgghdgmuleoelvxabfmqiotta/Build/Intermediates.noindex/Telegram.build/Debug/Telegram.build/Objects-normal/arm64/Telegram-Swift.h -import-objc-header /Users/buddhirajgautam/Documents/Cherrygram-Mac/macOS-Swift/Telegram-Mac/Telegram-Mac-Bridging-Header.h -working-directory /Users/buddhirajgautam/Documents/Cherrygram-Mac/macOS-Swift -experimental-emit-module-separately -disable-cmo
/Users/buddhirajgautam/Documents/Cherrygram-Mac/macOS-Swift/Telegram-Mac/ChatEmptyPeerItem.swift:27:12: warning: Extraneous whitespace between attribute name and '('; this is an error in the Swift 6 language mode (in target 'Telegram' from project 'Telegram')
/Users/buddhirajgautam/Documents/Cherrygram-Mac/macOS-Swift/Telegram-Mac/ChatUrlPreviewModel.swift:18:12: warning: Extraneous whitespace between attribute name and '('; this is an error in the Swift 6 language mode (in target 'Telegram' from project 'Telegram')
/Users/buddhirajgautam/Documents/Cherrygram-Mac/macOS-Swift/Telegram-Mac/InstantPageDetailsItem.swift:348:12: warning: Extraneous whitespace between attribute name and '('; this is an error in the Swift 6 language mode (in target 'Telegram' from project 'Telegram')
/Users/buddhirajgautam/Library/Developer/Xcode/DerivedData/Telegram-Mac-fygdgghdgmuleoelvxabfmqiotta/Build/Intermediates.noindex/Telegram.build/Debug/Telegram.build/DerivedSources/GeneratedAssetSymbols.swift:1852:14: warning: The "Icon_Profile_Call" image asset name resolves to the symbol "iconProfileCall" which already exists. Try renaming the asset. (in target 'Telegram' from project 'Telegram')
/Users/buddhirajgautam/Library/Developer/Xcode/DerivedData/Telegram-Mac-fygdgghdgmuleoelvxabfmqiotta/Build/Intermediates.noindex/Telegram.build/Debug/Telegram.build/DerivedSources/GeneratedAssetSymbols.swift:2454:14: warning: The "Icon_Story_Repost" image asset name resolves to the symbol "iconStoryRepost" which already exists. Try renaming the asset. (in target 'Telegram' from project 'Telegram')

SwiftExplicitDependencyGeneratePcm arm64 /Users/buddhirajgautam/Library/Developer/Xcode/DerivedData/Telegram-Mac-fygdgghdgmuleoelvxabfmqiotta/Build/Intermediates.noindex/SwiftExplicitPrecompiledModules/Stripe-1DHKLT33EHVH06H50FAQUAZ61.pcm

SwiftExplicitDependencyGeneratePcm arm64 /Users/buddhirajgautam/Library/Developer/Xcode/DerivedData/Telegram-Mac-fygdgghdgmuleoelvxabfmqiotta/Build/Intermediates.noindex/SwiftExplicitPrecompiledModules/FastBlur-3S12D2GONEU2HPWLNQB2CHAVP.pcm

SwiftExplicitDependencyGeneratePcm arm64 /Users/buddhirajgautam/Library/Developer/Xcode/DerivedData/Telegram-Mac-fygdgghdgmuleoelvxabfmqiotta/Build/Intermediates.noindex/SwiftExplicitPrecompiledModules/StringTransliteration-9RE566E2GELBCN3XRG0F9ICVL.pcm

SwiftExplicitDependencyGeneratePcm arm64 /Users/buddhirajgautam/Library/Developer/Xcode/DerivedData/Telegram-Mac-fygdgghdgmuleoelvxabfmqiotta/Build/Intermediates.noindex/SwiftExplicitPrecompiledModules/MurMurHash32-4D3OEVHQ0PSIQSFQJCR830J16.pcm

SwiftExplicitDependencyGeneratePcm arm64 /Users/buddhirajgautam/Library/Developer/Xcode/DerivedData/Telegram-Mac-fygdgghdgmuleoelvxabfmqiotta/Build/Intermediates.noindex/SwiftExplicitPrecompiledModules/ShelfPack-B0WO6Z79DS0ZHKILS3S3HPJQ6.pcm

SwiftExplicitDependencyGeneratePcm arm64 /Users/buddhirajgautam/Library/Developer/Xcode/DerivedData/Telegram-Mac-fygdgghdgmuleoelvxabfmqiotta/Build/Intermediates.noindex/SwiftExplicitPrecompiledModules/EmojiSuggestions-4J2W4LOH3MM3CL5V07EV35EVA.pcm

SwiftExplicitDependencyGeneratePcm arm64 /Users/buddhirajgautam/Library/Developer/Xcode/DerivedData/Telegram-Mac-fygdgghdgmuleoelvxabfmqiotta/Build/Intermediates.noindex/SwiftExplicitPrecompiledModules/CodeSyntax-5F0CCKO35QJDVBJWANDEO2MNY.pcm

SwiftExplicitDependencyGeneratePcm arm64 /Users/buddhirajgautam/Library/Developer/Xcode/DerivedData/Telegram-Mac-fygdgghdgmuleoelvxabfmqiotta/Build/Intermediates.noindex/SwiftExplicitPrecompiledModules/Svg-A0HDQH33942QBXCUBENRD4LEO.pcm

SwiftExplicitDependencyGeneratePcm arm64 /Users/buddhirajgautam/Library/Developer/Xcode/DerivedData/Telegram-Mac-fygdgghdgmuleoelvxabfmqiotta/Build/Intermediates.noindex/SwiftExplicitPrecompiledModules/CalendarUtils-4XN8KOX49GWEG271OHZ26LT9K.pcm

SwiftExplicitDependencyGeneratePcm arm64 /Users/buddhirajgautam/Library/Developer/Xcode/DerivedData/Telegram-Mac-fygdgghdgmuleoelvxabfmqiotta/Build/Intermediates.noindex/SwiftExplicitPrecompiledModules/TdBinding-20Q1WOLIDAGHPPODL25RUWX4Y.pcm

SwiftExplicitDependencyGeneratePcm arm64 /Users/buddhirajgautam/Library/Developer/Xcode/DerivedData/Telegram-Mac-fygdgghdgmuleoelvxabfmqiotta/Build/Intermediates.noindex/SwiftExplicitPrecompiledModules/CryptoUtils-30DRQVS15M81GG5ZJRJBNGWDQ.pcm

SwiftExplicitDependencyGeneratePcm arm64 /Users/buddhirajgautam/Library/Developer/Xcode/DerivedData/Telegram-Mac-fygdgghdgmuleoelvxabfmqiotta/Build/Intermediates.noindex/SwiftExplicitPrecompiledModules/DarwinDirStat-17NV341LICT4PA99K4YQEKTQ1.pcm

SwiftExplicitDependencyGeneratePcm arm64 /Users/buddhirajgautam/Library/Developer/Xcode/DerivedData/Telegram-Mac-fygdgghdgmuleoelvxabfmqiotta/Build/Intermediates.noindex/SwiftExplicitPrecompiledModules/libphonenumber-EJHNDDIB0HODB4QVZ1SH3ENWQ.pcm

SwiftExplicitDependencyGeneratePcm arm64 /Users/buddhirajgautam/Library/Developer/Xcode/DerivedData/Telegram-Mac-fygdgghdgmuleoelvxabfmqiotta/Build/Intermediates.noindex/SwiftExplicitPrecompiledModules/sqlcipher-187IVPNUY7C9C2I65HMTV6QWT.pcm

SwiftExplicitDependencyGeneratePcm arm64 /Users/buddhirajgautam/Library/Developer/Xcode/DerivedData/Telegram-Mac-fygdgghdgmuleoelvxabfmqiotta/Build/Intermediates.noindex/SwiftExplicitPrecompiledModules/FirebaseInstallations-5NXVFJY6JDWUEYBG5BPYRSE5R.pcm

SwiftExplicitDependencyGeneratePcm arm64 /Users/buddhirajgautam/Library/Developer/Xcode/DerivedData/Telegram-Mac-fygdgghdgmuleoelvxabfmqiotta/Build/Intermediates.noindex/SwiftExplicitPrecompiledModules/GZIP-65JXE71JLIX5BH1UHFRABFS9.pcm

SwiftExplicitDependencyGeneratePcm arm64 /Users/buddhirajgautam/Library/Developer/Xcode/DerivedData/Telegram-Mac-fygdgghdgmuleoelvxabfmqiotta/Build/Intermediates.noindex/SwiftExplicitPrecompiledModules/ObjcUtils-EGKSL2RP8KMOAIEIIWMN5BR4N.pcm
<module-includes>:1:9: note: in file included from <module-includes>:1:
1 | #import "/Users/buddhirajgautam/Documents/Cherrygram-Mac/macOS-Swift/packages/ObjcUtils/Sources/ObjcUtils/ObjcUtils.h"
  |         `- note: in file included from <module-includes>:1:
2 | 

/Users/buddhirajgautam/Documents/Cherrygram-Mac/macOS-Swift/packages/ObjcUtils/Sources/ObjcUtils/ObjcUtils.h:16:49: warning: pointer is missing a nullability type specifier (_Nonnull, _Nullable, or _Null_unspecified)
14 | 
15 | @interface OpenWithObject : NSObject
16 | @property (nonatomic, strong,readonly) NSString *fullname;
   |                                                 |- warning: pointer is missing a nullability type specifier (_Nonnull, _Nullable, or _Null_unspecified)
   |                                                 |- note: insert '_Nullable' if the pointer may be null
   |                                                 `- note: insert '_Nonnull' if the pointer should never be null
17 | @property (nonatomic, strong,readonly) NSURL *app;
18 | @property (nonatomic, strong,readonly) NSImage *icon;

<module-includes>:1:9: note: in file included from <module-includes>:1:
1 | #import "/Users/buddhirajgautam/Documents/Cherrygram-Mac/macOS-Swift/packages/ObjcUtils/Sources/ObjcUtils/ObjcUtils.h"
  |         `- note: in file included from <module-includes>:1:
2 | 

/Users/buddhirajgautam/Documents/Cherrygram-Mac/macOS-Swift/packages/ObjcUtils/Sources/ObjcUtils/ObjcUtils.h:33:23: warning: pointer is missing a nullability type specifier (_Nonnull, _Nullable, or _Null_unspecified)
31 | +(NSArray<NSView *> *__nonnull)findElementsByClass:(NSString *__nonnull)className inView:(NSView *__nonnull)view;
32 | +(NSString * __nonnull)stringForEmojiHashOfData:(NSData *__nonnull)data count:(NSInteger)count positionExtractor:(int32_t (^__nonnull)(uint8_t *__nonnull, int32_t, int32_t))positionExtractor;
33 | +(NSArray<NSNumber *> *)bufferList:(CMSampleBufferRef)sampleBuffer;
   |                       |- warning: pointer is missing a nullability type specifier (_Nonnull, _Nullable, or _Null_unspecified)
   |                       |- note: insert '_Nullable' if the pointer may be null
   |                       `- note: insert '_Nonnull' if the pointer should never be null
34 | +(NSString * __nonnull)callEmojies:(NSData *__nonnull)keySha256;
35 | +(NSString * __nonnull)randomCallsEmoji;

<module-includes>:1:9: note: in file included from <module-includes>:1:
1 | #import "/Users/buddhirajgautam/Documents/Cherrygram-Mac/macOS-Swift/packages/ObjcUtils/Sources/ObjcUtils/ObjcUtils.h"
  |         `- note: in file included from <module-includes>:1:
2 | 

/Users/buddhirajgautam/Documents/Cherrygram-Mac/macOS-Swift/packages/ObjcUtils/Sources/ObjcUtils/ObjcUtils.h:33:37: warning: pointer is missing a nullability type specifier (_Nonnull, _Nullable, or _Null_unspecified)
31 | +(NSArray<NSView *> *__nonnull)findElementsByClass:(NSString *__nonnull)className inView:(NSView *__nonnull)view;
32 | +(NSString * __nonnull)stringForEmojiHashOfData:(NSData *__nonnull)data count:(NSInteger)count positionExtractor:(int32_t (^__nonnull)(uint8_t *__nonnull, int32_t, int32_t))positionExtractor;
33 | +(NSArray<NSNumber *> *)bufferList:(CMSampleBufferRef)sampleBuffer;
   |                                     |- warning: pointer is missing a nullability type specifier (_Nonnull, _Nullable, or _Null_unspecified)
   |                                     |- note: insert '_Nullable' if the pointer may be null
   |                                     `- note: insert '_Nonnull' if the pointer should never be null
34 | +(NSString * __nonnull)callEmojies:(NSData *__nonnull)keySha256;
35 | +(NSString * __nonnull)randomCallsEmoji;

<module-includes>:1:9: note: in file included from <module-includes>:1:
1 | #import "/Users/buddhirajgautam/Documents/Cherrygram-Mac/macOS-Swift/packages/ObjcUtils/Sources/ObjcUtils/ObjcUtils.h"
  |         `- note: in file included from <module-includes>:1:
2 | 

/Users/buddhirajgautam/Documents/Cherrygram-Mac/macOS-Swift/packages/ObjcUtils/Sources/ObjcUtils/ObjcUtils.h:44:151: warning: pointer is missing a nullability type specifier (_Nonnull, _Nullable, or _Null_unspecified)
42 | +(NSArray<NSString *> * __nonnull)notificationTones:(NSString * __nonnull)def;
43 | +(NSString * __nullable)youtubeIdentifier:(NSString * __nonnull)url;;
44 | + (NSString * __nullable)_youtubeVideoIdFromText:(NSString * __nullable)text originalUrl:(NSString * __nullable)originalUrl startTime:(NSTimeInterval *)startTime;
   |                                                                                                                                                       |- warning: pointer is missing a nullability type specifier (_Nonnull, _Nullable, or _Null_unspecified)
   |                                                                                                                                                       |- note: insert '_Nullable' if the pointer may be null
   |                                                                                                                                                       `- note: insert '_Nonnull' if the pointer should never be null
45 | +(NSArray<OpenWithObject *> *)appsForFileUrl:(NSString *)fileUrl;
46 | 

<module-includes>:1:9: note: in file included from <module-includes>:1:
1 | #import "/Users/buddhirajgautam/Documents/Cherrygram-Mac/macOS-Swift/packages/ObjcUtils/Sources/ObjcUtils/ObjcUtils.h"
  |         `- note: in file included from <module-includes>:1:
2 | 

/Users/buddhirajgautam/Documents/Cherrygram-Mac/macOS-Swift/packages/ObjcUtils/Sources/ObjcUtils/ObjcUtils.h:45:29: warning: pointer is missing a nullability type specifier (_Nonnull, _Nullable, or _Null_unspecified)
43 | +(NSString * __nullable)youtubeIdentifier:(NSString * __nonnull)url;;
44 | + (NSString * __nullable)_youtubeVideoIdFromText:(NSString * __nullable)text originalUrl:(NSString * __nullable)originalUrl startTime:(NSTimeInterval *)startTime;
45 | +(NSArray<OpenWithObject *> *)appsForFileUrl:(NSString *)fileUrl;
   |                             |- warning: pointer is missing a nullability type specifier (_Nonnull, _Nullable, or _Null_unspecified)
   |                             |- note: insert '_Nullable' if the pointer may be null
   |                             `- note: insert '_Nonnull' if the pointer should never be null
46 | 
47 |     

<module-includes>:1:9: note: in file included from <module-includes>:1:
1 | #import "/Users/buddhirajgautam/Documents/Cherrygram-Mac/macOS-Swift/packages/ObjcUtils/Sources/ObjcUtils/ObjcUtils.h"
  |         `- note: in file included from <module-includes>:1:
2 | 

/Users/buddhirajgautam/Documents/Cherrygram-Mac/macOS-Swift/packages/ObjcUtils/Sources/ObjcUtils/ObjcUtils.h:45:56: warning: pointer is missing a nullability type specifier (_Nonnull, _Nullable, or _Null_unspecified)
43 | +(NSString * __nullable)youtubeIdentifier:(NSString * __nonnull)url;;
44 | + (NSString * __nullable)_youtubeVideoIdFromText:(NSString * __nullable)text originalUrl:(NSString * __nullable)originalUrl startTime:(NSTimeInterval *)startTime;
45 | +(NSArray<OpenWithObject *> *)appsForFileUrl:(NSString *)fileUrl;
   |                                                        |- warning: pointer is missing a nullability type specifier (_Nonnull, _Nullable, or _Null_unspecified)
   |                                                        |- note: insert '_Nullable' if the pointer may be null
   |                                                        `- note: insert '_Nonnull' if the pointer should never be null
46 | 
47 |     

<module-includes>:1:9: note: in file included from <module-includes>:1:
1 | #import "/Users/buddhirajgautam/Documents/Cherrygram-Mac/macOS-Swift/packages/ObjcUtils/Sources/ObjcUtils/ObjcUtils.h"
  |         `- note: in file included from <module-includes>:1:
2 | 

/Users/buddhirajgautam/Documents/Cherrygram-Mac/macOS-Swift/packages/ObjcUtils/Sources/ObjcUtils/ObjcUtils.h:60:60: warning: pointer is missing a nullability type specifier (_Nonnull, _Nullable, or _Null_unspecified)
58 | //@end
59 | 
60 | NSArray<NSString *> *  __nonnull cut_long_message(NSString *message, int max_length);
   |                                                            |- warning: pointer is missing a nullability type specifier (_Nonnull, _Nullable, or _Null_unspecified)
   |                                                            |- note: insert '_Nullable' if the pointer may be null
   |                                                            `- note: insert '_Nonnull' if the pointer should never be null
61 | int64_t SystemIdleTime(void);
62 | NSDictionary<NSString *, NSString *> * __nonnull audioTags(AVURLAsset *asset);

<module-includes>:1:9: note: in file included from <module-includes>:1:
1 | #import "/Users/buddhirajgautam/Documents/Cherrygram-Mac/macOS-Swift/packages/ObjcUtils/Sources/ObjcUtils/ObjcUtils.h"
  |         `- note: in file included from <module-includes>:1:
2 | 

/Users/buddhirajgautam/Documents/Cherrygram-Mac/macOS-Swift/packages/ObjcUtils/Sources/ObjcUtils/ObjcUtils.h:62:71: warning: pointer is missing a nullability type specifier (_Nonnull, _Nullable, or _Null_unspecified)
60 | NSArray<NSString *> *  __nonnull cut_long_message(NSString *message, int max_length);
61 | int64_t SystemIdleTime(void);
62 | NSDictionary<NSString *, NSString *> * __nonnull audioTags(AVURLAsset *asset);
   |                                                                       |- warning: pointer is missing a nullability type specifier (_Nonnull, _Nullable, or _Null_unspecified)
   |                                                                       |- note: insert '_Nullable' if the pointer may be null
   |                                                                       `- note: insert '_Nonnull' if the pointer should never be null
63 | NSImage *  __nonnull TGIdenticonImage(NSData *data, NSData *additionalData, CGSize size);
64 | 

<module-includes>:1:9: note: in file included from <module-includes>:1:
1 | #import "/Users/buddhirajgautam/Documents/Cherrygram-Mac/macOS-Swift/packages/ObjcUtils/Sources/ObjcUtils/ObjcUtils.h"
  |         `- note: in file included from <module-includes>:1:
2 | 

/Users/buddhirajgautam/Documents/Cherrygram-Mac/macOS-Swift/packages/ObjcUtils/Sources/ObjcUtils/ObjcUtils.h:63:46: warning: pointer is missing a nullability type specifier (_Nonnull, _Nullable, or _Null_unspecified)
61 | int64_t SystemIdleTime(void);
62 | NSDictionary<NSString *, NSString *> * __nonnull audioTags(AVURLAsset *asset);
63 | NSImage *  __nonnull TGIdenticonImage(NSData *data, NSData *additionalData, CGSize size);
   |                                              |- warning: pointer is missing a nullability type specifier (_Nonnull, _Nullable, or _Null_unspecified)
   |                                              |- note: insert '_Nullable' if the pointer may be null
   |                                              `- note: insert '_Nonnull' if the pointer should never be null
64 | 
65 | @interface NSData (TG)

<module-includes>:1:9: note: in file included from <module-includes>:1:
1 | #import "/Users/buddhirajgautam/Documents/Cherrygram-Mac/macOS-Swift/packages/ObjcUtils/Sources/ObjcUtils/ObjcUtils.h"
  |         `- note: in file included from <module-includes>:1:
2 | 

/Users/buddhirajgautam/Documents/Cherrygram-Mac/macOS-Swift/packages/ObjcUtils/Sources/ObjcUtils/ObjcUtils.h:63:60: warning: pointer is missing a nullability type specifier (_Nonnull, _Nullable, or _Null_unspecified)
61 | int64_t SystemIdleTime(void);
62 | NSDictionary<NSString *, NSString *> * __nonnull audioTags(AVURLAsset *asset);
63 | NSImage *  __nonnull TGIdenticonImage(NSData *data, NSData *additionalData, CGSize size);
   |                                                            |- warning: pointer is missing a nullability type specifier (_Nonnull, _Nullable, or _Null_unspecified)
   |                                                            |- note: insert '_Nullable' if the pointer may be null
   |                                                            `- note: insert '_Nonnull' if the pointer should never be null
64 | 
65 | @interface NSData (TG)

<module-includes>:1:9: note: in file included from <module-includes>:1:
1 | #import "/Users/buddhirajgautam/Documents/Cherrygram-Mac/macOS-Swift/packages/ObjcUtils/Sources/ObjcUtils/ObjcUtils.h"
  |         `- note: in file included from <module-includes>:1:
2 | 

/Users/buddhirajgautam/Documents/Cherrygram-Mac/macOS-Swift/packages/ObjcUtils/Sources/ObjcUtils/ObjcUtils.h:69:32: warning: pointer is missing a nullability type specifier (_Nonnull, _Nullable, or _Null_unspecified)
67 | @end
68 | 
69 | BOOL isEnterAccessObjc(NSEvent *theEvent, BOOL byCmdEnter);
   |                                |- warning: pointer is missing a nullability type specifier (_Nonnull, _Nullable, or _Null_unspecified)
   |                                |- note: insert '_Nullable' if the pointer may be null
   |                                `- note: insert '_Nonnull' if the pointer should never be null
70 | BOOL isEnterEventObjc(NSEvent *theEvent);
71 | 

<module-includes>:1:9: note: in file included from <module-includes>:1:
1 | #import "/Users/buddhirajgautam/Documents/Cherrygram-Mac/macOS-Swift/packages/ObjcUtils/Sources/ObjcUtils/ObjcUtils.h"
  |         `- note: in file included from <module-includes>:1:
2 | 

/Users/buddhirajgautam/Documents/Cherrygram-Mac/macOS-Swift/packages/ObjcUtils/Sources/ObjcUtils/ObjcUtils.h:70:31: warning: pointer is missing a nullability type specifier (_Nonnull, _Nullable, or _Null_unspecified)
68 | 
69 | BOOL isEnterAccessObjc(NSEvent *theEvent, BOOL byCmdEnter);
70 | BOOL isEnterEventObjc(NSEvent *theEvent);
   |                               |- warning: pointer is missing a nullability type specifier (_Nonnull, _Nullable, or _Null_unspecified)
   |                               |- note: insert '_Nullable' if the pointer may be null
   |                               `- note: insert '_Nonnull' if the pointer should never be null
71 | 
72 | int colorIndexForGroupId(int64_t groupId);

<module-includes>:1:9: note: in file included from <module-includes>:1:
1 | #import "/Users/buddhirajgautam/Documents/Cherrygram-Mac/macOS-Swift/packages/ObjcUtils/Sources/ObjcUtils/ObjcUtils.h"
  |         `- note: in file included from <module-includes>:1:
2 | 

/Users/buddhirajgautam/Documents/Cherrygram-Mac/macOS-Swift/packages/ObjcUtils/Sources/ObjcUtils/ObjcUtils.h:82:32: warning: pointer is missing a nullability type specifier (_Nonnull, _Nullable, or _Null_unspecified)
80 | double mappingRange(double x, double in_min, double in_max, double out_min, double out_max);
81 | 
82 | CGImageRef TGBlurredAlphaImage(CGImageRef source, CGSize size, CGFloat scale);
   |                                |- warning: pointer is missing a nullability type specifier (_Nonnull, _Nullable, or _Null_unspecified)
   |                                |- note: insert '_Nullable' if the pointer may be null
   |                                `- note: insert '_Nonnull' if the pointer should never be null
83 | 

<module-includes>:1:9: note: in file included from <module-includes>:1:
1 | #import "/Users/buddhirajgautam/Documents/Cherrygram-Mac/macOS-Swift/packages/ObjcUtils/Sources/ObjcUtils/ObjcUtils.h"
  |         `- note: in file included from <module-includes>:1:
2 | 

14 warnings generated.
/Users/buddhirajgautam/Documents/Cherrygram-Mac/macOS-Swift/packages/ObjcUtils/Sources/ObjcUtils/ObjcUtils.h:82:1: warning: pointer is missing a nullability type specifier (_Nonnull, _Nullable, or _Null_unspecified)
80 | double mappingRange(double x, double in_min, double in_max, double out_min, double out_max);
81 | 
82 | CGImageRef TGBlurredAlphaImage(CGImageRef source, CGSize size, CGFloat scale);
   | |- warning: pointer is missing a nullability type specifier (_Nonnull, _Nullable, or _Null_unspecified)
   | |- note: insert '_Nullable' if the pointer may be null
   | `- note: insert '_Nonnull' if the pointer should never be null
83 | 

SwiftExplicitDependencyGeneratePcm arm64 /Users/buddhirajgautam/Library/Developer/Xcode/DerivedData/Telegram-Mac-fygdgghdgmuleoelvxabfmqiotta/Build/Intermediates.noindex/SwiftExplicitPrecompiledModules/OCR-77JN7DUJ3395ZR5QSKX8CKR7Y.pcm

SwiftExplicitDependencyGeneratePcm arm64 /Users/buddhirajgautam/Library/Developer/Xcode/DerivedData/Telegram-Mac-fygdgghdgmuleoelvxabfmqiotta/Build/Intermediates.noindex/SwiftExplicitPrecompiledModules/TGVideoCameraMovie-99TX00SKLJ9LCDTSVZU50FORZ.pcm
<module-includes>:1:9: note: in file included from <module-includes>:1:
1 | #import "/Users/buddhirajgautam/Documents/Cherrygram-Mac/macOS-Swift/packages/TGVideoCameraMovie/PublicHeaders/TGVideoCameraMovie/TGVideoCameraGLRenderer.h"
  |         `- note: in file included from <module-includes>:1:
2 | #import "/Users/buddhirajgautam/Documents/Cherrygram-Mac/macOS-Swift/packages/TGVideoCameraMovie/PublicHeaders/TGVideoCameraMovie/TGVideoCameraMovieRecorder.h"
3 | 

1 warning generated.
/Users/buddhirajgautam/Documents/Cherrygram-Mac/macOS-Swift/packages/TGVideoCameraMovie/PublicHeaders/TGVideoCameraMovie/TGVideoCameraGLRenderer.h:8:31: warning: 'AVCaptureVideoOrientation' is deprecated: first deprecated in macOS 14.0 - Use AVCaptureDeviceRotationCoordinator instead
 6 | 
 7 | @property (nonatomic, readonly) __attribute__((NSObject)) CMFormatDescriptionRef outputFormatDescription;
 8 | @property (nonatomic, assign) AVCaptureVideoOrientation orientation;
   |                               `- warning: 'AVCaptureVideoOrientation' is deprecated: first deprecated in macOS 14.0 - Use AVCaptureDeviceRotationCoordinator instead
 9 | @property (nonatomic, assign) bool mirror;
10 | @property (nonatomic, assign) CGFloat opacity;

/Applications/Xcode.app/Contents/Developer/Platforms/MacOSX.platform/Developer/SDKs/MacOSX27.0.sdk/System/Library/Frameworks/AVFoundation.framework/Headers/AVCaptureDevice.h:104:28: note: 'AVCaptureVideoOrientation' has been explicitly marked deprecated here
 102 | 
 103 | /// Constants indicating video orientation, for use with AVCaptureDeviceRotationCoordinator.
 104 | typedef NS_ENUM(NSInteger, AVCaptureVideoOrientation) {
     |                            `- note: 'AVCaptureVideoOrientation' has been explicitly marked deprecated here
 105 |     /// Indicates that video should be oriented vertically, port on the bottom.
 106 |     AVCaptureVideoOrientationPortrait           = 1,

SwiftExplicitDependencyGeneratePcm arm64 /Users/buddhirajgautam/Library/Developer/Xcode/DerivedData/Telegram-Mac-fygdgghdgmuleoelvxabfmqiotta/Build/Intermediates.noindex/SwiftExplicitPrecompiledModules/NumberPluralization-89JD228Q5GF1M7LERLD18R0MQ.pcm

SwiftExplicitDependencyGeneratePcm arm64 /Users/buddhirajgautam/Library/Developer/Xcode/DerivedData/Telegram-Mac-fygdgghdgmuleoelvxabfmqiotta/Build/Intermediates.noindex/SwiftExplicitPrecompiledModules/FirebaseCore-A95TWLXGTP641WO4DUA43Q81P.pcm

SwiftExplicitDependencyGeneratePcm arm64 /Users/buddhirajgautam/Library/Developer/Xcode/DerivedData/Telegram-Mac-fygdgghdgmuleoelvxabfmqiotta/Build/Intermediates.noindex/SwiftExplicitPrecompiledModules/Crc32-8UXLRVWWCPHK69WUBNA87QEKM.pcm

SwiftExplicitDependencyGeneratePcm arm64 /Users/buddhirajgautam/Library/Developer/Xcode/DerivedData/Telegram-Mac-fygdgghdgmuleoelvxabfmqiotta/Build/Intermediates.noindex/SwiftExplicitPrecompiledModules/TGCurrencyFormatter-BUCICS0H9PGXTFDTI04BKXL4T.pcm

SwiftExplicitDependencyGeneratePcm arm64 /Users/buddhirajgautam/Library/Developer/Xcode/DerivedData/Telegram-Mac-fygdgghdgmuleoelvxabfmqiotta/Build/Intermediates.noindex/SwiftExplicitPrecompiledModules/FirebaseCrashlytics-4INRKXD9OL22RFJS98TGIQIO7.pcm

SwiftExplicitDependencyGeneratePcm arm64 /Users/buddhirajgautam/Library/Developer/Xcode/DerivedData/Telegram-Mac-fygdgghdgmuleoelvxabfmqiotta/Build/Intermediates.noindex/SwiftExplicitPrecompiledModules/TGModernGrowingTextView-A9L47KZ7IJSG5E4HH1JZY2LNY.pcm
<module-includes>:1:9: note: in file included from <module-includes>:1:
1 | #import "/Users/buddhirajgautam/Documents/Cherrygram-Mac/macOS-Swift/packages/TGModernGrowingTextView/Sources/TGModernGrowingTextView/TGModernGrowingTextView.h"
  |         `- note: in file included from <module-includes>:1:
2 | 

/Users/buddhirajgautam/Documents/Cherrygram-Mac/macOS-Swift/packages/TGModernGrowingTextView/Sources/TGModernGrowingTextView/TGModernGrowingTextView.h:28:50: warning: pointer is missing a nullability type specifier (_Nonnull, _Nullable, or _Null_unspecified)
 26 | 
 27 | @interface MarkdownUndoItem : NSObject
 28 | @property (nonatomic, strong) NSAttributedString *was;
    |                                                  |- warning: pointer is missing a nullability type specifier (_Nonnull, _Nullable, or _Null_unspecified)
    |                                                  |- note: insert '_Nullable' if the pointer may be null
    |                                                  `- note: insert '_Nonnull' if the pointer should never be null
 29 | @property (nonatomic, strong) NSAttributedString *be;
 30 | @property (nonatomic, assign) NSRange inRange;

<module-includes>:1:9: note: in file included from <module-includes>:1:
1 | #import "/Users/buddhirajgautam/Documents/Cherrygram-Mac/macOS-Swift/packages/TGModernGrowingTextView/Sources/TGModernGrowingTextView/TGModernGrowingTextView.h"
  |         `- note: in file included from <module-includes>:1:
2 | 

/Users/buddhirajgautam/Documents/Cherrygram-Mac/macOS-Swift/packages/TGModernGrowingTextView/Sources/TGModernGrowingTextView/TGModernGrowingTextView.h:29:50: warning: pointer is missing a nullability type specifier (_Nonnull, _Nullable, or _Null_unspecified)
 27 | @interface MarkdownUndoItem : NSObject
 28 | @property (nonatomic, strong) NSAttributedString *was;
 29 | @property (nonatomic, strong) NSAttributedString *be;
    |                                                  |- warning: pointer is missing a nullability type specifier (_Nonnull, _Nullable, or _Null_unspecified)
    |                                                  |- note: insert '_Nullable' if the pointer may be null
    |                                                  `- note: insert '_Nonnull' if the pointer should never be null
 30 | @property (nonatomic, assign) NSRange inRange;
 31 | -(id)initWithAttributedString:(NSAttributedString *)was be: (NSAttributedString *)be inRange:(NSRange)inRange;

<module-includes>:1:9: note: in file included from <module-includes>:1:
1 | #import "/Users/buddhirajgautam/Documents/Cherrygram-Mac/macOS-Swift/packages/TGModernGrowingTextView/Sources/TGModernGrowingTextView/TGModernGrowingTextView.h"
  |         `- note: in file included from <module-includes>:1:
2 | 

/Users/buddhirajgautam/Documents/Cherrygram-Mac/macOS-Swift/packages/TGModernGrowingTextView/Sources/TGModernGrowingTextView/TGModernGrowingTextView.h:31:3: warning: pointer is missing a nullability type specifier (_Nonnull, _Nullable, or _Null_unspecified)
 29 | @property (nonatomic, strong) NSAttributedString *be;
 30 | @property (nonatomic, assign) NSRange inRange;
 31 | -(id)initWithAttributedString:(NSAttributedString *)was be: (NSAttributedString *)be inRange:(NSRange)inRange;
    |   |- warning: pointer is missing a nullability type specifier (_Nonnull, _Nullable, or _Null_unspecified)
    |   |- note: insert '_Nullable' if the pointer may be null
    |   `- note: insert '_Nonnull' if the pointer should never be null
 32 | @end
 33 | 

<module-includes>:1:9: note: in file included from <module-includes>:1:
1 | #import "/Users/buddhirajgautam/Documents/Cherrygram-Mac/macOS-Swift/packages/TGModernGrowingTextView/Sources/TGModernGrowingTextView/TGModernGrowingTextView.h"
  |         `- note: in file included from <module-includes>:1:
2 | 

/Users/buddhirajgautam/Documents/Cherrygram-Mac/macOS-Swift/packages/TGModernGrowingTextView/Sources/TGModernGrowingTextView/TGModernGrowingTextView.h:31:51: warning: pointer is missing a nullability type specifier (_Nonnull, _Nullable, or _Null_unspecified)
 29 | @property (nonatomic, strong) NSAttributedString *be;
 30 | @property (nonatomic, assign) NSRange inRange;
 31 | -(id)initWithAttributedString:(NSAttributedString *)was be: (NSAttributedString *)be inRange:(NSRange)inRange;
    |                                                   |- warning: pointer is missing a nullability type specifier (_Nonnull, _Nullable, or _Null_unspecified)
    |                                                   |- note: insert '_Nullable' if the pointer may be null
    |                                                   `- note: insert '_Nonnull' if the pointer should never be null
 32 | @end
 33 | 

<module-includes>:1:9: note: in file included from <module-includes>:1:
1 | #import "/Users/buddhirajgautam/Documents/Cherrygram-Mac/macOS-Swift/packages/TGModernGrowingTextView/Sources/TGModernGrowingTextView/TGModernGrowingTextView.h"
  |         `- note: in file included from <module-includes>:1:
2 | 

/Users/buddhirajgautam/Documents/Cherrygram-Mac/macOS-Swift/packages/TGModernGrowingTextView/Sources/TGModernGrowingTextView/TGModernGrowingTextView.h:31:81: warning: pointer is missing a nullability type specifier (_Nonnull, _Nullable, or _Null_unspecified)
 29 | @property (nonatomic, strong) NSAttributedString *be;
 30 | @property (nonatomic, assign) NSRange inRange;
 31 | -(id)initWithAttributedString:(NSAttributedString *)was be: (NSAttributedString *)be inRange:(NSRange)inRange;
    |                                                                                 |- warning: pointer is missing a nullability type specifier (_Nonnull, _Nullable, or _Null_unspecified)
    |                                                                                 |- note: insert '_Nullable' if the pointer may be null
    |                                                                                 `- note: insert '_Nonnull' if the pointer should never be null
 32 | @end
 33 | 

<module-includes>:1:9: note: in file included from <module-includes>:1:
1 | #import "/Users/buddhirajgautam/Documents/Cherrygram-Mac/macOS-Swift/packages/TGModernGrowingTextView/Sources/TGModernGrowingTextView/TGModernGrowingTextView.h"
  |         `- note: in file included from <module-includes>:1:
2 | 

/Users/buddhirajgautam/Documents/Cherrygram-Mac/macOS-Swift/packages/TGModernGrowingTextView/Sources/TGModernGrowingTextView/TGModernGrowingTextView.h:36:50: warning: pointer is missing a nullability type specifier (_Nonnull, _Nullable, or _Null_unspecified)
 34 | 
 35 | @interface SimpleUndoItem : NSObject
 36 | @property (nonatomic, strong) NSAttributedString *was;
    |                                                  |- warning: pointer is missing a nullability type specifier (_Nonnull, _Nullable, or _Null_unspecified)
    |                                                  |- note: insert '_Nullable' if the pointer may be null
    |                                                  `- note: insert '_Nonnull' if the pointer should never be null
 37 | @property (nonatomic, strong) NSAttributedString *be;
 38 | @property (nonatomic, assign) NSRange wasRange;

<module-includes>:1:9: note: in file included from <module-includes>:1:
1 | #import "/Users/buddhirajgautam/Documents/Cherrygram-Mac/macOS-Swift/packages/TGModernGrowingTextView/Sources/TGModernGrowingTextView/TGModernGrowingTextView.h"
  |         `- note: in file included from <module-includes>:1:
2 | 

/Users/buddhirajgautam/Documents/Cherrygram-Mac/macOS-Swift/packages/TGModernGrowingTextView/Sources/TGModernGrowingTextView/TGModernGrowingTextView.h:37:50: warning: pointer is missing a nullability type specifier (_Nonnull, _Nullable, or _Null_unspecified)
 35 | @interface SimpleUndoItem : NSObject
 36 | @property (nonatomic, strong) NSAttributedString *was;
 37 | @property (nonatomic, strong) NSAttributedString *be;
    |                                                  |- warning: pointer is missing a nullability type specifier (_Nonnull, _Nullable, or _Null_unspecified)
    |                                                  |- note: insert '_Nullable' if the pointer may be null
    |                                                  `- note: insert '_Nonnull' if the pointer should never be null
 38 | @property (nonatomic, assign) NSRange wasRange;
 39 | @property (nonatomic, assign) NSRange beRange;

<module-includes>:1:9: note: in file included from <module-includes>:1:
1 | #import "/Users/buddhirajgautam/Documents/Cherrygram-Mac/macOS-Swift/packages/TGModernGrowingTextView/Sources/TGModernGrowingTextView/TGModernGrowingTextView.h"
  |         `- note: in file included from <module-includes>:1:
2 | 

/Users/buddhirajgautam/Documents/Cherrygram-Mac/macOS-Swift/packages/TGModernGrowingTextView/Sources/TGModernGrowingTextView/TGModernGrowingTextView.h:40:3: warning: pointer is missing a nullability type specifier (_Nonnull, _Nullable, or _Null_unspecified)
 38 | @property (nonatomic, assign) NSRange wasRange;
 39 | @property (nonatomic, assign) NSRange beRange;
 40 | -(id)initWithAttributedString:(NSAttributedString *)was be: (NSAttributedString *)be wasRange:(NSRange)wasRange beRange:(NSRange)beRange;
    |   |- warning: pointer is missing a nullability type specifier (_Nonnull, _Nullable, or _Null_unspecified)
    |   |- note: insert '_Nullable' if the pointer may be null
    |   `- note: insert '_Nonnull' if the pointer should never be null
 41 | @end
 42 | 

<module-includes>:1:9: note: in file included from <module-includes>:1:
1 | #import "/Users/buddhirajgautam/Documents/Cherrygram-Mac/macOS-Swift/packages/TGModernGrowingTextView/Sources/TGModernGrowingTextView/TGModernGrowingTextView.h"
  |         `- note: in file included from <module-includes>:1:
2 | 

/Users/buddhirajgautam/Documents/Cherrygram-Mac/macOS-Swift/packages/TGModernGrowingTextView/Sources/TGModernGrowingTextView/TGModernGrowingTextView.h:40:51: warning: pointer is missing a nullability type specifier (_Nonnull, _Nullable, or _Null_unspecified)
 38 | @property (nonatomic, assign) NSRange wasRange;
 39 | @property (nonatomic, assign) NSRange beRange;
 40 | -(id)initWithAttributedString:(NSAttributedString *)was be: (NSAttributedString *)be wasRange:(NSRange)wasRange beRange:(NSRange)beRange;
    |                                                   |- warning: pointer is missing a nullability type specifier (_Nonnull, _Nullable, or _Null_unspecified)
    |                                                   |- note: insert '_Nullable' if the pointer may be null
    |                                                   `- note: insert '_Nonnull' if the pointer should never be null
 41 | @end
 42 | 

<module-includes>:1:9: note: in file included from <module-includes>:1:
1 | #import "/Users/buddhirajgautam/Documents/Cherrygram-Mac/macOS-Swift/packages/TGModernGrowingTextView/Sources/TGModernGrowingTextView/TGModernGrowingTextView.h"
  |         `- note: in file included from <module-includes>:1:
2 | 

/Users/buddhirajgautam/Documents/Cherrygram-Mac/macOS-Swift/packages/TGModernGrowingTextView/Sources/TGModernGrowingTextView/TGModernGrowingTextView.h:40:81: warning: pointer is missing a nullability type specifier (_Nonnull, _Nullable, or _Null_unspecified)
 38 | @property (nonatomic, assign) NSRange wasRange;
 39 | @property (nonatomic, assign) NSRange beRange;
 40 | -(id)initWithAttributedString:(NSAttributedString *)was be: (NSAttributedString *)be wasRange:(NSRange)wasRange beRange:(NSRange)beRange;
    |                                                                                 |- warning: pointer is missing a nullability type specifier (_Nonnull, _Nullable, or _Null_unspecified)
    |                                                                                 |- note: insert '_Nullable' if the pointer may be null
    |                                                                                 `- note: insert '_Nonnull' if the pointer should never be null
 41 | @end
 42 | 

<module-includes>:1:9: note: in file included from <module-includes>:1:
1 | #import "/Users/buddhirajgautam/Documents/Cherrygram-Mac/macOS-Swift/packages/TGModernGrowingTextView/Sources/TGModernGrowingTextView/TGModernGrowingTextView.h"
  |         `- note: in file included from <module-includes>:1:
2 | 

/Users/buddhirajgautam/Documents/Cherrygram-Mac/macOS-Swift/packages/TGModernGrowingTextView/Sources/TGModernGrowingTextView/TGModernGrowingTextView.h:50:51: warning: pointer is missing a nullability type specifier (_Nonnull, _Nullable, or _Null_unspecified)
 48 | -(void) textViewTextDidChangeSelectedRange:(NSRange)range;
 49 | -(BOOL)textViewDidPaste:(NSPasteboard * __nonnull)pasteboard;
 50 | -(int)maxCharactersLimit:(TGModernGrowingTextView *)textView;
    |                                                   |- warning: pointer is missing a nullability type specifier (_Nonnull, _Nullable, or _Null_unspecified)
    |                                                   |- note: insert '_Nullable' if the pointer may be null
    |                                                   `- note: insert '_Nonnull' if the pointer should never be null
 51 | 
 52 | -(NSSize)textViewSize:(TGModernGrowingTextView *)textView;

<module-includes>:1:9: note: in file included from <module-includes>:1:
1 | #import "/Users/buddhirajgautam/Documents/Cherrygram-Mac/macOS-Swift/packages/TGModernGrowingTextView/Sources/TGModernGrowingTextView/TGModernGrowingTextView.h"
  |         `- note: in file included from <module-includes>:1:
2 | 

/Users/buddhirajgautam/Documents/Cherrygram-Mac/macOS-Swift/packages/TGModernGrowingTextView/Sources/TGModernGrowingTextView/TGModernGrowingTextView.h:52:48: warning: pointer is missing a nullability type specifier (_Nonnull, _Nullable, or _Null_unspecified)
 50 | -(int)maxCharactersLimit:(TGModernGrowingTextView *)textView;
 51 | 
 52 | -(NSSize)textViewSize:(TGModernGrowingTextView *)textView;
    |                                                |- warning: pointer is missing a nullability type specifier (_Nonnull, _Nullable, or _Null_unspecified)
    |                                                |- note: insert '_Nullable' if the pointer may be null
    |                                                `- note: insert '_Nonnull' if the pointer should never be null
 53 | -(BOOL)textViewIsTypingEnabled;
 54 | 

<module-includes>:1:9: note: in file included from <module-includes>:1:
1 | #import "/Users/buddhirajgautam/Documents/Cherrygram-Mac/macOS-Swift/packages/TGModernGrowingTextView/Sources/TGModernGrowingTextView/TGModernGrowingTextView.h"
  |         `- note: in file included from <module-includes>:1:
2 | 

/Users/buddhirajgautam/Documents/Cherrygram-Mac/macOS-Swift/packages/TGModernGrowingTextView/Sources/TGModernGrowingTextView/TGModernGrowingTextView.h:63:45: warning: pointer is missing a nullability type specifier (_Nonnull, _Nullable, or _Null_unspecified)
 61 | - (void)makeUrlOfRange: (NSRange)range;
 62 | - (void)makeQuoteOfRange: (NSRange)range;
 63 | - (BOOL)copyTextWithRTF:(NSAttributedString *)rtf;
    |                                             |- warning: pointer is missing a nullability type specifier (_Nonnull, _Nullable, or _Null_unspecified)
    |                                             |- note: insert '_Nullable' if the pointer may be null
    |                                             `- note: insert '_Nonnull' if the pointer should never be null
 64 | - (NSArray<NSTouchBarItemIdentifier> *)textView:(NSTextView *)textView shouldUpdateTouchBarItemIdentifiers:(NSArray<NSTouchBarItemIdentifier> *)identifiers;
 65 | @end

<module-includes>:1:9: note: in file included from <module-includes>:1:
1 | #import "/Users/buddhirajgautam/Documents/Cherrygram-Mac/macOS-Swift/packages/TGModernGrowingTextView/Sources/TGModernGrowingTextView/TGModernGrowingTextView.h"
  |         `- note: in file included from <module-includes>:1:
2 | 

/Users/buddhirajgautam/Documents/Cherrygram-Mac/macOS-Swift/packages/TGModernGrowingTextView/Sources/TGModernGrowingTextView/TGModernGrowingTextView.h:64:38: warning: pointer is missing a nullability type specifier (_Nonnull, _Nullable, or _Null_unspecified)
 62 | - (void)makeQuoteOfRange: (NSRange)range;
 63 | - (BOOL)copyTextWithRTF:(NSAttributedString *)rtf;
 64 | - (NSArray<NSTouchBarItemIdentifier> *)textView:(NSTextView *)textView shouldUpdateTouchBarItemIdentifiers:(NSArray<NSTouchBarItemIdentifier> *)identifiers;
    |                                      |- warning: pointer is missing a nullability type specifier (_Nonnull, _Nullable, or _Null_unspecified)
    |                                      |- note: insert '_Nullable' if the pointer may be null
    |                                      `- note: insert '_Nonnull' if the pointer should never be null
 65 | @end
 66 | 

<module-includes>:1:9: note: in file included from <module-includes>:1:
1 | #import "/Users/buddhirajgautam/Documents/Cherrygram-Mac/macOS-Swift/packages/TGModernGrowingTextView/Sources/TGModernGrowingTextView/TGModernGrowingTextView.h"
  |         `- note: in file included from <module-includes>:1:
2 | 

/Users/buddhirajgautam/Documents/Cherrygram-Mac/macOS-Swift/packages/TGModernGrowingTextView/Sources/TGModernGrowingTextView/TGModernGrowingTextView.h:64:61: warning: pointer is missing a nullability type specifier (_Nonnull, _Nullable, or _Null_unspecified)
 62 | - (void)makeQuoteOfRange: (NSRange)range;
 63 | - (BOOL)copyTextWithRTF:(NSAttributedString *)rtf;
 64 | - (NSArray<NSTouchBarItemIdentifier> *)textView:(NSTextView *)textView shouldUpdateTouchBarItemIdentifiers:(NSArray<NSTouchBarItemIdentifier> *)identifiers;
    |                                                             |- warning: pointer is missing a nullability type specifier (_Nonnull, _Nullable, or _Null_unspecified)
    |                                                             |- note: insert '_Nullable' if the pointer may be null
    |                                                             `- note: insert '_Nonnull' if the pointer should never be null
 65 | @end
 66 | 

<module-includes>:1:9: note: in file included from <module-includes>:1:
1 | #import "/Users/buddhirajgautam/Documents/Cherrygram-Mac/macOS-Swift/packages/TGModernGrowingTextView/Sources/TGModernGrowingTextView/TGModernGrowingTextView.h"
  |         `- note: in file included from <module-includes>:1:
2 | 

/Users/buddhirajgautam/Documents/Cherrygram-Mac/macOS-Swift/packages/TGModernGrowingTextView/Sources/TGModernGrowingTextView/TGModernGrowingTextView.h:64:143: warning: pointer is missing a nullability type specifier (_Nonnull, _Nullable, or _Null_unspecified)
 62 | - (void)makeQuoteOfRange: (NSRange)range;
 63 | - (BOOL)copyTextWithRTF:(NSAttributedString *)rtf;
 64 | - (NSArray<NSTouchBarItemIdentifier> *)textView:(NSTextView *)textView shouldUpdateTouchBarItemIdentifiers:(NSArray<NSTouchBarItemIdentifier> *)identifiers;
    |                                                                                                                                               |- warning: pointer is missing a nullability type specifier (_Nonnull, _Nullable, or _Null_unspecified)
    |                                                                                                                                               |- note: insert '_Nullable' if the pointer may be null
    |                                                                                                                                               `- note: insert '_Nonnull' if the pointer should never be null
 65 | @end
 66 | 

<module-includes>:1:9: note: in file included from <module-includes>:1:
1 | #import "/Users/buddhirajgautam/Documents/Cherrygram-Mac/macOS-Swift/packages/TGModernGrowingTextView/Sources/TGModernGrowingTextView/TGModernGrowingTextView.h"
  |         `- note: in file included from <module-includes>:1:
2 | 

/Users/buddhirajgautam/Documents/Cherrygram-Mac/macOS-Swift/packages/TGModernGrowingTextView/Sources/TGModernGrowingTextView/TGModernGrowingTextView.h:81:3: warning: pointer is missing a nullability type specifier (_Nonnull, _Nullable, or _Null_unspecified)
 79 | @interface TGModernGrowingTextView : NSView<NSServicesMenuRequestor>
 80 | 
 81 | -(instancetype)initWithFrame:(NSRect)frameRect unscrollable:(BOOL)unscrollable;
    |   |- warning: pointer is missing a nullability type specifier (_Nonnull, _Nullable, or _Null_unspecified)
    |   |- note: insert '_Nullable' if the pointer may be null
    |   `- note: insert '_Nonnull' if the pointer should never be null
 82 | 
 83 | @property (nonatomic,assign) BOOL animates;

<module-includes>:1:9: note: in file included from <module-includes>:1:
1 | #import "/Users/buddhirajgautam/Documents/Cherrygram-Mac/macOS-Swift/packages/TGModernGrowingTextView/Sources/TGModernGrowingTextView/TGModernGrowingTextView.h"
  |         `- note: in file included from <module-includes>:1:
2 | 

18 warnings generated.
/Users/buddhirajgautam/Documents/Cherrygram-Mac/macOS-Swift/packages/TGModernGrowingTextView/Sources/TGModernGrowingTextView/TGModernGrowingTextView.h:146:39: warning: pointer is missing a nullability type specifier (_Nonnull, _Nullable, or _Null_unspecified)
144 | - (void)textDidChange:( NSNotification * _Nullable )notification;
145 | 
146 | - (void)addSimpleItem:(SimpleUndoItem *)item;
    |                                       |- warning: pointer is missing a nullability type specifier (_Nonnull, _Nullable, or _Null_unspecified)
    |                                       |- note: insert '_Nullable' if the pointer may be null
    |                                       `- note: insert '_Nonnull' if the pointer should never be null
147 | 
148 | -(void)setBackgroundColor:(NSColor * __nonnull)color;

SwiftExplicitDependencyGeneratePcm arm64 /Users/buddhirajgautam/Library/Developer/Xcode/DerivedData/Telegram-Mac-fygdgghdgmuleoelvxabfmqiotta/Build/Intermediates.noindex/SwiftExplicitPrecompiledModules/LokiRng-2D95GFA7MN0630853S58KFUE0.pcm

SwiftExplicitDependencyGeneratePcm arm64 /Users/buddhirajgautam/Library/Developer/Xcode/DerivedData/Telegram-Mac-fygdgghdgmuleoelvxabfmqiotta/Build/Intermediates.noindex/SwiftExplicitPrecompiledModules/DateUtils-5MMKRCMQC35CKA7ITMLGHB1O9.pcm

SwiftExplicitDependencyGeneratePcm arm64 /Users/buddhirajgautam/Library/Developer/Xcode/DerivedData/Telegram-Mac-fygdgghdgmuleoelvxabfmqiotta/Build/Intermediates.noindex/SwiftExplicitPrecompiledModules/FFMpegBinding-CFE04IGYXUI25WDHINFPCM5DY.pcm
<module-includes>:1:9: note: in file included from <module-includes>:1:
1 | #import "/Users/buddhirajgautam/Documents/Cherrygram-Mac/macOS-Swift/submodules/telegram-ios/submodules/FFMpegBinding/Public/FFMpegBinding/FFMpegBinding.h"
  |         `- note: in file included from <module-includes>:1:
2 | 

/Users/buddhirajgautam/Documents/Cherrygram-Mac/macOS-Swift/submodules/telegram-ios/submodules/FFMpegBinding/Public/FFMpegBinding/FFMpegBinding.h:15:1: warning: umbrella header for module 'FFMpegBinding' does not include header 'FFMpegVideoWriter.h'
13 | #import <FFMpegBinding/FFMpegLiveMuxer.h>
14 | #import <FFMpegBinding/FrameConverter.h>
15 | 
   | `- warning: umbrella header for module 'FFMpegBinding' does not include header 'FFMpegVideoWriter.h'

<module-includes>:1:9: note: in file included from <module-includes>:1:
1 | #import "/Users/buddhirajgautam/Documents/Cherrygram-Mac/macOS-Swift/submodules/telegram-ios/submodules/FFMpegBinding/Public/FFMpegBinding/FFMpegBinding.h"
  |         `- note: in file included from <module-includes>:1:
2 | 

2 warnings generated.
/Users/buddhirajgautam/Documents/Cherrygram-Mac/macOS-Swift/submodules/telegram-ios/submodules/FFMpegBinding/Public/FFMpegBinding/FFMpegBinding.h:15:1: warning: umbrella header for module 'FFMpegBinding' does not include header 'FFMpegOpusTrimmer.h'
13 | #import <FFMpegBinding/FFMpegLiveMuxer.h>
14 | #import <FFMpegBinding/FrameConverter.h>
15 | 
   | `- warning: umbrella header for module 'FFMpegBinding' does not include header 'FFMpegOpusTrimmer.h'

SwiftExplicitDependencyGeneratePcm arm64 /Users/buddhirajgautam/Library/Developer/Xcode/DerivedData/Telegram-Mac-fygdgghdgmuleoelvxabfmqiotta/Build/Intermediates.noindex/SwiftExplicitPrecompiledModules/EDSunriseSet-B1H7YT9OZA9T7C2VI6Q04S48D.pcm

SwiftExplicitDependencyGeneratePcm arm64 /Users/buddhirajgautam/Library/Developer/Xcode/DerivedData/Telegram-Mac-fygdgghdgmuleoelvxabfmqiotta/Build/Intermediates.noindex/SwiftExplicitPrecompiledModules/BuildConfig-60FHJILDCXL5V16EIIQ2CVIGI.pcm
<module-includes>:1:9: note: in file included from <module-includes>:1:
1 | #import "/Users/buddhirajgautam/Documents/Cherrygram-Mac/macOS-Swift/submodules/BuildConfig/Sources/include/BuildConfig/BuildConfig.h"
  |         `- note: in file included from <module-includes>:1:
2 | 

1 warning generated.
/Users/buddhirajgautam/Documents/Cherrygram-Mac/macOS-Swift/submodules/BuildConfig/Sources/include/BuildConfig/BuildConfig.h:30:71: warning: pointer is missing a nullability type specifier (_Nonnull, _Nullable, or _Null_unspecified)
28 | + (NSString * _Nonnull)defaultKey;
29 | - (NSData * _Nullable)encrypt:(NSData * _Nonnull)data;
30 | - (NSData * _Nullable)decrypt:(NSData * _Nonnull)data cancelled:(bool *)cancelled;
   |                                                                       |- warning: pointer is missing a nullability type specifier (_Nonnull, _Nullable, or _Null_unspecified)
   |                                                                       |- note: insert '_Nullable' if the pointer may be null
   |                                                                       `- note: insert '_Nonnull' if the pointer should never be null
31 | 
32 | @end

SwiftExplicitDependencyGeneratePcm arm64 /Users/buddhirajgautam/Library/Developer/Xcode/DerivedData/Telegram-Mac-fygdgghdgmuleoelvxabfmqiotta/Build/Intermediates.noindex/SwiftExplicitPrecompiledModules/Firebase-4JGSKMQX0ET5YG4EON9WCAYIK.pcm

SwiftExplicitDependencyGeneratePcm arm64 /Users/buddhirajgautam/Library/Developer/Xcode/DerivedData/Telegram-Mac-fygdgghdgmuleoelvxabfmqiotta/Build/Intermediates.noindex/SwiftExplicitPrecompiledModules/Sparkle-D3KNKYSH3OJFWYIQQQNZ2J6VY.pcm
<module-includes>:1:9: note: in file included from <module-includes>:1:
1 | #import "Headers/Sparkle.h"
  |         `- note: in file included from <module-includes>:1:
2 | 

/Users/buddhirajgautam/Library/Developer/Xcode/DerivedData/Telegram-Mac-fygdgghdgmuleoelvxabfmqiotta/Build/Products/Debug/Sparkle.framework/Headers/Sparkle.h:36:1: warning: umbrella header for module 'Sparkle' does not include header 'SUGuidedPackageInstaller.h'
34 | #import "SUUpdaterPrivate.h"
35 | #endif
36 | 
   | `- warning: umbrella header for module 'Sparkle' does not include header 'SUGuidedPackageInstaller.h'

<module-includes>:1:9: note: in file included from <module-includes>:1:
1 | #import "Headers/Sparkle.h"
  |         `- note: in file included from <module-includes>:1:
2 | 

/Users/buddhirajgautam/Library/Developer/Xcode/DerivedData/Telegram-Mac-fygdgghdgmuleoelvxabfmqiotta/Build/Products/Debug/Sparkle.framework/Headers/Sparkle.h:36:1: warning: umbrella header for module 'Sparkle' does not include header 'SUAutomaticUpdateDriver.h'
34 | #import "SUUpdaterPrivate.h"
35 | #endif
36 | 
   | `- warning: umbrella header for module 'Sparkle' does not include header 'SUAutomaticUpdateDriver.h'

<module-includes>:1:9: note: in file included from <module-includes>:1:
1 | #import "Headers/Sparkle.h"
  |         `- note: in file included from <module-includes>:1:
2 | 

/Users/buddhirajgautam/Library/Developer/Xcode/DerivedData/Telegram-Mac-fygdgghdgmuleoelvxabfmqiotta/Build/Products/Debug/Sparkle.framework/Headers/Sparkle.h:36:1: warning: umbrella header for module 'Sparkle' does not include header 'SUUpdatePermissionPrompt.h'
34 | #import "SUUpdaterPrivate.h"
35 | #endif
36 | 
   | `- warning: umbrella header for module 'Sparkle' does not include header 'SUUpdatePermissionPrompt.h'

<module-includes>:1:9: note: in file included from <module-includes>:1:
1 | #import "Headers/Sparkle.h"
  |         `- note: in file included from <module-includes>:1:
2 | 

/Users/buddhirajgautam/Library/Developer/Xcode/DerivedData/Telegram-Mac-fygdgghdgmuleoelvxabfmqiotta/Build/Products/Debug/Sparkle.framework/Headers/Sparkle.h:36:1: warning: umbrella header for module 'Sparkle' does not include header 'SUPackageInstaller.h'
34 | #import "SUUpdaterPrivate.h"
35 | #endif
36 | 
   | `- warning: umbrella header for module 'Sparkle' does not include header 'SUPackageInstaller.h'

<module-includes>:1:9: note: in file included from <module-includes>:1:
1 | #import "Headers/Sparkle.h"
  |         `- note: in file included from <module-includes>:1:
2 | 

/Users/buddhirajgautam/Library/Developer/Xcode/DerivedData/Telegram-Mac-fygdgghdgmuleoelvxabfmqiotta/Build/Products/Debug/Sparkle.framework/Headers/Sparkle.h:36:1: warning: umbrella header for module 'Sparkle' does not include header 'SUPlainInstaller.h'
34 | #import "SUUpdaterPrivate.h"
35 | #endif
36 | 
   | `- warning: umbrella header for module 'Sparkle' does not include header 'SUPlainInstaller.h'

<module-includes>:1:9: note: in file included from <module-includes>:1:
1 | #import "Headers/Sparkle.h"
  |         `- note: in file included from <module-includes>:1:
2 | 

/Users/buddhirajgautam/Library/Developer/Xcode/DerivedData/Telegram-Mac-fygdgghdgmuleoelvxabfmqiotta/Build/Products/Debug/Sparkle.framework/Headers/Sparkle.h:36:1: warning: umbrella header for module 'Sparkle' does not include header 'SUPipedUnarchiver.h'
34 | #import "SUUpdaterPrivate.h"
35 | #endif
36 | 
   | `- warning: umbrella header for module 'Sparkle' does not include header 'SUPipedUnarchiver.h'

<module-includes>:1:9: note: in file included from <module-includes>:1:
1 | #import "Headers/Sparkle.h"
  |         `- note: in file included from <module-includes>:1:
2 | 

/Users/buddhirajgautam/Library/Developer/Xcode/DerivedData/Telegram-Mac-fygdgghdgmuleoelvxabfmqiotta/Build/Products/Debug/Sparkle.framework/Headers/Sparkle.h:36:1: warning: umbrella header for module 'Sparkle' does not include header 'SUUserInitiatedUpdateDriver.h'
34 | #import "SUUpdaterPrivate.h"
35 | #endif
36 | 
   | `- warning: umbrella header for module 'Sparkle' does not include header 'SUUserInitiatedUpdateDriver.h'

<module-includes>:1:9: note: in file included from <module-includes>:1:
1 | #import "Headers/Sparkle.h"
  |         `- note: in file included from <module-includes>:1:
2 | 

/Users/buddhirajgautam/Library/Developer/Xcode/DerivedData/Telegram-Mac-fygdgghdgmuleoelvxabfmqiotta/Build/Products/Debug/Sparkle.framework/Headers/Sparkle.h:36:1: warning: umbrella header for module 'Sparkle' does not include header 'precomp_data.h'
34 | #import "SUUpdaterPrivate.h"
35 | #endif
36 | 
   | `- warning: umbrella header for module 'Sparkle' does not include header 'precomp_data.h'

<module-includes>:1:9: note: in file included from <module-includes>:1:
1 | #import "Headers/Sparkle.h"
  |         `- note: in file included from <module-includes>:1:
2 | 

/Users/buddhirajgautam/Library/Developer/Xcode/DerivedData/Telegram-Mac-fygdgghdgmuleoelvxabfmqiotta/Build/Products/Debug/Sparkle.framework/Headers/Sparkle.h:36:1: warning: umbrella header for module 'Sparkle' does not include header 'SUBinaryDeltaUnarchiver.h'
34 | #import "SUUpdaterPrivate.h"
35 | #endif
36 | 
   | `- warning: umbrella header for module 'Sparkle' does not include header 'SUBinaryDeltaUnarchiver.h'

<module-includes>:1:9: note: in file included from <module-includes>:1:
1 | #import "Headers/Sparkle.h"
  |         `- note: in file included from <module-includes>:1:
2 | 

/Users/buddhirajgautam/Library/Developer/Xcode/DerivedData/Telegram-Mac-fygdgghdgmuleoelvxabfmqiotta/Build/Products/Debug/Sparkle.framework/Headers/Sparkle.h:36:1: warning: umbrella header for module 'Sparkle' does not include header 'SUDiskImageUnarchiver.h'
34 | #import "SUUpdaterPrivate.h"
35 | #endif
36 | 
   | `- warning: umbrella header for module 'Sparkle' does not include header 'SUDiskImageUnarchiver.h'

<module-includes>:1:9: note: in file included from <module-includes>:1:
1 | #import "Headers/Sparkle.h"
  |         `- note: in file included from <module-includes>:1:
2 | 

/Users/buddhirajgautam/Library/Developer/Xcode/DerivedData/Telegram-Mac-fygdgghdgmuleoelvxabfmqiotta/Build/Products/Debug/Sparkle.framework/Headers/Sparkle.h:36:1: warning: umbrella header for module 'Sparkle' does not include header 'SUConstants.h'
34 | #import "SUUpdaterPrivate.h"
35 | #endif
36 | 
   | `- warning: umbrella header for module 'Sparkle' does not include header 'SUConstants.h'

<module-includes>:1:9: note: in file included from <module-includes>:1:
1 | #import "Headers/Sparkle.h"
  |         `- note: in file included from <module-includes>:1:
2 | 

/Users/buddhirajgautam/Library/Developer/Xcode/DerivedData/Telegram-Mac-fygdgghdgmuleoelvxabfmqiotta/Build/Products/Debug/Sparkle.framework/Headers/Sparkle.h:36:1: warning: umbrella header for module 'Sparkle' does not include header 'SUUnarchiverNotifier.h'
34 | #import "SUUpdaterPrivate.h"
35 | #endif
36 | 
   | `- warning: umbrella header for module 'Sparkle' does not include header 'SUUnarchiverNotifier.h'

<module-includes>:1:9: note: in file included from <module-includes>:1:
1 | #import "Headers/Sparkle.h"
  |         `- note: in file included from <module-includes>:1:
2 | 

/Users/buddhirajgautam/Library/Developer/Xcode/DerivedData/Telegram-Mac-fygdgghdgmuleoelvxabfmqiotta/Build/Products/Debug/Sparkle.framework/Headers/Sparkle.h:36:1: warning: umbrella header for module 'Sparkle' does not include header 'SUUnarchiverProtocol.h'
34 | #import "SUUpdaterPrivate.h"
35 | #endif
36 | 
   | `- warning: umbrella header for module 'Sparkle' does not include header 'SUUnarchiverProtocol.h'

<module-includes>:1:9: note: in file included from <module-includes>:1:
1 | #import "Headers/Sparkle.h"
  |         `- note: in file included from <module-includes>:1:
2 | 

/Users/buddhirajgautam/Library/Developer/Xcode/DerivedData/Telegram-Mac-fygdgghdgmuleoelvxabfmqiotta/Build/Products/Debug/Sparkle.framework/Headers/Sparkle.h:36:1: warning: umbrella header for module 'Sparkle' does not include header 'SUUIBasedUpdateDriver.h'
34 | #import "SUUpdaterPrivate.h"
35 | #endif
36 | 
   | `- warning: umbrella header for module 'Sparkle' does not include header 'SUUIBasedUpdateDriver.h'

<module-includes>:1:9: note: in file included from <module-includes>:1:
1 | #import "Headers/Sparkle.h"
  |         `- note: in file included from <module-includes>:1:
2 | 

/Users/buddhirajgautam/Library/Developer/Xcode/DerivedData/Telegram-Mac-fygdgghdgmuleoelvxabfmqiotta/Build/Products/Debug/Sparkle.framework/Headers/Sparkle.h:36:1: warning: umbrella header for module 'Sparkle' does not include header 'SUFileOperationConstants.h'
34 | #import "SUUpdaterPrivate.h"
35 | #endif
36 | 
   | `- warning: umbrella header for module 'Sparkle' does not include header 'SUFileOperationConstants.h'

<module-includes>:1:9: note: in file included from <module-includes>:1:
1 | #import "Headers/Sparkle.h"
  |         `- note: in file included from <module-includes>:1:
2 | 

/Users/buddhirajgautam/Library/Developer/Xcode/DerivedData/Telegram-Mac-fygdgghdgmuleoelvxabfmqiotta/Build/Products/Debug/Sparkle.framework/Headers/Sparkle.h:36:1: warning: umbrella header for module 'Sparkle' does not include header 'SULocalizations.h'
34 | #import "SUUpdaterPrivate.h"
35 | #endif
36 | 
   | `- warning: umbrella header for module 'Sparkle' does not include header 'SULocalizations.h'

<module-includes>:1:9: note: in file included from <module-includes>:1:
1 | #import "Headers/Sparkle.h"
  |         `- note: in file included from <module-includes>:1:
2 | 

/Users/buddhirajgautam/Library/Developer/Xcode/DerivedData/Telegram-Mac-fygdgghdgmuleoelvxabfmqiotta/Build/Products/Debug/Sparkle.framework/Headers/Sparkle.h:36:1: warning: umbrella header for module 'Sparkle' does not include header 'SUInstaller.h'
34 | #import "SUUpdaterPrivate.h"
35 | #endif
36 | 
   | `- warning: umbrella header for module 'Sparkle' does not include header 'SUInstaller.h'

<module-includes>:1:9: note: in file included from <module-includes>:1:
1 | #import "Headers/Sparkle.h"
  |         `- note: in file included from <module-includes>:1:
2 | 

/Users/buddhirajgautam/Library/Developer/Xcode/DerivedData/Telegram-Mac-fygdgghdgmuleoelvxabfmqiotta/Build/Products/Debug/Sparkle.framework/Headers/Sparkle.h:36:1: warning: umbrella header for module 'Sparkle' does not include header 'SUUpdateAlert.h'
34 | #import "SUUpdaterPrivate.h"
35 | #endif
36 | 
   | `- warning: umbrella header for module 'Sparkle' does not include header 'SUUpdateAlert.h'

<module-includes>:1:9: note: in file included from <module-includes>:1:
1 | #import "Headers/Sparkle.h"
  |         `- note: in file included from <module-includes>:1:
2 | 

/Users/buddhirajgautam/Library/Developer/Xcode/DerivedData/Telegram-Mac-fygdgghdgmuleoelvxabfmqiotta/Build/Products/Debug/Sparkle.framework/Headers/Sparkle.h:36:1: warning: umbrella header for module 'Sparkle' does not include header 'SULog.h'
34 | #import "SUUpdaterPrivate.h"
35 | #endif
36 | 
   | `- warning: umbrella header for module 'Sparkle' does not include header 'SULog.h'

<module-includes>:1:9: note: in file included from <module-includes>:1:
1 | #import "Headers/Sparkle.h"
  |         `- note: in file included from <module-includes>:1:
2 | 

/Users/buddhirajgautam/Library/Developer/Xcode/DerivedData/Telegram-Mac-fygdgghdgmuleoelvxabfmqiotta/Build/Products/Debug/Sparkle.framework/Headers/Sparkle.h:36:1: warning: umbrella header for module 'Sparkle' does not include header 'sha512.h'
34 | #import "SUUpdaterPrivate.h"
35 | #endif
36 | 
   | `- warning: umbrella header for module 'Sparkle' does not include header 'sha512.h'

<module-includes>:1:9: note: in file included from <module-includes>:1:
1 | #import "Headers/Sparkle.h"
  |         `- note: in file included from <module-includes>:1:
2 | 

/Users/buddhirajgautam/Library/Developer/Xcode/DerivedData/Telegram-Mac-fygdgghdgmuleoelvxabfmqiotta/Build/Products/Debug/Sparkle.framework/Headers/Sparkle.h:36:1: warning: umbrella header for module 'Sparkle' does not include header 'SUAutomaticUpdateAlert.h'
34 | #import "SUUpdaterPrivate.h"
35 | #endif
36 | 
   | `- warning: umbrella header for module 'Sparkle' does not include header 'SUAutomaticUpdateAlert.h'

<module-includes>:1:9: note: in file included from <module-includes>:1:
1 | #import "Headers/Sparkle.h"
  |         `- note: in file included from <module-includes>:1:
2 | 

/Users/buddhirajgautam/Library/Developer/Xcode/DerivedData/Telegram-Mac-fygdgghdgmuleoelvxabfmqiotta/Build/Products/Debug/Sparkle.framework/Headers/Sparkle.h:36:1: warning: umbrella header for module 'Sparkle' does not include header 'bspatch.h'
34 | #import "SUUpdaterPrivate.h"
35 | #endif
36 | 
   | `- warning: umbrella header for module 'Sparkle' does not include header 'bspatch.h'

<module-includes>:1:9: note: in file included from <module-includes>:1:
1 | #import "Headers/Sparkle.h"
  |         `- note: in file included from <module-includes>:1:
2 | 

/Users/buddhirajgautam/Library/Developer/Xcode/DerivedData/Telegram-Mac-fygdgghdgmuleoelvxabfmqiotta/Build/Products/Debug/Sparkle.framework/Headers/Sparkle.h:36:1: warning: umbrella header for module 'Sparkle' does not include header 'SUSignatures.h'
34 | #import "SUUpdaterPrivate.h"
35 | #endif
36 | 
   | `- warning: umbrella header for module 'Sparkle' does not include header 'SUSignatures.h'

<module-includes>:1:9: note: in file included from <module-includes>:1:
1 | #import "Headers/Sparkle.h"
  |         `- note: in file included from <module-includes>:1:
2 | 

/Users/buddhirajgautam/Library/Developer/Xcode/DerivedData/Telegram-Mac-fygdgghdgmuleoelvxabfmqiotta/Build/Products/Debug/Sparkle.framework/Headers/Sparkle.h:36:1: warning: umbrella header for module 'Sparkle' does not include header 'SUStatusController.h'
34 | #import "SUUpdaterPrivate.h"
35 | #endif
36 | 
   | `- warning: umbrella header for module 'Sparkle' does not include header 'SUStatusController.h'

<module-includes>:1:9: note: in file included from <module-includes>:1:
1 | #import "Headers/Sparkle.h"
  |         `- note: in file included from <module-includes>:1:
2 | 

/Users/buddhirajgautam/Library/Developer/Xcode/DerivedData/Telegram-Mac-fygdgghdgmuleoelvxabfmqiotta/Build/Products/Debug/Sparkle.framework/Headers/Sparkle.h:36:1: warning: umbrella header for module 'Sparkle' does not include header 'SPULocalCacheDirectory.h'
34 | #import "SUUpdaterPrivate.h"
35 | #endif
36 | 
   | `- warning: umbrella header for module 'Sparkle' does not include header 'SPULocalCacheDirectory.h'

<module-includes>:1:9: note: in file included from <module-includes>:1:
1 | #import "Headers/Sparkle.h"
  |         `- note: in file included from <module-includes>:1:
2 | 

/Users/buddhirajgautam/Library/Developer/Xcode/DerivedData/Telegram-Mac-fygdgghdgmuleoelvxabfmqiotta/Build/Products/Debug/Sparkle.framework/Headers/Sparkle.h:36:1: warning: umbrella header for module 'Sparkle' does not include header 'SUScheduledUpdateDriver.h'
34 | #import "SUUpdaterPrivate.h"
35 | #endif
36 | 
   | `- warning: umbrella header for module 'Sparkle' does not include header 'SUScheduledUpdateDriver.h'

<module-includes>:1:9: note: in file included from <module-includes>:1:
1 | #import "Headers/Sparkle.h"
  |         `- note: in file included from <module-includes>:1:
2 | 

/Users/buddhirajgautam/Library/Developer/Xcode/DerivedData/Telegram-Mac-fygdgghdgmuleoelvxabfmqiotta/Build/Products/Debug/Sparkle.framework/Headers/Sparkle.h:36:1: warning: umbrella header for module 'Sparkle' does not include header 'ed25519.h'
34 | #import "SUUpdaterPrivate.h"
35 | #endif
36 | 
   | `- warning: umbrella header for module 'Sparkle' does not include header 'ed25519.h'

<module-includes>:1:9: note: in file included from <module-includes>:1:
1 | #import "Headers/Sparkle.h"
  |         `- note: in file included from <module-includes>:1:
2 | 

/Users/buddhirajgautam/Library/Developer/Xcode/DerivedData/Telegram-Mac-fygdgghdgmuleoelvxabfmqiotta/Build/Products/Debug/Sparkle.framework/Headers/Sparkle.h:36:1: warning: umbrella header for module 'Sparkle' does not include header 'fe.h'
34 | #import "SUUpdaterPrivate.h"
35 | #endif
36 | 
   | `- warning: umbrella header for module 'Sparkle' does not include header 'fe.h'

<module-includes>:1:9: note: in file included from <module-includes>:1:
1 | #import "Headers/Sparkle.h"
  |         `- note: in file included from <module-includes>:1:
2 | 

/Users/buddhirajgautam/Library/Developer/Xcode/DerivedData/Telegram-Mac-fygdgghdgmuleoelvxabfmqiotta/Build/Products/Debug/Sparkle.framework/Headers/Sparkle.h:36:1: warning: umbrella header for module 'Sparkle' does not include header 'bscommon.h'
34 | #import "SUUpdaterPrivate.h"
35 | #endif
36 | 
   | `- warning: umbrella header for module 'Sparkle' does not include header 'bscommon.h'

<module-includes>:1:9: note: in file included from <module-includes>:1:
1 | #import "Headers/Sparkle.h"
  |         `- note: in file included from <module-includes>:1:
2 | 

/Users/buddhirajgautam/Library/Developer/Xcode/DerivedData/Telegram-Mac-fygdgghdgmuleoelvxabfmqiotta/Build/Products/Debug/Sparkle.framework/Headers/Sparkle.h:36:1: warning: umbrella header for module 'Sparkle' does not include header 'SUOperatingSystem.h'
34 | #import "SUUpdaterPrivate.h"
35 | #endif
36 | 
   | `- warning: umbrella header for module 'Sparkle' does not include header 'SUOperatingSystem.h'

<module-includes>:1:9: note: in file included from <module-includes>:1:
1 | #import "Headers/Sparkle.h"
  |         `- note: in file included from <module-includes>:1:
2 | 

/Users/buddhirajgautam/Library/Developer/Xcode/DerivedData/Telegram-Mac-fygdgghdgmuleoelvxabfmqiotta/Build/Products/Debug/Sparkle.framework/Headers/Sparkle.h:36:1: warning: umbrella header for module 'Sparkle' does not include header 'SUSystemProfiler.h'
34 | #import "SUUpdaterPrivate.h"
35 | #endif
36 | 
   | `- warning: umbrella header for module 'Sparkle' does not include header 'SUSystemProfiler.h'

<module-includes>:1:9: note: in file included from <module-includes>:1:
1 | #import "Headers/Sparkle.h"
  |         `- note: in file included from <module-includes>:1:
2 | 

/Users/buddhirajgautam/Library/Developer/Xcode/DerivedData/Telegram-Mac-fygdgghdgmuleoelvxabfmqiotta/Build/Products/Debug/Sparkle.framework/Headers/Sparkle.h:36:1: warning: umbrella header for module 'Sparkle' does not include header 'SUProbingUpdateDriver.h'
34 | #import "SUUpdaterPrivate.h"
35 | #endif
36 | 
   | `- warning: umbrella header for module 'Sparkle' does not include header 'SUProbingUpdateDriver.h'

<module-includes>:1:9: note: in file included from <module-includes>:1:
1 | #import "Headers/Sparkle.h"
  |         `- note: in file included from <module-includes>:1:
2 | 

/Users/buddhirajgautam/Library/Developer/Xcode/DerivedData/Telegram-Mac-fygdgghdgmuleoelvxabfmqiotta/Build/Products/Debug/Sparkle.framework/Headers/Sparkle.h:36:1: warning: umbrella header for module 'Sparkle' does not include header 'fixedint.h'
34 | #import "SUUpdaterPrivate.h"
35 | #endif
36 | 
   | `- warning: umbrella header for module 'Sparkle' does not include header 'fixedint.h'

<module-includes>:1:9: note: in file included from <module-includes>:1:
1 | #import "Headers/Sparkle.h"
  |         `- note: in file included from <module-includes>:1:
2 | 

/Users/buddhirajgautam/Library/Developer/Xcode/DerivedData/Telegram-Mac-fygdgghdgmuleoelvxabfmqiotta/Build/Products/Debug/Sparkle.framework/Headers/Sparkle.h:36:1: warning: umbrella header for module 'Sparkle' does not include header 'SUUpdateValidator.h'
34 | #import "SUUpdaterPrivate.h"
35 | #endif
36 | 
   | `- warning: umbrella header for module 'Sparkle' does not include header 'SUUpdateValidator.h'

<module-includes>:1:9: note: in file included from <module-includes>:1:
1 | #import "Headers/Sparkle.h"
  |         `- note: in file included from <module-includes>:1:
2 | 

/Users/buddhirajgautam/Library/Developer/Xcode/DerivedData/Telegram-Mac-fygdgghdgmuleoelvxabfmqiotta/Build/Products/Debug/Sparkle.framework/Headers/Sparkle.h:36:1: warning: umbrella header for module 'Sparkle' does not include header 'SUApplicationInfo.h'
34 | #import "SUUpdaterPrivate.h"
35 | #endif
36 | 
   | `- warning: umbrella header for module 'Sparkle' does not include header 'SUApplicationInfo.h'

<module-includes>:1:9: note: in file included from <module-includes>:1:
1 | #import "Headers/Sparkle.h"
  |         `- note: in file included from <module-includes>:1:
2 | 

/Users/buddhirajgautam/Library/Developer/Xcode/DerivedData/Telegram-Mac-fygdgghdgmuleoelvxabfmqiotta/Build/Products/Debug/Sparkle.framework/Headers/Sparkle.h:36:1: warning: umbrella header for module 'Sparkle' does not include header 'sc.h'
34 | #import "SUUpdaterPrivate.h"
35 | #endif
36 | 
   | `- warning: umbrella header for module 'Sparkle' does not include header 'sc.h'

<module-includes>:1:9: note: in file included from <module-includes>:1:
1 | #import "Headers/Sparkle.h"
  |         `- note: in file included from <module-includes>:1:
2 | 

/Users/buddhirajgautam/Library/Developer/Xcode/DerivedData/Telegram-Mac-fygdgghdgmuleoelvxabfmqiotta/Build/Products/Debug/Sparkle.framework/Headers/Sparkle.h:36:1: warning: umbrella header for module 'Sparkle' does not include header 'SUTouchBarButtonGroup.h'
34 | #import "SUUpdaterPrivate.h"
35 | #endif
36 | 
   | `- warning: umbrella header for module 'Sparkle' does not include header 'SUTouchBarButtonGroup.h'

<module-includes>:1:9: note: in file included from <module-includes>:1:
1 | #import "Headers/Sparkle.h"
  |         `- note: in file included from <module-includes>:1:
2 | 

/Users/buddhirajgautam/Library/Developer/Xcode/DerivedData/Telegram-Mac-fygdgghdgmuleoelvxabfmqiotta/Build/Products/Debug/Sparkle.framework/Headers/Sparkle.h:36:1: warning: umbrella header for module 'Sparkle' does not include header 'ge.h'
34 | #import "SUUpdaterPrivate.h"
35 | #endif
36 | 
   | `- warning: umbrella header for module 'Sparkle' does not include header 'ge.h'

<module-includes>:1:9: note: in file included from <module-includes>:1:
1 | #import "Headers/Sparkle.h"
  |         `- note: in file included from <module-includes>:1:
2 | 

/Users/buddhirajgautam/Library/Developer/Xcode/DerivedData/Telegram-Mac-fygdgghdgmuleoelvxabfmqiotta/Build/Products/Debug/Sparkle.framework/Headers/Sparkle.h:36:1: warning: umbrella header for module 'Sparkle' does not include header 'SUSignatureVerifier.h'
34 | #import "SUUpdaterPrivate.h"
35 | #endif
36 | 
   | `- warning: umbrella header for module 'Sparkle' does not include header 'SUSignatureVerifier.h'

<module-includes>:1:9: note: in file included from <module-includes>:1:
1 | #import "Headers/Sparkle.h"
  |         `- note: in file included from <module-includes>:1:
2 | 

/Users/buddhirajgautam/Library/Developer/Xcode/DerivedData/Telegram-Mac-fygdgghdgmuleoelvxabfmqiotta/Build/Products/Debug/Sparkle.framework/Headers/Sparkle.h:36:1: warning: umbrella header for module 'Sparkle' does not include header 'SUUpdatePermissionResponse.h'
34 | #import "SUUpdaterPrivate.h"
35 | #endif
36 | 
   | `- warning: umbrella header for module 'Sparkle' does not include header 'SUUpdatePermissionResponse.h'

<module-includes>:1:9: note: in file included from <module-includes>:1:
1 | #import "Headers/Sparkle.h"
  |         `- note: in file included from <module-includes>:1:
2 | 

/Users/buddhirajgautam/Library/Developer/Xcode/DerivedData/Telegram-Mac-fygdgghdgmuleoelvxabfmqiotta/Build/Products/Debug/Sparkle.framework/Headers/Sparkle.h:36:1: warning: umbrella header for module 'Sparkle' does not include header 'SUFileManager.h'
34 | #import "SUUpdaterPrivate.h"
35 | #endif
36 | 
   | `- warning: umbrella header for module 'Sparkle' does not include header 'SUFileManager.h'

<module-includes>:1:9: note: in file included from <module-includes>:1:
1 | #import "Headers/Sparkle.h"
  |         `- note: in file included from <module-includes>:1:
2 | 

/Users/buddhirajgautam/Library/Developer/Xcode/DerivedData/Telegram-Mac-fygdgghdgmuleoelvxabfmqiotta/Build/Products/Debug/Sparkle.framework/Headers/Sparkle.h:36:1: warning: umbrella header for module 'Sparkle' does not include header 'SUSystemUpdateInfo.h'
34 | #import "SUUpdaterPrivate.h"
35 | #endif
36 | 
   | `- warning: umbrella header for module 'Sparkle' does not include header 'SUSystemUpdateInfo.h'

<module-includes>:1:9: note: in file included from <module-includes>:1:
1 | #import "Headers/Sparkle.h"
  |         `- note: in file included from <module-includes>:1:
2 | 

43 warnings generated.
/Users/buddhirajgautam/Library/Developer/Xcode/DerivedData/Telegram-Mac-fygdgghdgmuleoelvxabfmqiotta/Build/Products/Debug/Sparkle.framework/Headers/Sparkle.h:36:1: warning: umbrella header for module 'Sparkle' does not include header 'SUBundleIcon.h'
34 | #import "SUUpdaterPrivate.h"
35 | #endif
36 | 
   | `- warning: umbrella header for module 'Sparkle' does not include header 'SUBundleIcon.h'

SwiftExplicitDependencyGeneratePcm arm64 /Users/buddhirajgautam/Library/Developer/Xcode/DerivedData/Telegram-Mac-fygdgghdgmuleoelvxabfmqiotta/Build/Intermediates.noindex/SwiftExplicitPrecompiledModules/NetworkLogging-9NVPHDLN9FMSODDYFYM74VQQK.pcm

SwiftExplicitDependencyGeneratePcm arm64 /Users/buddhirajgautam/Library/Developer/Xcode/DerivedData/Telegram-Mac-fygdgghdgmuleoelvxabfmqiotta/Build/Intermediates.noindex/SwiftExplicitPrecompiledModules/OpusBinding-CG166MKM01TIT0EIYHDX67Z10.pcm

SwiftExplicitDependencyGeneratePcm arm64 /Users/buddhirajgautam/Library/Developer/Xcode/DerivedData/Telegram-Mac-fygdgghdgmuleoelvxabfmqiotta/Build/Intermediates.noindex/SwiftExplicitPrecompiledModules/DetectSpeech-BUJ8IA8BZQR7IDTHFUTB6QHE4.pcm

SwiftExplicitDependencyGeneratePcm arm64 /Users/buddhirajgautam/Library/Developer/Xcode/DerivedData/Telegram-Mac-fygdgghdgmuleoelvxabfmqiotta/Build/Intermediates.noindex/SwiftExplicitPrecompiledModules/libwebp-87XYH3XPXW4I0TG67KI2R3QZE.pcm

SwiftExplicitDependencyGeneratePcm arm64 /Users/buddhirajgautam/Library/Developer/Xcode/DerivedData/Telegram-Mac-fygdgghdgmuleoelvxabfmqiotta/Build/Intermediates.noindex/SwiftExplicitPrecompiledModules/HotKey-19S7Y4TLNHKGOEA2GEYKMGM0B.pcm

SwiftExplicitDependencyGeneratePcm arm64 /Users/buddhirajgautam/Library/Developer/Xcode/DerivedData/Telegram-Mac-fygdgghdgmuleoelvxabfmqiotta/Build/Intermediates.noindex/SwiftExplicitPrecompiledModules/YuvConversion-5KT5QX0LCXLNWNRFEH3RRCLFD.pcm

SwiftExplicitDependencyGeneratePcm arm64 /Users/buddhirajgautam/Library/Developer/Xcode/DerivedData/Telegram-Mac-fygdgghdgmuleoelvxabfmqiotta/Build/Intermediates.noindex/SwiftExplicitPrecompiledModules/TGGifConverter-CMG19248Y79W6PFP1Z8VLL6MV.pcm

SwiftExplicitDependencyGeneratePcm arm64 /Users/buddhirajgautam/Library/Developer/Xcode/DerivedData/Telegram-Mac-fygdgghdgmuleoelvxabfmqiotta/Build/Intermediates.noindex/SwiftExplicitPrecompiledModules/TGPassportMRZ-CNJLJFYZ748ZCETK3OSRQ1APJ.pcm

SwiftExplicitDependencyGeneratePcm arm64 /Users/buddhirajgautam/Library/Developer/Xcode/DerivedData/Telegram-Mac-fygdgghdgmuleoelvxabfmqiotta/Build/Intermediates.noindex/SwiftExplicitPrecompiledModules/TgVoipWebrtc-ABEZV5KPSWUAWMA64B1JS4ILL.pcm

SwiftExplicitDependencyGeneratePcm arm64 /Users/buddhirajgautam/Library/Developer/Xcode/DerivedData/Telegram-Mac-fygdgghdgmuleoelvxabfmqiotta/Build/Intermediates.noindex/SwiftExplicitPrecompiledModules/minizip-2B4DCLLR7BL1N931XTYWXECG8.pcm

SwiftExplicitDependencyGeneratePcm arm64 /Users/buddhirajgautam/Library/Developer/Xcode/DerivedData/Telegram-Mac-fygdgghdgmuleoelvxabfmqiotta/Build/Intermediates.noindex/SwiftExplicitPrecompiledModules/RingBuffer-AL7GK2W5GTZPB383TT75ZIB5T.pcm

SwiftExplicitDependencyGeneratePcm arm64 /Users/buddhirajgautam/Library/Developer/Xcode/DerivedData/Telegram-Mac-fygdgghdgmuleoelvxabfmqiotta/Build/Intermediates.noindex/SwiftExplicitPrecompiledModules/LegacyReachability-8YH6L1APT6O66ZOVIUNJ1ZH4Q.pcm

SwiftExplicitDependencyGeneratePcm arm64 /Users/buddhirajgautam/Library/Developer/Xcode/DerivedData/Telegram-Mac-fygdgghdgmuleoelvxabfmqiotta/Build/Intermediates.noindex/SwiftExplicitPrecompiledModules/InAppVideoServices-EG6AQTMUHPSK2Y2EWOSQ5MPQ.pcm

SwiftExplicitDependencyGeneratePcm arm64 /Users/buddhirajgautam/Library/Developer/Xcode/DerivedData/Telegram-Mac-fygdgghdgmuleoelvxabfmqiotta/Build/Intermediates.noindex/SwiftExplicitPrecompiledModules/Mozjpeg-5IDLPZWC0I35TEXO1BJGQFQXP.pcm

SwiftExplicitDependencyGeneratePcm arm64 /Users/buddhirajgautam/Library/Developer/Xcode/DerivedData/Telegram-Mac-fygdgghdgmuleoelvxabfmqiotta/Build/Intermediates.noindex/SwiftExplicitPrecompiledModules/EncryptionProvider-ELTHPESST409BBAF40AL0GGW4.pcm

SwiftExplicitDependencyGeneratePcm arm64 /Users/buddhirajgautam/Library/Developer/Xcode/DerivedData/Telegram-Mac-fygdgghdgmuleoelvxabfmqiotta/Build/Intermediates.noindex/SwiftExplicitPrecompiledModules/HackUtils-94MGLH488TV86UH6ML0UJXQ98.pcm

SwiftExplicitDependencyGeneratePcm arm64 /Users/buddhirajgautam/Library/Developer/Xcode/DerivedData/Telegram-Mac-fygdgghdgmuleoelvxabfmqiotta/Build/Intermediates.noindex/SwiftExplicitPrecompiledModules/OpenSSLEncryption-9SFNXFK8W1ZU8EWJ10BDSW1CF.pcm

SwiftExplicitDependencyGeneratePcm arm64 /Users/buddhirajgautam/Library/Developer/Xcode/DerivedData/Telegram-Mac-fygdgghdgmuleoelvxabfmqiotta/Build/Intermediates.noindex/SwiftExplicitPrecompiledModules/MtProtoKit-7EDP1HURDNM42K6HQYWLD2UB2.pcm

SwiftGeneratePch normal arm64 Compiling\ bridging\ header (in target 'Telegram' from project 'Telegram')

SwiftDriverJobDiscovery normal arm64 Compiling bridging header (in target 'Telegram' from project 'Telegram')

SwiftEmitModule normal arm64 Emitting\ module\ for\ Telegram (in target 'Telegram' from project 'Telegram')
/Users/buddhirajgautam/Library/Developer/Xcode/DerivedData/Telegram-Mac-fygdgghdgmuleoelvxabfmqiotta/Build/Intermediates.noindex/Telegram.build/Debug/Telegram.build/DerivedSources/GeneratedAssetSymbols.swift:1852:14: warning: The "Icon_Profile_Call" image asset name resolves to the symbol "iconProfileCall" which already exists. Try renaming the asset.
1850 |     static let iconProfileBoost = ImageResource(name: "Icon_Profile_Boost", bundle: resourceBundle)
1851 | 
1852 |     #warning("The \"Icon_Profile_Call\" image asset name resolves to the symbol \"iconProfileCall\" which already exists. Try renaming the asset.")
     |              `- warning: The "Icon_Profile_Call" image asset name resolves to the symbol "iconProfileCall" which already exists. Try renaming the asset.
1853 | 
1854 |     /// The "Icon_Profile_ChannelSign" asset catalog image resource.

/Users/buddhirajgautam/Library/Developer/Xcode/DerivedData/Telegram-Mac-fygdgghdgmuleoelvxabfmqiotta/Build/Intermediates.noindex/Telegram.build/Debug/Telegram.build/DerivedSources/GeneratedAssetSymbols.swift:2454:14: warning: The "Icon_Story_Repost" image asset name resolves to the symbol "iconStoryRepost" which already exists. Try renaming the asset.
2452 |     static let iconStoryInlineReactionShadow = ImageResource(name: "Icon_Story_InlineReaction_Shadow", bundle: resourceBundle)
2453 | 
2454 |     #warning("The \"Icon_Story_Repost\" image asset name resolves to the symbol \"iconStoryRepost\" which already exists. Try renaming the asset.")
     |              `- warning: The "Icon_Story_Repost" image asset name resolves to the symbol "iconStoryRepost" which already exists. Try renaming the asset.
2455 | 
2456 |     /// The "Icon_Story_Selected_Contacts" asset catalog image resource.

/Users/buddhirajgautam/Documents/Cherrygram-Mac/macOS-Swift/Telegram-Mac/BusinessChatbotController.swift:604:21: warning: variable 'selectedCount' was never mutated; consider changing to 'let' constant [#VariableNeverMutated]
 602 |             
 603 |             if let subpermissions = permission.subpermissions {
 604 |                 var selectedCount = subpermissions.filter({ $0.value == true }).count
     |                     `- warning: variable 'selectedCount' was never mutated; consider changing to 'let' constant [#VariableNeverMutated]
 605 |                 afterNameImage = generateAfterMedia( "\(selectedCount)/\(subpermissions.count)", revealed: permission.expanded == true)
 606 |                 

/Users/buddhirajgautam/Documents/Cherrygram-Mac/macOS-Swift/Telegram-Mac/PresentationGroupCallManager.swift:310:34: warning: using 'class' keyword to define a class-constrained protocol is deprecated; use 'AnyObject' instead [#deprecation]
308 | }
309 | 
310 | protocol PresentationGroupCall : class {
    |                                  `- warning: using 'class' keyword to define a class-constrained protocol is deprecated; use 'AnyObject' instead [#deprecation]
311 |     
312 | 

/Users/buddhirajgautam/Documents/Cherrygram-Mac/macOS-Swift/Telegram-Mac/PresentationGroupCall.swift:1283:21: warning: variable 'addedParticipants' was never used; consider replacing with '_' or removing it [#NoUsage]
1281 |             }
1282 |             if case let .established(callInfo, _, _, _, _) = strongSelf.internalState {
1283 |                 var addedParticipants: [(UInt32, String?, String?)] = []
     |                     `- warning: variable 'addedParticipants' was never used; consider replacing with '_' or removing it [#NoUsage]
1284 |                 var removedSsrc: [UInt32] = []
1285 |                 for (callId, update) in updates {

/Users/buddhirajgautam/Documents/Cherrygram-Mac/macOS-Swift/Telegram-Mac/PresentationGroupCall.swift:3244:13: warning: initialization of immutable value 'account' was never used; consider replacing with assignment to '_' or removing it [#NoUsage]
3242 |         }
3243 |         
3244 |         let account = self.account
     |             `- warning: initialization of immutable value 'account' was never used; consider replacing with assignment to '_' or removing it [#NoUsage]
3245 |         
3246 |         let currentCall: Signal<GroupCallInfo?, CallError>

/Users/buddhirajgautam/Documents/Cherrygram-Mac/macOS-Swift/Telegram-Mac/PassportController.swift:138:9: warning: 'Hashable.hashValue' is deprecated as a protocol requirement; conform type 'FieldRequest' to 'Hashable' by implementing 'hash(into:)' instead [#DeprecatedDeclaration]
 136 |     }
 137 |     
 138 |     var hashValue: Int {
     |         `- warning: 'Hashable.hashValue' is deprecated as a protocol requirement; conform type 'FieldRequest' to 'Hashable' by implementing 'hash(into:)' instead [#DeprecatedDeclaration]
 139 |         return 0
 140 |     }

/Users/buddhirajgautam/Documents/Cherrygram-Mac/macOS-Swift/Telegram-Mac/PassportController.swift:188:9: warning: 'Hashable.hashValue' is deprecated as a protocol requirement; conform type 'PassportEntryId' to 'Hashable' by implementing 'hash(into:)' instead [#DeprecatedDeclaration]
 186 |     case settingsHeader
 187 |     case inputEmailCode
 188 |     var hashValue: Int {
     |         `- warning: 'Hashable.hashValue' is deprecated as a protocol requirement; conform type 'PassportEntryId' to 'Hashable' by implementing 'hash(into:)' instead [#DeprecatedDeclaration]
 189 |         return 0
 190 |     }

/Users/buddhirajgautam/Documents/Cherrygram-Mac/macOS-Swift/Telegram-Mac/PremiumBoardingController.swift:946:27: warning: 'override' is implied when overriding a required initializer
 944 |         }
 945 |         
 946 |         override required init(frame frameRect: NSRect) {
     |                           `- warning: 'override' is implied when overriding a required initializer
 947 |             fatalError("init(frame:) has not been implemented")
 948 |         }

TGUIKit.View.init:2:37: note: overridden required initializer is here
1 | class View {
2 | @MainActor override required public init(frame frameRect: NSRect)}
  |                                     `- note: overridden required initializer is here
3 | 

/Users/buddhirajgautam/Documents/Cherrygram-Mac/macOS-Swift/Telegram-Mac/PremiumBoardingController.swift:686:28: warning: immutable value 'toId' was never used; consider replacing with '_' or removing it [#NoUsage]
 684 |     
 685 |     switch state.source {
 686 |     case let .gift(fromId, toId, _, slug, unclaimed):
     |                            `- warning: immutable value 'toId' was never used; consider replacing with '_' or removing it [#NoUsage]
 687 |         if fromId != arguments.context.peerId, let slug = slug, unclaimed {
 688 |             let link = "t.me/giftcode/\(slug.prefixWithDots(20))"

/Users/buddhirajgautam/Documents/Cherrygram-Mac/macOS-Swift/Telegram-Mac/ThemeGridControllerItem.swift:54:23: warning: 'override' is implied when overriding a required initializer
 52 |     }
 53 |     
 54 |     required override init(frame frameRect: NSRect) {
    |                       `- warning: 'override' is implied when overriding a required initializer
 55 |         fatalError("init(frame:) has not been implemented")
 56 |     }

TGUIKit.BackgroundView.init:2:28: note: overridden required initializer is here
1 | class BackgroundView {
2 | @MainActor required public init(frame frameRect: NSRect)}
  |                            `- note: overridden required initializer is here
3 | 

/Users/buddhirajgautam/Documents/Cherrygram-Mac/macOS-Swift/Telegram-Mac/BoostReassignController.swift:116:9: warning: variable 'index' was never mutated; consider changing to 'let' constant [#VariableNeverMutated]
114 |     
115 |     var sectionId:Int32 = 0
116 |     var index: Int32 = 0
    |         `- warning: variable 'index' was never mutated; consider changing to 'let' constant [#VariableNeverMutated]
117 |     
118 |     entries.append(.sectionId(sectionId, type: .normal))

/Users/buddhirajgautam/Documents/Cherrygram-Mac/macOS-Swift/Telegram-Mac/GroupInfoEntries.swift:707:40: warning: 'weak' ownership of capture 'self' differs from implicitly-captured strong reference in outer scope [#ImplicitStrongCapture]
 694 |         
 695 |         
 696 |         let addMember = getCachedDataView(peerId: peerId, postbox: context.account.postbox) |> take(1) |> deliverOnMainQueue |> mapToSignal{ cachedData -> Signal<Result, NoError> in
     |                                                                                                                                            |- note: 'self' implicitly strongly captured here
     |                                                                                                                                            `- note: add 'self' as a capture list item to silence
 697 |             
 698 |             var excludePeerIds:[PeerId] = []
     :
 705 |             var linkInvation: ((Int)->Void)? = nil
 706 |             if canInviteByLink {
 707 |                 linkInvation = { [weak self] _  in
     |                                        |- warning: 'weak' ownership of capture 'self' differs from implicitly-captured strong reference in outer scope [#ImplicitStrongCapture]
     |                                        `- note: explicitly assign the capture list item to silence
 708 |                     self?.invation()
 709 |                 }

/Users/buddhirajgautam/Documents/Cherrygram-Mac/macOS-Swift/Telegram-Mac/DeveloperViewController.swift:63:9: warning: 'Hashable.hashValue' is deprecated as a protocol requirement; conform type 'DeveloperEntryId' to 'Hashable' by implementing 'hash(into:)' instead [#DeprecatedDeclaration]
 61 |     case showPeerId
 62 |     case section(Int32)
 63 |     var hashValue: Int {
    |         `- warning: 'Hashable.hashValue' is deprecated as a protocol requirement; conform type 'DeveloperEntryId' to 'Hashable' by implementing 'hash(into:)' instead [#DeprecatedDeclaration]
 64 |         switch self {
 65 |         case .importColors:

/Users/buddhirajgautam/Documents/Cherrygram-Mac/macOS-Swift/Telegram-Mac/SelectColorController.swift:1218:18: warning: immutable value 'i' was never used; consider replacing with '_' or removing it [#NoUsage]
1216 |             var tupls: [Tuple] = []
1217 |             
1218 |             for (i, chunk) in chunks.enumerated() {
     |                  `- warning: immutable value 'i' was never used; consider replacing with '_' or removing it [#NoUsage]
1219 |                 tupls.append(.init(chunk: chunk, viewType: .innerItem, selected: selected))
1220 |             }

/Users/buddhirajgautam/Documents/Cherrygram-Mac/macOS-Swift/Telegram-Mac/PopularPeersRowItem.swift:19:9: warning: 'Hashable.hashValue' is deprecated as a protocol requirement; conform type 'PopularItemType' to 'Hashable' by implementing 'hash(into:)' instead [#DeprecatedDeclaration]
 17 |     
 18 |     
 19 |     var hashValue: Int {
    |         `- warning: 'Hashable.hashValue' is deprecated as a protocol requirement; conform type 'PopularItemType' to 'Hashable' by implementing 'hash(into:)' instead [#DeprecatedDeclaration]
 20 |         return 0
 21 |     }

/Users/buddhirajgautam/Documents/Cherrygram-Mac/macOS-Swift/Telegram-Mac/ChannelCommentsControls.swift:44:13: warning: initialization of immutable value 'previousLastTextPosition' was never used; consider replacing with assignment to '_' or removing it [#NoUsage]
 42 |     
 43 |     func update(data: ChannelCommentsRenderData, size: NSSize, animated: Bool) {
 44 |         let previousLastTextPosition = lastTextPosition
    |             `- warning: initialization of immutable value 'previousLastTextPosition' was never used; consider replacing with assignment to '_' or removing it [#NoUsage]
 45 |         self.size = size
 46 |         self.renderData = data

/Users/buddhirajgautam/Documents/Cherrygram-Mac/macOS-Swift/Telegram-Mac/ChannelCommentsControls.swift:118:29: warning: initialization of immutable value 'prevPos' was never used; consider replacing with assignment to '_' or removing it [#NoUsage]
116 |                         current.layer?.animateAlpha(from: 0, to: 1, duration: duration)
117 |                     case .numeric:
118 |                         let prevPos = previousTextPos[layout.1.hashValue] ?? pos
    |                             `- warning: initialization of immutable value 'prevPos' was never used; consider replacing with assignment to '_' or removing it [#NoUsage]
119 |                         let direction = addition[layout.1.hashValue]
120 |                         switch direction {

/Users/buddhirajgautam/Documents/Cherrygram-Mac/macOS-Swift/Telegram-Mac/ThemePreviewModalController.swift:71:23: warning: 'override' is implied when overriding a required initializer
 69 |     }
 70 |     
 71 |     required override init(frame frameRect: NSRect) {
    |                       `- warning: 'override' is implied when overriding a required initializer
 72 |         fatalError("init(frame:) has not been implemented")
 73 |     }

TGUIKit.BackgroundView.init:2:28: note: overridden required initializer is here
1 | class BackgroundView {
2 | @MainActor required public init(frame frameRect: NSRect)}
  |                            `- note: overridden required initializer is here
3 | 

/Users/buddhirajgautam/Documents/Cherrygram-Mac/macOS-Swift/Telegram-Mac/PreHistorySettingsController.swift:31:9: warning: 'Hashable.hashValue' is deprecated as a protocol requirement; conform type 'PreHistoryEntryId' to 'Hashable' by implementing 'hash(into:)' instead [#DeprecatedDeclaration]
 29 |     case text(Int32)
 30 |     case section(Int32)
 31 |     var hashValue: Int {
    |         `- warning: 'Hashable.hashValue' is deprecated as a protocol requirement; conform type 'PreHistoryEntryId' to 'Hashable' by implementing 'hash(into:)' instead [#DeprecatedDeclaration]
 32 |         switch self {
 33 |         case .type(let index):

/Users/buddhirajgautam/Documents/Cherrygram-Mac/macOS-Swift/Telegram-Mac/BusinessQuickReplyController.swift:442:9: warning: variable 'index' was never mutated; consider changing to 'let' constant [#VariableNeverMutated]
440 |     
441 |     var sectionId:Int32 = 0
442 |     var index: Int32 = 0
    |         `- warning: variable 'index' was never mutated; consider changing to 'let' constant [#VariableNeverMutated]
443 |     
444 |     entries.append(.sectionId(sectionId, type: .normal))

/Users/buddhirajgautam/Documents/Cherrygram-Mac/macOS-Swift/Telegram-Mac/WebpageModalController.swift:2110:202: warning: 'weak' ownership of capture 'self' differs from implicitly-captured strong reference in outer scope [#ImplicitStrongCapture]
2106 |                 let duration = (json["duration"] as? String).flatMap(Int32.init)
2107 |                 if let bot {
2108 |                     _ = showModalProgress(signal: context.inlinePacksContext.load(fileId: emojiId) |> take(1), for: window).start(next: { file in
     |                                                                                                                                         |- note: 'self' implicitly strongly captured here
     |                                                                                                                                         `- note: add 'self' as a capture list item to silence
2109 |                         if let file {
2110 |                             showModal(with: WebbotEmojisetModal(context: context, bot: .init(bot), file: file, expirationDate: duration != nil ? context.timestamp + duration! : nil, completed: { [weak self] result in
     |                                                                                                                                                                                                          |- warning: 'weak' ownership of capture 'self' differs from implicitly-captured strong reference in outer scope [#ImplicitStrongCapture]
     |                                                                                                                                                                                                          `- note: explicitly assign the capture list item to silence
2111 |                                 if result == .fail {
2112 |                                     self?.sendEvent(name: "emoji_status_failed", data: nil)

/Users/buddhirajgautam/Documents/Cherrygram-Mac/macOS-Swift/Telegram-Mac/WebpageModalController.swift:1611:21: warning: initialization of immutable value 'currentTimestamp' was never used; consider replacing with assignment to '_' or removing it [#NoUsage]
1609 |         case "web_app_read_text_from_clipboard":
1610 |             if let json = json, let requestId = json["req_id"] as? String {
1611 |                 let currentTimestamp = CACurrentMediaTime()
     |                     `- warning: initialization of immutable value 'currentTimestamp' was never used; consider replacing with assignment to '_' or removing it [#NoUsage]
1612 |                 self.sendClipboardTextEvent(requestId: requestId, fillData: clickCount > 0)
1613 |             }

/Users/buddhirajgautam/Documents/Cherrygram-Mac/macOS-Swift/Telegram-Mac/WebpageModalController.swift:1964:17: warning: initialization of immutable value 'accountId' was never used; consider replacing with assignment to '_' or removing it [#NoUsage]
1962 |             }
1963 |             
1964 |             let accountId = context.peerId
     |                 `- warning: initialization of immutable value 'accountId' was never used; consider replacing with assignment to '_' or removing it [#NoUsage]
1965 |             
1966 |             if let json = json, let token = json["token"] as? String {

/Users/buddhirajgautam/Documents/Cherrygram-Mac/macOS-Swift/Telegram-Mac/WebpageModalController.swift:1974:21: warning: variable 'secQuery' was never mutated; consider changing to 'let' constant [#VariableNeverMutated]
1972 |                                             nil);
1973 | 
1974 |                 var secQuery: NSMutableDictionary = [
     |                     `- warning: variable 'secQuery' was never mutated; consider changing to 'let' constant [#VariableNeverMutated]
1975 |                     kSecClass: kSecClassGenericPassword,
1976 |                     kSecAttrAccessControl: sacObject!,

/Users/buddhirajgautam/Documents/Cherrygram-Mac/macOS-Swift/Telegram-Mac/WebpageModalController.swift:2019:22: warning: weak variable 'controller' was never mutated; consider changing to 'let' constant [#VariableNeverMutated::WeakMutability]
2017 |             ];
2018 |             
2019 |             weak var controller = self
     |                      `- warning: weak variable 'controller' was never mutated; consider changing to 'let' constant [#VariableNeverMutated::WeakMutability]
2020 |             
2021 |             

/Users/buddhirajgautam/Documents/Cherrygram-Mac/macOS-Swift/Telegram-Mac/WebpageModalController.swift:2680:65: warning: 'weak' ownership of capture 'window' differs from implicitly-captured strong reference in outer scope [#ImplicitStrongCapture]
2653 |         let context = self.context
2654 |         
2655 |         verifyAlert(for: window, header: title!, information: strings().webappDocumentDownloadInfo(bot.displayTitle, "**\(fileName)**\(fileSize)"), ok: strings().webappDocumentDownloadOK, successHandler: { [weak self] _ in
     |                                                                                                                                                                                                             |- note: 'window' implicitly strongly captured here
     |                                                                                                                                                                                                             `- note: add 'window' as a capture list item to silence
2656 |             
2657 |             self?.sendEvent(name: "file_download_requested", data: "{status: \"downloading\"}")
     :
2678 |             })
2679 |             
2680 |             _ = signal.startStandalone(next: { [weak self, weak window] result in
     |                                                                 |- warning: 'weak' ownership of capture 'window' differs from implicitly-captured strong reference in outer scope [#ImplicitStrongCapture]
     |                                                                 `- note: explicitly assign the capture list item to silence
2681 |                 guard let strongSelf = self, let window = window else {
2682 |                     return

/Users/buddhirajgautam/Documents/Cherrygram-Mac/macOS-Swift/Telegram-Mac/WebpageModalController.swift:2627:13: warning: variable 'isMedia' was written to, but never read
2625 | 
2626 |     private func downloadFile(url: String, fileName: String, fileSize: String, bot: Peer, window: Window) {
2627 |         var isMedia = true
     |             `- warning: variable 'isMedia' was written to, but never read
2628 |         var title: String?
2629 |         let photoExtensions = [".jpg", ".png", ".gif", ".tiff"]

/Users/buddhirajgautam/Documents/Cherrygram-Mac/macOS-Swift/Telegram-Mac/WebpageModalController.swift:2681:27: warning: immutable value 'strongSelf' was never used; consider replacing with '_' or removing it [#NoUsage]
2679 |             
2680 |             _ = signal.startStandalone(next: { [weak self, weak window] result in
2681 |                 guard let strongSelf = self, let window = window else {
     |                           `- warning: immutable value 'strongSelf' was never used; consider replacing with '_' or removing it [#NoUsage]
2682 |                     return
2683 |                 }

/Users/buddhirajgautam/Documents/Cherrygram-Mac/macOS-Swift/Telegram-Mac/UIInputView.swift:86:1: warning: extension declares a conformance of imported type 'Updated_ChatTextInputState' to imported protocol 'Equatable'; this will not behave correctly if the owners of 'InputView' introduce this conformance in the future
 84 | 
 85 | 
 86 | extension Updated_ChatTextInputState : Equatable {
    | |- warning: extension declares a conformance of imported type 'Updated_ChatTextInputState' to imported protocol 'Equatable'; this will not behave correctly if the owners of 'InputView' introduce this conformance in the future
    | `- note: add '@retroactive' to silence this warning
 87 |     func textInputState() -> ChatTextInputState {
 88 |         return .init(attributedText: self.inputText, selectionRange: self.selectionRange)

/Users/buddhirajgautam/Documents/Cherrygram-Mac/macOS-Swift/Telegram-Mac/PeerMediaPhotosController.swift:15:1: warning: extension declares a conformance of imported type 'Message' to imported protocol 'Equatable'; this will not behave correctly if the owners of 'Postbox' introduce this conformance in the future
 13 | import Postbox
 14 | import SwiftSignalKit
 15 | extension Message : Equatable {
    | |- warning: extension declares a conformance of imported type 'Message' to imported protocol 'Equatable'; this will not behave correctly if the owners of 'Postbox' introduce this conformance in the future
    | `- note: add '@retroactive' to silence this warning
 16 |     public static func ==(lhs: Message, rhs: Message) -> Bool {
 17 |         return isEqualMessages(lhs, rhs)

/Users/buddhirajgautam/Documents/Cherrygram-Mac/macOS-Swift/Telegram-Mac/ChatContactRowItem.swift:282:17: warning: variable 'x' was never mutated; consider changing to 'let' constant [#VariableNeverMutated]
280 |             phoneView.update(item.phoneLayout)
281 |             
282 |             var x: CGFloat = 0
    |                 `- warning: variable 'x' was never mutated; consider changing to 'let' constant [#VariableNeverMutated]
283 |             var y: CGFloat = 0
284 |             var width: CGFloat = 3

/Users/buddhirajgautam/Documents/Cherrygram-Mac/macOS-Swift/Telegram-Mac/ChatContactRowItem.swift:283:17: warning: variable 'y' was never mutated; consider changing to 'let' constant [#VariableNeverMutated]
281 |             
282 |             var x: CGFloat = 0
283 |             var y: CGFloat = 0
    |                 `- warning: variable 'y' was never mutated; consider changing to 'let' constant [#VariableNeverMutated]
284 |             var width: CGFloat = 3
285 |             var height: CGFloat = item.contentSize.height

/Users/buddhirajgautam/Documents/Cherrygram-Mac/macOS-Swift/Telegram-Mac/ChatContactRowItem.swift:284:17: warning: variable 'width' was never mutated; consider changing to 'let' constant [#VariableNeverMutated]
282 |             var x: CGFloat = 0
283 |             var y: CGFloat = 0
284 |             var width: CGFloat = 3
    |                 `- warning: variable 'width' was never mutated; consider changing to 'let' constant [#VariableNeverMutated]
285 |             var height: CGFloat = item.contentSize.height
286 |             var cornerRadius: CGFloat = 0

/Users/buddhirajgautam/Documents/Cherrygram-Mac/macOS-Swift/Telegram-Mac/ChatContactRowItem.swift:285:17: warning: variable 'height' was never mutated; consider changing to 'let' constant [#VariableNeverMutated]
283 |             var y: CGFloat = 0
284 |             var width: CGFloat = 3
285 |             var height: CGFloat = item.contentSize.height
    |                 `- warning: variable 'height' was never mutated; consider changing to 'let' constant [#VariableNeverMutated]
286 |             var cornerRadius: CGFloat = 0
287 |             

/Users/buddhirajgautam/Documents/Cherrygram-Mac/macOS-Swift/Telegram-Mac/ChatContactRowItem.swift:286:17: warning: variable 'cornerRadius' was never mutated; consider changing to 'let' constant [#VariableNeverMutated]
284 |             var width: CGFloat = 3
285 |             var height: CGFloat = item.contentSize.height
286 |             var cornerRadius: CGFloat = 0
    |                 `- warning: variable 'cornerRadius' was never mutated; consider changing to 'let' constant [#VariableNeverMutated]
287 |             
288 |             

/Users/buddhirajgautam/Documents/Cherrygram-Mac/macOS-Swift/Telegram-Mac/SavedPeersController.swift:93:9: warning: variable 'sectionId' was never mutated; consider changing to 'let' constant [#VariableNeverMutated]
 91 |     var entries:[InputDataEntry] = []
 92 |     
 93 |     var sectionId:Int32 = 0
    |         `- warning: variable 'sectionId' was never mutated; consider changing to 'let' constant [#VariableNeverMutated]
 94 |     var index: Int32 = 0
 95 |       

/Users/buddhirajgautam/Documents/Cherrygram-Mac/macOS-Swift/Telegram-Mac/SavedPeersController.swift:94:9: warning: variable 'index' was never mutated; consider changing to 'let' constant [#VariableNeverMutated]
 92 |     
 93 |     var sectionId:Int32 = 0
 94 |     var index: Int32 = 0
    |         `- warning: variable 'index' was never mutated; consider changing to 'let' constant [#VariableNeverMutated]
 95 |       
 96 |     struct Tuple : Equatable {

/Users/buddhirajgautam/Documents/Cherrygram-Mac/macOS-Swift/Telegram-Mac/ChatEmptyPeerItem.swift:27:12: warning: extraneous whitespace between attribute name and '('; this is an error in the Swift 6 language mode
 25 |     private(set) var linkText: TextViewLayout?
 26 |     
 27 |     private (set) var introInfo: TextViewLayout?
    |            `- warning: extraneous whitespace between attribute name and '('; this is an error in the Swift 6 language mode
 28 |     
 29 |     override var stableId: AnyHashable {

/Users/buddhirajgautam/Documents/Cherrygram-Mac/macOS-Swift/Telegram-Mac/LinkInvationController.swift:22:9: warning: 'Hashable.hashValue' is deprecated as a protocol requirement; conform type 'GroupLinkInvationEntryStableId' to 'Hashable' by implementing 'hash(into:)' instead [#DeprecatedDeclaration]
 20 |     case loading
 21 |     
 22 |     var hashValue: Int {
    |         `- warning: 'Hashable.hashValue' is deprecated as a protocol requirement; conform type 'GroupLinkInvationEntryStableId' to 'Hashable' by implementing 'hash(into:)' instead [#DeprecatedDeclaration]
 23 |         switch self {
 24 |         case let .section(id):

/Users/buddhirajgautam/Documents/Cherrygram-Mac/macOS-Swift/Telegram-Mac/MediaUtils.swift:1939:9: warning: 'Hashable.hashValue' is deprecated as a protocol requirement; conform type 'Corner' to 'Hashable' by implementing 'hash(into:)' instead [#DeprecatedDeclaration]
1937 |     case TopLeft(Int), TopRight(Int), BottomLeft(Int), BottomRight(Int)
1938 |     
1939 |     var hashValue: Int {
     |         `- warning: 'Hashable.hashValue' is deprecated as a protocol requirement; conform type 'Corner' to 'Hashable' by implementing 'hash(into:)' instead [#DeprecatedDeclaration]
1940 |         switch self {
1941 |         case let .TopLeft(radius):


SwiftCompile normal arm64 (in target 'Telegram' from project 'Telegram')
    cd /Users/buddhirajgautam/Documents/Cherrygram-Mac/macOS-Swift
    

/Users/buddhirajgautam/Documents/Cherrygram-Mac/macOS-Swift/Telegram-Mac/MediaUtils.swift:1972:9: warning: 'Hashable.hashValue' is deprecated as a protocol requirement; conform type 'Tail' to 'Hashable' by implementing 'hash(into:)' instead [#DeprecatedDeclaration]
1970 |     case BottomRight(Int)
1971 |     
1972 |     var hashValue: Int {
     |         `- warning: 'Hashable.hashValue' is deprecated as a protocol requirement; conform type 'Tail' to 'Hashable' by implementing 'hash(into:)' instead [#DeprecatedDeclaration]
1973 |         switch self {
1974 |         case let .BottomLeft(radius):

/Users/buddhirajgautam/Documents/Cherrygram-Mac/macOS-Swift/Telegram-Mac/ChannelMembersViewController.swift:58:9: warning: 'Hashable.hashValue' is deprecated as a protocol requirement; conform type 'ChannelMembersEntryStableId' to 'Hashable' by implementing 'hash(into:)' instead [#DeprecatedDeclaration]
 56 |     case contactsHeader
 57 |     case otherHeader
 58 |     var hashValue: Int {
    |         `- warning: 'Hashable.hashValue' is deprecated as a protocol requirement; conform type 'ChannelMembersEntryStableId' to 'Hashable' by implementing 'hash(into:)' instead [#DeprecatedDeclaration]
 59 |         switch self {
 60 |         case let .peer(peerId):

/Users/buddhirajgautam/Documents/Cherrygram-Mac/macOS-Swift/Telegram-Mac/MediaObjectToAvatar.swift:462:67: warning: 'AVVideoCodecH264' was deprecated in macOS 10.13: renamed to 'AVVideoCodecType.h264' [#DeprecatedDeclaration]
460 |     private let codec: String
461 |     
462 |     init(context: AccountContext, object: Object, codec: String = AVVideoCodecH264) {
    |                                                                   |- warning: 'AVVideoCodecH264' was deprecated in macOS 10.13: renamed to 'AVVideoCodecType.h264' [#DeprecatedDeclaration]
    |                                                                   `- note: use 'AVVideoCodecType.h264' instead
463 |         self.object = object
464 |         self.context = context

/Users/buddhirajgautam/Documents/Cherrygram-Mac/macOS-Swift/Telegram-Mac/StickerPackPreviewModalController.swift:55:1: warning: extension declares a conformance of imported type 'FeaturedStickerPackItem' to imported protocol 'Equatable'; this will not behave correctly if the owners of 'TelegramCore' introduce this conformance in the future
 53 | }
 54 | 
 55 | extension FeaturedStickerPackItem : Equatable {
    | |- warning: extension declares a conformance of imported type 'FeaturedStickerPackItem' to imported protocol 'Equatable'; this will not behave correctly if the owners of 'TelegramCore' introduce this conformance in the future
    | `- note: add '@retroactive' to silence this warning
 56 |     public static func == (lhs: FeaturedStickerPackItem, rhs: FeaturedStickerPackItem) -> Bool {
 57 |         return lhs.info == rhs.info && lhs.unread == rhs.unread && lhs.topItems == rhs.topItems

/Users/buddhirajgautam/Documents/Cherrygram-Mac/macOS-Swift/Telegram-Mac/GifKeyboardController.swift:129:9: warning: variable 'sectionId' was never mutated; consider changing to 'let' constant [#VariableNeverMutated]
127 |     
128 |     var index: Int32 = 0
129 |     var sectionId:Int32 = 0
    |         `- warning: variable 'sectionId' was never mutated; consider changing to 'let' constant [#VariableNeverMutated]
130 |     
131 |     entries.append(.custom(sectionId: sectionId, index: index, value: .none, identifier: .init("left"), equatable: nil, comparable: nil, item: { initialSize, stableId in

/Users/buddhirajgautam/Documents/Cherrygram-Mac/macOS-Swift/Telegram-Mac/GifKeyboardController.swift:174:9: warning: variable 'sectionId' was never mutated; consider changing to 'let' constant [#VariableNeverMutated]
172 |     var entries:[InputDataEntry] = []
173 |     
174 |     var sectionId:Int32 = 0
    |         `- warning: variable 'sectionId' was never mutated; consider changing to 'let' constant [#VariableNeverMutated]
175 |     var index: Int32 = 0
176 |         

/Users/buddhirajgautam/Documents/Cherrygram-Mac/macOS-Swift/Telegram-Mac/PersonalChannelController.swift:113:9: warning: variable 'index' was never mutated; consider changing to 'let' constant [#VariableNeverMutated]
111 |     
112 |     var sectionId:Int32 = 0
113 |     var index: Int32 = 0
    |         `- warning: variable 'index' was never mutated; consider changing to 'let' constant [#VariableNeverMutated]
114 |     
115 |     entries.append(.sectionId(sectionId, type: .normal))

/Users/buddhirajgautam/Documents/Cherrygram-Mac/macOS-Swift/Telegram-Mac/SelectGiftsModalController.swift:55:9: warning: variable 'index' was never mutated; consider changing to 'let' constant [#VariableNeverMutated]
 53 |     
 54 |     var sectionId:Int32 = 0
 55 |     var index: Int32 = 0
    |         `- warning: variable 'index' was never mutated; consider changing to 'let' constant [#VariableNeverMutated]
 56 |     
 57 |     entries.append(.sectionId(sectionId, type: .customModern(10)))

/Users/buddhirajgautam/Documents/Cherrygram-Mac/macOS-Swift/Telegram-Mac/InAppLinks.swift:112:1: warning: extension declares a conformance of imported type 'ResolvePeerResult' to imported protocol 'Equatable'; this will not behave correctly if the owners of 'TelegramCore' introduce this conformance in the future
 110 | }
 111 | 
 112 | extension ResolvePeerResult : Equatable {
     | |- warning: extension declares a conformance of imported type 'ResolvePeerResult' to imported protocol 'Equatable'; this will not behave correctly if the owners of 'TelegramCore' introduce this conformance in the future
     | `- note: add '@retroactive' to silence this warning
 113 |     var result: EnginePeer? {
 114 |         switch self {

/Users/buddhirajgautam/Documents/Cherrygram-Mac/macOS-Swift/Telegram-Mac/InAppLinks.swift:1351:34: warning: immutable value 'context' was never used; consider replacing with '_' or removing it [#NoUsage]
1349 |         }
1350 |         afterComplete(true)
1351 |     case let .restorePurchase(_, context):
     |                                  `- warning: immutable value 'context' was never used; consider replacing with '_' or removing it [#NoUsage]
1352 |         if let modal = findModal(PremiumBoardingController.self) {
1353 |             modal.restore()

/Users/buddhirajgautam/Documents/Cherrygram-Mac/macOS-Swift/Telegram-Mac/InAppLinks.swift:1445:34: warning: immutable value 'link' was never used; consider replacing with '_' or removing it [#NoUsage]
1443 |         })
1444 |         afterComplete(true)
1445 |     case .businessLink(link: let link, slug: let slug, context: let context):
     |                                  `- warning: immutable value 'link' was never used; consider replacing with '_' or removing it [#NoUsage]
1446 |         _ = showModalProgress(signal: context.engine.peers.resolveMessageLink(slug: slug), for: getWindow(context)).startStandalone(next: { link in
1447 |             if let link {

/Users/buddhirajgautam/Documents/Cherrygram-Mac/macOS-Swift/Telegram-Mac/InstalledStickerPacksController.swift:77:9: warning: 'Hashable.hashValue' is deprecated as a protocol requirement; conform type 'InstalledStickerPacksEntryId' to 'Hashable' by implementing 'hash(into:)' instead [#DeprecatedDeclaration]
 75 |     case pack(ItemCollectionId)
 76 |     
 77 |     var hashValue: Int {
    |         `- warning: 'Hashable.hashValue' is deprecated as a protocol requirement; conform type 'InstalledStickerPacksEntryId' to 'Hashable' by implementing 'hash(into:)' instead [#DeprecatedDeclaration]
 78 |         switch self {
 79 |         case let .index(index):

/Users/buddhirajgautam/Documents/Cherrygram-Mac/macOS-Swift/Telegram-Mac/ChatListFilterController.swift:675:22: warning: immutable value 'id' was never used; consider replacing with '_' or removing it [#NoUsage]
 673 |     case .allChats:
 674 |         break
 675 |     case let .filter(id, title, emoticon, data):
     |                      `- warning: immutable value 'id' was never used; consider replacing with '_' or removing it [#NoUsage]
 676 |         if data.categories.contains(.groups) {
 677 |             includePeers.insert(TelegramFilterCategory(category: .groups), at: 0)

/Users/buddhirajgautam/Documents/Cherrygram-Mac/macOS-Swift/Telegram-Mac/ChatListFilterController.swift:675:26: warning: immutable value 'title' was never used; consider replacing with '_' or removing it [#NoUsage]
 673 |     case .allChats:
 674 |         break
 675 |     case let .filter(id, title, emoticon, data):
     |                          `- warning: immutable value 'title' was never used; consider replacing with '_' or removing it [#NoUsage]
 676 |         if data.categories.contains(.groups) {
 677 |             includePeers.insert(TelegramFilterCategory(category: .groups), at: 0)

/Users/buddhirajgautam/Documents/Cherrygram-Mac/macOS-Swift/Telegram-Mac/ChatListFilterController.swift:675:33: warning: immutable value 'emoticon' was never used; consider replacing with '_' or removing it [#NoUsage]
 673 |     case .allChats:
 674 |         break
 675 |     case let .filter(id, title, emoticon, data):
     |                                 `- warning: immutable value 'emoticon' was never used; consider replacing with '_' or removing it [#NoUsage]
 676 |         if data.categories.contains(.groups) {
 677 |             includePeers.insert(TelegramFilterCategory(category: .groups), at: 0)

/Users/buddhirajgautam/Documents/Cherrygram-Mac/macOS-Swift/Telegram-Mac/FeaturedStickerPacksController.swift:36:9: warning: 'Hashable.hashValue' is deprecated as a protocol requirement; conform type 'FeaturedStickerPacksEntryId' to 'Hashable' by implementing 'hash(into:)' instead [#DeprecatedDeclaration]
 34 |     case pack(ItemCollectionId)
 35 |     case section(Int32)
 36 |     var hashValue: Int {
    |         `- warning: 'Hashable.hashValue' is deprecated as a protocol requirement; conform type 'FeaturedStickerPacksEntryId' to 'Hashable' by implementing 'hash(into:)' instead [#DeprecatedDeclaration]
 37 |         switch self {
 38 |         case let .pack(id):

SwiftCompile normal arm64 Compiling\ NewTodoController.swift,\ MonoforumVerticalView.swift,\ InstantPageWebEmbedItem.swift,\ PreciseSliderRowItem.swift,\ MajorBackNavigationBar.swift,\ ChannelIntroViewController.swift,\ FastSettings.swift,\ PollResultController.swift,\ InstantPageLayoutSpacings.swift,\ InstantPageViewController.swift,\ DataAndStorageViewController.swift,\ DataStorageExceptions.swift,\ PremiumFeatureSlideView.swift,\ NetworkUsageStatsController.swift,\ ReactionsWindowController.swift,\ DownloadSettingsViewController.swift,\ LocationRequest.swift,\ HelloView.swift,\ PremiumReactionsModal.swift,\ StarUsePromoController.swift,\ ChannelVisibilityController.swift,\ Star_AppExamples.swift,\ Views.swift,\ CountryManager.swift /Users/buddhirajgautam/Documents/Cherrygram-Mac/macOS-Swift/Telegram-Mac/NewTodoController.swift /Users/buddhirajgautam/Documents/Cherrygram-Mac/macOS-Swift/Telegram-Mac/monoforum/MonoforumVerticalView.swift /Users/buddhirajgautam/Documents/Cherrygram-Mac/macOS-Swift/Telegram-Mac/InstantPageWebEmbedItem.swift /Users/buddhirajgautam/Documents/Cherrygram-Mac/macOS-Swift/Telegram-Mac/PreciseSliderRowItem.swift /Users/buddhirajgautam/Documents/Cherrygram-Mac/macOS-Swift/Telegram-Mac/MajorBackNavigationBar.swift /Users/buddhirajgautam/Documents/Cherrygram-Mac/macOS-Swift/Telegram-Mac/ChannelIntroViewController.swift /Users/buddhirajgautam/Documents/Cherrygram-Mac/macOS-Swift/Telegram-Mac/FastSettings.swift /Users/buddhirajgautam/Documents/Cherrygram-Mac/macOS-Swift/Telegram-Mac/PollResultController.swift /Users/buddhirajgautam/Documents/Cherrygram-Mac/macOS-Swift/Telegram-Mac/InstantPageLayoutSpacings.swift /Users/buddhirajgautam/Documents/Cherrygram-Mac/macOS-Swift/Telegram-Mac/InstantPageViewController.swift /Users/buddhirajgautam/Documents/Cherrygram-Mac/macOS-Swift/Telegram-Mac/DataAndStorageViewController.swift /Users/buddhirajgautam/Documents/Cherrygram-Mac/macOS-Swift/Telegram-Mac/DataStorageExceptions.swift /Users/buddhirajgautam/Documents/Cherrygram-Mac/macOS-Swift/Telegram-Mac/PremiumFeatureSlideView.swift /Users/buddhirajgautam/Documents/Cherrygram-Mac/macOS-Swift/Telegram-Mac/NetworkUsageStatsController.swift /Users/buddhirajgautam/Documents/Cherrygram-Mac/macOS-Swift/Telegram-Mac/ReactionsWindowController.swift /Users/buddhirajgautam/Documents/Cherrygram-Mac/macOS-Swift/Telegram-Mac/DownloadSettingsViewController.swift /Users/buddhirajgautam/Documents/Cherrygram-Mac/macOS-Swift/Telegram-Mac/LocationRequest.swift /Users/buddhirajgautam/Documents/Cherrygram-Mac/macOS-Swift/Telegram-Mac/HelloView.swift /Users/buddhirajgautam/Documents/Cherrygram-Mac/macOS-Swift/Telegram-Mac/PremiumReactionsModal.swift /Users/buddhirajgautam/Documents/Cherrygram-Mac/macOS-Swift/Telegram-Mac/StarUsePromoController.swift /Users/buddhirajgautam/Documents/Cherrygram-Mac/macOS-Swift/Telegram-Mac/ChannelVisibilityController.swift /Users/buddhirajgautam/Documents/Cherrygram-Mac/macOS-Swift/Telegram-Mac/Star_AppExamples.swift /Users/buddhirajgautam/Documents/Cherrygram-Mac/macOS-Swift/Telegram-Mac/Views.swift /Users/buddhirajgautam/Documents/Cherrygram-Mac/macOS-Swift/Telegram-Mac/CountryManager.swift (in target 'Telegram' from project 'Telegram')
/Users/buddhirajgautam/Documents/Cherrygram-Mac/macOS-Swift/Telegram-Mac/NewTodoController.swift:377:9: warning: immutable value 'animated' was never used; consider replacing with '_' or removing it [#NoUsage]
375 |     var shouldMakeNearResponderAfterTransition: (InputDataIdentifier, Int)? = nil
376 | 
377 |     let animated: Atomic<Bool> = Atomic(value: false)
    |         `- warning: immutable value 'animated' was never used; consider replacing with '_' or removing it [#NoUsage]
378 | 
379 |     

/Users/buddhirajgautam/Library/Developer/Xcode/DerivedData/Telegram-Mac-fygdgghdgmuleoelvxabfmqiotta/Build/Intermediates.noindex/Telegram.build/Debug/Telegram.build/DerivedSources/GeneratedAssetSymbols.swift:1852:14: warning: The "Icon_Profile_Call" image asset name resolves to the symbol "iconProfileCall" which already exists. Try renaming the asset.
1850 |     static let iconProfileBoost = ImageResource(name: "Icon_Profile_Boost", bundle: resourceBundle)
1851 | 
1852 |     #warning("The \"Icon_Profile_Call\" image asset name resolves to the symbol \"iconProfileCall\" which already exists. Try renaming the asset.")
     |              `- warning: The "Icon_Profile_Call" image asset name resolves to the symbol "iconProfileCall" which already exists. Try renaming the asset.
1853 | 
1854 |     /// The "Icon_Profile_ChannelSign" asset catalog image resource.

/Users/buddhirajgautam/Library/Developer/Xcode/DerivedData/Telegram-Mac-fygdgghdgmuleoelvxabfmqiotta/Build/Intermediates.noindex/Telegram.build/Debug/Telegram.build/DerivedSources/GeneratedAssetSymbols.swift:2454:14: warning: The "Icon_Story_Repost" image asset name resolves to the symbol "iconStoryRepost" which already exists. Try renaming the asset.
2452 |     static let iconStoryInlineReactionShadow = ImageResource(name: "Icon_Story_InlineReaction_Shadow", bundle: resourceBundle)
2453 | 
2454 |     #warning("The \"Icon_Story_Repost\" image asset name resolves to the symbol \"iconStoryRepost\" which already exists. Try renaming the asset.")
     |              `- warning: The "Icon_Story_Repost" image asset name resolves to the symbol "iconStoryRepost" which already exists. Try renaming the asset.
2455 | 
2456 |     /// The "Icon_Story_Selected_Contacts" asset catalog image resource.

/Users/buddhirajgautam/Documents/Cherrygram-Mac/macOS-Swift/Telegram-Mac/monoforum/MonoforumVerticalView.swift:142:43: warning: immutable value 'index' was never used; consider replacing with '_' or removing it [#NoUsage]
140 |     fileprivate func item(initialSize: NSSize, chatInteraction: ChatInteraction) -> TableRowItem {
141 |         switch self {
142 |         case let .item(item, pinnedState, index, selected):
    |                                           `- warning: immutable value 'index' was never used; consider replacing with '_' or removing it [#NoUsage]
143 |             return Monoforum_VerticalItem(initialSize, stableId: stableId, item: item, pinnedState: pinnedState, chatInteraction: chatInteraction, selected: selected)
144 |         case .toggle:

/Users/buddhirajgautam/Documents/Cherrygram-Mac/macOS-Swift/Telegram-Mac/monoforum/MonoforumVerticalView.swift:629:13: warning: initialization of immutable value 'isMonoforum' was never used; consider replacing with assignment to '_' or removing it [#NoUsage]
627 |         let context = chatInteraction.context
628 |         
629 |         let isMonoforum = items.first(where: { $0.item?.threadData != nil }) == nil
    |             `- warning: initialization of immutable value 'isMonoforum' was never used; consider replacing with assignment to '_' or removing it [#NoUsage]
630 |         
631 |         var entries: [MonoforumEntry] = []

/Users/buddhirajgautam/Documents/Cherrygram-Mac/macOS-Swift/Telegram-Mac/FastSettings.swift:886:20: warning: value 'uuid' was defined but never used; consider replacing with boolean test [#NoUsage]
 884 |     static func clear_uuid(_ id: Int64) {
 885 |         if #available(macOS 14.0, *) {
 886 |             if let uuid = FastSettings.getUUID(id) {
     |                    `- warning: value 'uuid' was defined but never used; consider replacing with boolean test [#NoUsage]
 887 | //                autoreleasepool {
 888 | //                    let configuration = WKWebViewConfiguration()

/Users/buddhirajgautam/Documents/Cherrygram-Mac/macOS-Swift/Telegram-Mac/FastSettings.swift:928:20: warning: variable 'boxPath' was never mutated; consider changing to 'let' constant [#VariableNeverMutated]
 926 |     let path = downloadFilePath(file, postbox)
 927 |     return combineLatest(queue: resourcesQueue, path, downloadedFilePaths(postbox)) |> map { (expanded, paths) in
 928 |         guard var (boxPath, adopted) = expanded else {
     |                    `- warning: variable 'boxPath' was never mutated; consider changing to 'let' constant [#VariableNeverMutated]
 929 |             return nil
 930 |         }

/Users/buddhirajgautam/Documents/Cherrygram-Mac/macOS-Swift/Telegram-Mac/FastSettings.swift:949:13: warning: initialization of immutable value 'quarantineDataLength' was never used; consider replacing with assignment to '_' or removing it [#NoUsage]
 947 | 
 948 |         let quarantineData = "does not really matter what is here".cString(using: String.Encoding.utf8)!
 949 |         let quarantineDataLength = Int(strlen(quarantineData))
     |             `- warning: initialization of immutable value 'quarantineDataLength' was never used; consider replacing with assignment to '_' or removing it [#NoUsage]
 950 |         
 951 | //        setxattr(adopted.cString(using: .utf8), "com.apple.quarantine", quarantineData, quarantineDataLength, 0, XATTR_CREATE)

/Users/buddhirajgautam/Documents/Cherrygram-Mac/macOS-Swift/Telegram-Mac/FastSettings.swift:1028:20: warning: immutable value 'boxPath' was never used; consider replacing with '_' or removing it [#NoUsage]
1026 | func fileFinderPath(_ file: TelegramMediaFile, _ postbox: Postbox) -> Signal<String?, NoError> {
1027 |     return combineLatest(downloadFilePath(file, postbox), downloadedFilePaths(postbox)) |> map { (expanded, paths) in
1028 |         guard let (boxPath, adopted) = expanded else {
     |                    `- warning: immutable value 'boxPath' was never used; consider replacing with '_' or removing it [#NoUsage]
1029 |             return nil
1030 |         }

/Users/buddhirajgautam/Documents/Cherrygram-Mac/macOS-Swift/Telegram-Mac/FastSettings.swift:1081:21: warning: initialization of immutable value 'quarantineDataLength' was never used; consider replacing with assignment to '_' or removing it [#NoUsage]
1079 |            
1080 |                 let quarantineData = "does not really matter what is here".cString(using: String.Encoding.utf8)!
1081 |                 let quarantineDataLength = Int(strlen(quarantineData))
     |                     `- warning: initialization of immutable value 'quarantineDataLength' was never used; consider replacing with assignment to '_' or removing it [#NoUsage]
1082 |                 
1083 | //                setxattr(adopted.cString(using: .utf8), "com.apple.quarantine", quarantineData, quarantineDataLength, 0, XATTR_CREATE)

/Users/buddhirajgautam/Documents/Cherrygram-Mac/macOS-Swift/Telegram-Mac/InstantPageLayoutSpacings.swift:16:89: warning: type 'InstantPageBlock' is not optional, value can never be nil; this is an error in the Swift 6 language mode
14 |     if let upper = upper, let lower = lower {
15 |         switch (upper, lower) {
16 |         case (_, .cover), (_, .channelBanner), (.details, .details), (.relatedArticles, nil), (_, .anchor):
   |                                                                                         `- warning: type 'InstantPageBlock' is not optional, value can never be nil; this is an error in the Swift 6 language mode
17 |             return 0.0
18 |         case (.divider, _), (_, .divider):

/Users/buddhirajgautam/Documents/Cherrygram-Mac/macOS-Swift/Telegram-Mac/InstantPageDetailsItem.swift:348:12: warning: extraneous whitespace between attribute name and '('; this is an error in the Swift 6 language mode
346 |         }
347 |     }
348 |     private (set) var open: Bool
    |            `- warning: extraneous whitespace between attribute name and '('; this is an error in the Swift 6 language mode
349 |     
350 |     private var progress: CGFloat = 0.0

/Users/buddhirajgautam/Documents/Cherrygram-Mac/macOS-Swift/Telegram-Mac/InstantPageViewController.swift:936:13: warning: initialization of immutable value 'id' was never used; consider replacing with assignment to '_' or removing it [#NoUsage]
934 |         let point = CGPoint(x: genericView.frame.size.width / 2.0, y: genericView.contentOffset.y + genericView.contentInsets.top)
935 |         
936 |         let id = self.webPage.webpageId
    |             `- warning: initialization of immutable value 'id' was never used; consider replacing with assignment to '_' or removing it [#NoUsage]
937 |         
938 |         let percent = Int32((point.y + frame.height) / genericView.documentSize.height * 100.0)

/Users/buddhirajgautam/Documents/Cherrygram-Mac/macOS-Swift/Telegram-Mac/InstantPageViewController.swift:938:13: warning: initialization of immutable value 'percent' was never used; consider replacing with assignment to '_' or removing it [#NoUsage]
936 |         let id = self.webPage.webpageId
937 |         
938 |         let percent = Int32((point.y + frame.height) / genericView.documentSize.height * 100.0)
    |             `- warning: initialization of immutable value 'percent' was never used; consider replacing with assignment to '_' or removing it [#NoUsage]
939 |     }
940 |     

/Users/buddhirajgautam/Documents/Cherrygram-Mac/macOS-Swift/Telegram-Mac/InstantPageViewController.swift:955:16: warning: immutable value 'state' was never used; consider replacing with '_' or removing it [#NoUsage]
953 |             selectManager?.removeHandlers(for: window)
954 |         }
955 |         if let state = scrollState, let mediaId = webPage.id {
    |                `- warning: immutable value 'state' was never used; consider replacing with '_' or removing it [#NoUsage]
956 |           //  _ = updateInstantViewAppearanceSettingsInteractively(postbox: account.postbox, {$0.withUpdatedIVState(state, for: mediaId)}).start()
957 |         }

/Users/buddhirajgautam/Documents/Cherrygram-Mac/macOS-Swift/Telegram-Mac/InstantPageViewController.swift:955:41: warning: immutable value 'mediaId' was never used; consider replacing with '_' or removing it [#NoUsage]
953 |             selectManager?.removeHandlers(for: window)
954 |         }
955 |         if let state = scrollState, let mediaId = webPage.id {
    |                                         `- warning: immutable value 'mediaId' was never used; consider replacing with '_' or removing it [#NoUsage]
956 |           //  _ = updateInstantViewAppearanceSettingsInteractively(postbox: account.postbox, {$0.withUpdatedIVState(state, for: mediaId)}).start()
957 |         }

/Users/buddhirajgautam/Documents/Cherrygram-Mac/macOS-Swift/Telegram-Mac/DataAndStorageViewController.swift:570:56: warning: 'weak' ownership of capture 'contentSettingsConfiguration' differs from implicitly-captured strong reference in outer scope [#ImplicitStrongCapture]
565 |         
566 |         
567 |         let updateSensitiveContent:(Bool)->Void = { value in
    |                                                   |- note: 'contentSettingsConfiguration' implicitly strongly captured here
    |                                                   `- note: add 'contentSettingsConfiguration' as a capture list item to silence
568 |             let _ = (contentSettingsConfiguration.get()
569 |             |> take(1)
570 |             |> deliverOnMainQueue).start(next: { [weak contentSettingsConfiguration] settings in
    |                                                        |- warning: 'weak' ownership of capture 'contentSettingsConfiguration' differs from implicitly-captured strong reference in outer scope [#ImplicitStrongCapture]
    |                                                        `- note: explicitly assign the capture list item to silence
571 |                 if var settings = settings {
572 |                     settings.sensitiveContentEnabled = value

/Users/buddhirajgautam/Documents/Cherrygram-Mac/macOS-Swift/Telegram-Mac/ReactionsWindowController.swift:55:67: warning: 'dark' was deprecated in macOS 10.14: Use a semantic material instead.  To force the appearance of a view hierarchy, set the `appearance` property to an appropriate NSAppearance value. [#DeprecatedDeclaration]
 53 |                 self.visualView.blendingMode = .behindWindow
 54 |                 self.visualView.autoresizingMask = []
 55 |                 self.visualView.material = theme.colors.isDark ? .dark : .light
    |                                                                   `- warning: 'dark' was deprecated in macOS 10.14: Use a semantic material instead.  To force the appearance of a view hierarchy, set the `appearance` property to an appropriate NSAppearance value. [#DeprecatedDeclaration]
 56 |             }
 57 |             

/Users/buddhirajgautam/Documents/Cherrygram-Mac/macOS-Swift/Telegram-Mac/ReactionsWindowController.swift:55:75: warning: 'light' was deprecated in macOS 10.14: Use a semantic material instead.  To force the appearance of a view hierarchy, set the `appearance` property to an appropriate NSAppearance value. [#DeprecatedDeclaration]
 53 |                 self.visualView.blendingMode = .behindWindow
 54 |                 self.visualView.autoresizingMask = []
 55 |                 self.visualView.material = theme.colors.isDark ? .dark : .light
    |                                                                           `- warning: 'light' was deprecated in macOS 10.14: Use a semantic material instead.  To force the appearance of a view hierarchy, set the `appearance` property to an appropriate NSAppearance value. [#DeprecatedDeclaration]
 56 |             }
 57 |             

/Users/buddhirajgautam/Documents/Cherrygram-Mac/macOS-Swift/Telegram-Mac/ReactionsWindowController.swift:276:19: warning: value 'screen' was defined but never used; consider replacing with boolean test [#NoUsage]
274 |     private func ready(_ initialView: NSView & StickerFramesCollector, animated: Bool) {
275 |         
276 |         guard let screen = NSScreen.main else {
    |                   `- warning: value 'screen' was defined but never used; consider replacing with boolean test [#NoUsage]
277 |             return
278 |         }

/Users/buddhirajgautam/Documents/Cherrygram-Mac/macOS-Swift/Telegram-Mac/LocationRequest.swift:37:85: warning: 'authorizationStatus()' was deprecated in macOS 11.0 [#DeprecatedDeclaration]
 35 |         
 36 |         if CLLocationManager.locationServicesEnabled() {
 37 |             self.locationManager(manager, didChangeAuthorization: CLLocationManager.authorizationStatus())
    |                                                                                     `- warning: 'authorizationStatus()' was deprecated in macOS 11.0 [#DeprecatedDeclaration]
 38 |         } else {
 39 |             error.set(.disabled)

/Users/buddhirajgautam/Documents/Cherrygram-Mac/macOS-Swift/Telegram-Mac/StarUsePromoController.swift:233:9: warning: variable 'index' was never mutated; consider changing to 'let' constant [#VariableNeverMutated]
231 |     
232 |     var sectionId:Int32 = 0
233 |     var index: Int32 = 0
    |         `- warning: variable 'index' was never mutated; consider changing to 'let' constant [#VariableNeverMutated]
234 |     
235 |     entries.append(.sectionId(sectionId, type: .normal))

/Users/buddhirajgautam/Documents/Cherrygram-Mac/macOS-Swift/Telegram-Mac/StarUsePromoController.swift:255:9: warning: immutable value 'updateState' was never used; consider replacing with '_' or removing it [#NoUsage]
253 |     let statePromise = ValuePromise(initialState, ignoreRepeated: true)
254 |     let stateValue = Atomic(value: initialState)
255 |     let updateState: ((State) -> State) -> Void = { f in
    |         `- warning: immutable value 'updateState' was never used; consider replacing with '_' or removing it [#NoUsage]
256 |         statePromise.set(stateValue.modify (f))
257 |     }

/Users/buddhirajgautam/Documents/Cherrygram-Mac/macOS-Swift/Telegram-Mac/Star_AppExamples.swift:40:9: warning: variable 'sectionId' was never mutated; consider changing to 'let' constant [#VariableNeverMutated]
 38 |     var entries:[InputDataEntry] = []
 39 |     
 40 |     var sectionId:Int32 = 0
    |         `- warning: variable 'sectionId' was never mutated; consider changing to 'let' constant [#VariableNeverMutated]
 41 |     var index: Int32 = 0
 42 |     


SwiftCompile normal arm64 /Users/buddhirajgautam/Documents/Cherrygram-Mac/macOS-Swift/Telegram-Mac/NewTodoController.swift (in target 'Telegram' from project 'Telegram')
    cd /Users/buddhirajgautam/Documents/Cherrygram-Mac/macOS-Swift
    builtin-SwiftPerFileCompile NewTodoController.swift

SwiftCompile normal arm64 /Users/buddhirajgautam/Documents/Cherrygram-Mac/macOS-Swift/Telegram-Mac/monoforum/MonoforumVerticalView.swift (in target 'Telegram' from project 'Telegram')
    cd /Users/buddhirajgautam/Documents/Cherrygram-Mac/macOS-Swift
    builtin-SwiftPerFileCompile MonoforumVerticalView.swift

SwiftCompile normal arm64 /Users/buddhirajgautam/Documents/Cherrygram-Mac/macOS-Swift/Telegram-Mac/InstantPageWebEmbedItem.swift (in target 'Telegram' from project 'Telegram')
    cd /Users/buddhirajgautam/Documents/Cherrygram-Mac/macOS-Swift
    builtin-SwiftPerFileCompile InstantPageWebEmbedItem.swift

SwiftCompile normal arm64 /Users/buddhirajgautam/Documents/Cherrygram-Mac/macOS-Swift/Telegram-Mac/PreciseSliderRowItem.swift (in target 'Telegram' from project 'Telegram')
    cd /Users/buddhirajgautam/Documents/Cherrygram-Mac/macOS-Swift
    builtin-SwiftPerFileCompile PreciseSliderRowItem.swift

SwiftCompile normal arm64 /Users/buddhirajgautam/Documents/Cherrygram-Mac/macOS-Swift/Telegram-Mac/MajorBackNavigationBar.swift (in target 'Telegram' from project 'Telegram')
    cd /Users/buddhirajgautam/Documents/Cherrygram-Mac/macOS-Swift
    builtin-SwiftPerFileCompile MajorBackNavigationBar.swift

SwiftCompile normal arm64 /Users/buddhirajgautam/Documents/Cherrygram-Mac/macOS-Swift/Telegram-Mac/ChannelIntroViewController.swift (in target 'Telegram' from project 'Telegram')
    cd /Users/buddhirajgautam/Documents/Cherrygram-Mac/macOS-Swift
    builtin-SwiftPerFileCompile ChannelIntroViewController.swift

SwiftCompile normal arm64 /Users/buddhirajgautam/Documents/Cherrygram-Mac/macOS-Swift/Telegram-Mac/FastSettings.swift (in target 'Telegram' from project 'Telegram')
    cd /Users/buddhirajgautam/Documents/Cherrygram-Mac/macOS-Swift
    builtin-SwiftPerFileCompile FastSettings.swift

SwiftCompile normal arm64 /Users/buddhirajgautam/Documents/Cherrygram-Mac/macOS-Swift/Telegram-Mac/PollResultController.swift (in target 'Telegram' from project 'Telegram')
    cd /Users/buddhirajgautam/Documents/Cherrygram-Mac/macOS-Swift
    builtin-SwiftPerFileCompile PollResultController.swift

SwiftCompile normal arm64 /Users/buddhirajgautam/Documents/Cherrygram-Mac/macOS-Swift/Telegram-Mac/InstantPageLayoutSpacings.swift (in target 'Telegram' from project 'Telegram')
    cd /Users/buddhirajgautam/Documents/Cherrygram-Mac/macOS-Swift
    builtin-SwiftPerFileCompile InstantPageLayoutSpacings.swift

SwiftCompile normal arm64 /Users/buddhirajgautam/Documents/Cherrygram-Mac/macOS-Swift/Telegram-Mac/InstantPageViewController.swift (in target 'Telegram' from project 'Telegram')
    cd /Users/buddhirajgautam/Documents/Cherrygram-Mac/macOS-Swift
    builtin-SwiftPerFileCompile InstantPageViewController.swift

SwiftCompile normal arm64 /Users/buddhirajgautam/Documents/Cherrygram-Mac/macOS-Swift/Telegram-Mac/DataAndStorageViewController.swift (in target 'Telegram' from project 'Telegram')
    cd /Users/buddhirajgautam/Documents/Cherrygram-Mac/macOS-Swift
    builtin-SwiftPerFileCompile DataAndStorageViewController.swift

SwiftCompile normal arm64 /Users/buddhirajgautam/Documents/Cherrygram-Mac/macOS-Swift/Telegram-Mac/DataStorageExceptions.swift (in target 'Telegram' from project 'Telegram')
    cd /Users/buddhirajgautam/Documents/Cherrygram-Mac/macOS-Swift
    builtin-SwiftPerFileCompile DataStorageExceptions.swift

SwiftCompile normal arm64 /Users/buddhirajgautam/Documents/Cherrygram-Mac/macOS-Swift/Telegram-Mac/PremiumFeatureSlideView.swift (in target 'Telegram' from project 'Telegram')
    cd /Users/buddhirajgautam/Documents/Cherrygram-Mac/macOS-Swift
    builtin-SwiftPerFileCompile PremiumFeatureSlideView.swift

SwiftCompile normal arm64 /Users/buddhirajgautam/Documents/Cherrygram-Mac/macOS-Swift/Telegram-Mac/NetworkUsageStatsController.swift (in target 'Telegram' from project 'Telegram')
    cd /Users/buddhirajgautam/Documents/Cherrygram-Mac/macOS-Swift
    builtin-SwiftPerFileCompile NetworkUsageStatsController.swift

SwiftCompile normal arm64 /Users/buddhirajgautam/Documents/Cherrygram-Mac/macOS-Swift/Telegram-Mac/ReactionsWindowController.swift (in target 'Telegram' from project 'Telegram')
    cd /Users/buddhirajgautam/Documents/Cherrygram-Mac/macOS-Swift
    builtin-SwiftPerFileCompile ReactionsWindowController.swift

SwiftCompile normal arm64 /Users/buddhirajgautam/Documents/Cherrygram-Mac/macOS-Swift/Telegram-Mac/DownloadSettingsViewController.swift (in target 'Telegram' from project 'Telegram')
    cd /Users/buddhirajgautam/Documents/Cherrygram-Mac/macOS-Swift
    builtin-SwiftPerFileCompile DownloadSettingsViewController.swift

SwiftCompile normal arm64 /Users/buddhirajgautam/Documents/Cherrygram-Mac/macOS-Swift/Telegram-Mac/LocationRequest.swift (in target 'Telegram' from project 'Telegram')
    cd /Users/buddhirajgautam/Documents/Cherrygram-Mac/macOS-Swift
    builtin-SwiftPerFileCompile LocationRequest.swift

SwiftCompile normal arm64 /Users/buddhirajgautam/Documents/Cherrygram-Mac/macOS-Swift/Telegram-Mac/HelloView.swift (in target 'Telegram' from project 'Telegram')
    cd /Users/buddhirajgautam/Documents/Cherrygram-Mac/macOS-Swift
    builtin-SwiftPerFileCompile HelloView.swift

SwiftCompile normal arm64 /Users/buddhirajgautam/Documents/Cherrygram-Mac/macOS-Swift/Telegram-Mac/PremiumReactionsModal.swift (in target 'Telegram' from project 'Telegram')
    cd /Users/buddhirajgautam/Documents/Cherrygram-Mac/macOS-Swift
    builtin-SwiftPerFileCompile PremiumReactionsModal.swift

SwiftCompile normal arm64 /Users/buddhirajgautam/Documents/Cherrygram-Mac/macOS-Swift/Telegram-Mac/StarUsePromoController.swift (in target 'Telegram' from project 'Telegram')
    cd /Users/buddhirajgautam/Documents/Cherrygram-Mac/macOS-Swift
    builtin-SwiftPerFileCompile StarUsePromoController.swift

SwiftCompile normal arm64 /Users/buddhirajgautam/Documents/Cherrygram-Mac/macOS-Swift/Telegram-Mac/ChannelVisibilityController.swift (in target 'Telegram' from project 'Telegram')
    cd /Users/buddhirajgautam/Documents/Cherrygram-Mac/macOS-Swift
    builtin-SwiftPerFileCompile ChannelVisibilityController.swift

SwiftCompile normal arm64 /Users/buddhirajgautam/Documents/Cherrygram-Mac/macOS-Swift/Telegram-Mac/Star_AppExamples.swift (in target 'Telegram' from project 'Telegram')
    cd /Users/buddhirajgautam/Documents/Cherrygram-Mac/macOS-Swift
    builtin-SwiftPerFileCompile Star_AppExamples.swift

SwiftCompile normal arm64 /Users/buddhirajgautam/Documents/Cherrygram-Mac/macOS-Swift/Telegram-Mac/Views.swift (in target 'Telegram' from project 'Telegram')
    cd /Users/buddhirajgautam/Documents/Cherrygram-Mac/macOS-Swift
    builtin-SwiftPerFileCompile Views.swift

SwiftCompile normal arm64 /Users/buddhirajgautam/Documents/Cherrygram-Mac/macOS-Swift/Telegram-Mac/CountryManager.swift (in target 'Telegram' from project 'Telegram')
    cd /Users/buddhirajgautam/Documents/Cherrygram-Mac/macOS-Swift
    builtin-SwiftPerFileCompile CountryManager.swift

SwiftCompile normal arm64 Compiling\ GeneralLoadingRowItem.swift,\ VerticalTabsView.swift,\ InstantPageSelectText.swift,\ WebAppPermissionsState.swift,\ AddReactionManager.swift,\ InstantPageShapeItem.swift,\ InputURLFormatterModalController.swift,\ GroupCallAvatarMenuItem.swift,\ StorageUsageController.swift,\ MessageStatsController.swift,\ PreviewSenderController.swift,\ WidgetAppIconController.swift,\ MonoforumHorizontalView.swift,\ InputDataTableBasedItem.swift,\ ListViewIntermediateState.swift,\ StorageUsageHeaderItem.swift,\ CallStatusView.swift,\ MediaPaidSetterController.swift,\ ChannelWallpapersController.swift,\ ChatWallpaperModalController.swift,\ LocalizationPreviewModalController.swift,\ SmartThemeListRowItem.swift,\ GeneralInputRow.swift,\ SearchEmptyRowItem.swift /Users/buddhirajgautam/Documents/Cherrygram-Mac/macOS-Swift/Telegram-Mac/GeneralLoadingRowItem.swift /Users/buddhirajgautam/Documents/Cherrygram-Mac/macOS-Swift/Telegram-Mac/VerticalTabsView.swift /Users/buddhirajgautam/Documents/Cherrygram-Mac/macOS-Swift/Telegram-Mac/InstantPageSelectText.swift /Users/buddhirajgautam/Documents/Cherrygram-Mac/macOS-Swift/Telegram-Mac/WebAppPermissionsState.swift /Users/buddhirajgautam/Documents/Cherrygram-Mac/macOS-Swift/Telegram-Mac/AddReactionManager.swift /Users/buddhirajgautam/Documents/Cherrygram-Mac/macOS-Swift/Telegram-Mac/InstantPageShapeItem.swift /Users/buddhirajgautam/Documents/Cherrygram-Mac/macOS-Swift/Telegram-Mac/InputURLFormatterModalController.swift /Users/buddhirajgautam/Documents/Cherrygram-Mac/macOS-Swift/Telegram-Mac/GroupCallAvatarMenuItem.swift /Users/buddhirajgautam/Documents/Cherrygram-Mac/macOS-Swift/Telegram-Mac/StorageUsageController.swift /Users/buddhirajgautam/Documents/Cherrygram-Mac/macOS-Swift/Telegram-Mac/MessageStatsController.swift /Users/buddhirajgautam/Documents/Cherrygram-Mac/macOS-Swift/Telegram-Mac/PreviewSenderController.swift /Users/buddhirajgautam/Documents/Cherrygram-Mac/macOS-Swift/Telegram-Mac/WidgetAppIconController.swift /Users/buddhirajgautam/Documents/Cherrygram-Mac/macOS-Swift/Telegram-Mac/monoforum/MonoforumHorizontalView.swift /Users/buddhirajgautam/Documents/Cherrygram-Mac/macOS-Swift/Telegram-Mac/InputDataTableBasedItem.swift /Users/buddhirajgautam/Documents/Cherrygram-Mac/macOS-Swift/Telegram-Mac/ListViewIntermediateState.swift /Users/buddhirajgautam/Documents/Cherrygram-Mac/macOS-Swift/Telegram-Mac/StorageUsageHeaderItem.swift /Users/buddhirajgautam/Documents/Cherrygram-Mac/macOS-Swift/Telegram-Mac/CallStatusView.swift /Users/buddhirajgautam/Documents/Cherrygram-Mac/macOS-Swift/Telegram-Mac/MediaPaidSetterController.swift /Users/buddhirajgautam/Documents/Cherrygram-Mac/macOS-Swift/Telegram-Mac/ChannelWallpapersController.swift /Users/buddhirajgautam/Documents/Cherrygram-Mac/macOS-Swift/Telegram-Mac/ChatWallpaperModalController.swift /Users/buddhirajgautam/Documents/Cherrygram-Mac/macOS-Swift/Telegram-Mac/LocalizationPreviewModalController.swift /Users/buddhirajgautam/Documents/Cherrygram-Mac/macOS-Swift/Telegram-Mac/SmartThemeListRowItem.swift /Users/buddhirajgautam/Documents/Cherrygram-Mac/macOS-Swift/Telegram-Mac/GeneralInputRow.swift /Users/buddhirajgautam/Documents/Cherrygram-Mac/macOS-Swift/Telegram-Mac/SearchEmptyRowItem.swift (in target 'Telegram' from project 'Telegram')
/Users/buddhirajgautam/Documents/Cherrygram-Mac/macOS-Swift/Telegram-Mac/InstantPageSelectText.swift:330:54: warning: result of call to 'playOrPause()' is unused [#NoUsage]
328 |                             if view?.hitTest(point) is RadialProgressView, let view = view as? InstantPageAudioView {
329 |                                 if view.controller != nil {
330 |                                     view.controller?.playOrPause()
    |                                                      `- warning: result of call to 'playOrPause()' is unused [#NoUsage]
331 |                                 } else {
332 |                                     let audio = APSingleResourceController(context: context, wrapper: view.wrapper, streamable: true)

/Users/buddhirajgautam/Documents/Cherrygram-Mac/macOS-Swift/Telegram-Mac/InstantPageSelectText.swift:318:44: warning: 'index(of:)' is deprecated: renamed to 'firstIndex(of:)' [#DeprecatedDeclaration]
316 |                         })
317 |                         
318 |                         var index = medias.index(of: item.medias.first!)!
    |                                            |- warning: 'index(of:)' is deprecated: renamed to 'firstIndex(of:)' [#DeprecatedDeclaration]
    |                                            `- note: use 'firstIndex(of:)' instead
319 |                         
320 |                         let view = self.interactive?.contentInteractionView(for: AnyHashable(index), animateIn: false)

/Users/buddhirajgautam/Documents/Cherrygram-Mac/macOS-Swift/Telegram-Mac/InstantPageSelectText.swift:200:24: warning: value 'documentView' was defined but never used; consider replacing with boolean test [#NoUsage]
198 |             let isInDocument = self?.scroll.documentView?.isInnerView(window?.contentView?.hitTest(event.locationInWindow)) ?? false
199 |             if isInDocument {
200 |                 if let documentView = self?.scroll.documentView {
    |                        `- warning: value 'documentView' was defined but never used; consider replacing with boolean test [#NoUsage]
201 |                     if !instantSelectManager.isEmpty {
202 |                         let textView = NSTextView()

/Users/buddhirajgautam/Documents/Cherrygram-Mac/macOS-Swift/Telegram-Mac/AddReactionManager.swift:552:60: warning: 'dark' was deprecated in macOS 10.14: Use a semantic material instead.  To force the appearance of a view hierarchy, set the `appearance` property to an appropriate NSAppearance value. [#DeprecatedDeclaration]
 550 |         
 551 |         if !isLite(.blur) {
 552 |             visualEffect.material = theme.colors.isDark ? .dark : .mediumLight
     |                                                            `- warning: 'dark' was deprecated in macOS 10.14: Use a semantic material instead.  To force the appearance of a view hierarchy, set the `appearance` property to an appropriate NSAppearance value. [#DeprecatedDeclaration]
 553 |         }
 554 |         

/Users/buddhirajgautam/Documents/Cherrygram-Mac/macOS-Swift/Telegram-Mac/AddReactionManager.swift:552:68: warning: 'mediumLight' was deprecated in macOS 10.14: Use a semantic material instead.  To force the appearance of a view hierarchy, set the `appearance` property to an appropriate NSAppearance value. [#DeprecatedDeclaration]
 550 |         
 551 |         if !isLite(.blur) {
 552 |             visualEffect.material = theme.colors.isDark ? .dark : .mediumLight
     |                                                                    `- warning: 'mediumLight' was deprecated in macOS 10.14: Use a semantic material instead.  To force the appearance of a view hierarchy, set the `appearance` property to an appropriate NSAppearance value. [#DeprecatedDeclaration]
 553 |         }
 554 |         

/Users/buddhirajgautam/Documents/Cherrygram-Mac/macOS-Swift/Telegram-Mac/StorageUsageController.swift:183:1: warning: extension declares a conformance of imported type 'CacheUsageStatsResult' to imported protocol 'Equatable'; this will not behave correctly if the owners of 'TelegramCore' introduce this conformance in the future
 181 | }
 182 | 
 183 | extension CacheUsageStatsResult : Equatable {
     | |- warning: extension declares a conformance of imported type 'CacheUsageStatsResult' to imported protocol 'Equatable'; this will not behave correctly if the owners of 'TelegramCore' introduce this conformance in the future
     | `- note: add '@retroactive' to silence this warning
 184 |     public static func == (lhs: CacheUsageStatsResult, rhs: CacheUsageStatsResult) -> Bool {
 185 |         switch lhs {

/Users/buddhirajgautam/Documents/Cherrygram-Mac/macOS-Swift/Telegram-Mac/StorageUsageController.swift:203:1: warning: extension declares a conformance of imported type 'CacheUsageStats' to imported protocol 'Equatable'; this will not behave correctly if the owners of 'TelegramCore' introduce this conformance in the future
 201 |     
 202 | }
 203 | extension CacheUsageStats : Equatable {
     | |- warning: extension declares a conformance of imported type 'CacheUsageStats' to imported protocol 'Equatable'; this will not behave correctly if the owners of 'TelegramCore' introduce this conformance in the future
     | `- note: add '@retroactive' to silence this warning
 204 |     public static func == (lhs: CacheUsageStats, rhs: CacheUsageStats) -> Bool {
 205 |         if lhs.media != rhs.media  {

/Users/buddhirajgautam/Documents/Cherrygram-Mac/macOS-Swift/Telegram-Mac/StorageUsageController.swift:249:1: warning: extension declares a conformance of imported type 'AllStorageUsageStats' to imported protocol 'Equatable'; this will not behave correctly if the owners of 'TelegramCore' introduce this conformance in the future
 247 | }
 248 | 
 249 | extension AllStorageUsageStats : Equatable {
     | |- warning: extension declares a conformance of imported type 'AllStorageUsageStats' to imported protocol 'Equatable'; this will not behave correctly if the owners of 'TelegramCore' introduce this conformance in the future
     | `- note: add '@retroactive' to silence this warning
 250 |     public static func ==(lhs: AllStorageUsageStats, rhs: AllStorageUsageStats) -> Bool {
 251 |         return lhs === rhs

/Users/buddhirajgautam/Documents/Cherrygram-Mac/macOS-Swift/Telegram-Mac/StorageUsageController.swift:254:1: warning: extension declares a conformance of imported type 'StorageUsageStats' to imported protocol 'Equatable'; this will not behave correctly if the owners of 'TelegramCore' introduce this conformance in the future
 252 |     }
 253 | }
 254 | extension StorageUsageStats : Equatable {
     | |- warning: extension declares a conformance of imported type 'StorageUsageStats' to imported protocol 'Equatable'; this will not behave correctly if the owners of 'TelegramCore' introduce this conformance in the future
     | `- note: add '@retroactive' to silence this warning
 255 |     public static func ==(lhs: StorageUsageStats, rhs: StorageUsageStats) -> Bool {
 256 |         return lhs === rhs

/Users/buddhirajgautam/Documents/Cherrygram-Mac/macOS-Swift/Telegram-Mac/StorageUsageController.swift:276:1: warning: extension declares a conformance of imported type 'CategoryData' to imported protocol 'Equatable'; this will not behave correctly if the owners of 'TelegramCore' introduce this conformance in the future
 274 |     }
 275 | }
 276 | extension StorageUsageStats.CategoryData : Equatable {
     | |- warning: extension declares a conformance of imported type 'CategoryData' to imported protocol 'Equatable'; this will not behave correctly if the owners of 'TelegramCore' introduce this conformance in the future
     | `- note: add '@retroactive' to silence this warning
 277 |     public static func ==(lhs: StorageUsageStats.CategoryData, rhs: StorageUsageStats.CategoryData) -> Bool {
 278 |         return lhs.size == rhs.size

/Users/buddhirajgautam/Documents/Cherrygram-Mac/macOS-Swift/Telegram-Mac/PreviewSenderController.swift:269:17: warning: initialization of immutable value 'optons' was never used; consider replacing with assignment to '_' or removing it [#NoUsage]
 267 |             let canCollage = self.canCollage
 268 |             let canSpoiler = self.canSpoiler
 269 |             let optons = self.options
     |                 `- warning: initialization of immutable value 'optons' was never used; consider replacing with assignment to '_' or removing it [#NoUsage]
 270 |             let totalCount = self.totalCount
 271 |             let newValue = self.state

/Users/buddhirajgautam/Documents/Cherrygram-Mac/macOS-Swift/Telegram-Mac/PreviewSenderController.swift:1884:41: warning: immutable value 'window' was never used; consider replacing with '_' or removing it [#NoUsage]
1882 |                 
1883 |                 let invoke:()->Void = { [weak self] in
1884 |                     guard let self, let window = self.window else {
     |                                         `- warning: immutable value 'window' was never used; consider replacing with '_' or removing it [#NoUsage]
1885 |                         return
1886 |                     }

/Users/buddhirajgautam/Library/Developer/Xcode/DerivedData/Telegram-Mac-fygdgghdgmuleoelvxabfmqiotta/Build/Intermediates.noindex/Telegram.build/Debug/Telegram.build/DerivedSources/GeneratedAssetSymbols.swift:1852:14: warning: The "Icon_Profile_Call" image asset name resolves to the symbol "iconProfileCall" which already exists. Try renaming the asset.
1850 |     static let iconProfileBoost = ImageResource(name: "Icon_Profile_Boost", bundle: resourceBundle)
1851 | 
1852 |     #warning("The \"Icon_Profile_Call\" image asset name resolves to the symbol \"iconProfileCall\" which already exists. Try renaming the asset.")
     |              `- warning: The "Icon_Profile_Call" image asset name resolves to the symbol "iconProfileCall" which already exists. Try renaming the asset.
1853 | 
1854 |     /// The "Icon_Profile_ChannelSign" asset catalog image resource.

/Users/buddhirajgautam/Library/Developer/Xcode/DerivedData/Telegram-Mac-fygdgghdgmuleoelvxabfmqiotta/Build/Intermediates.noindex/Telegram.build/Debug/Telegram.build/DerivedSources/GeneratedAssetSymbols.swift:2454:14: warning: The "Icon_Story_Repost" image asset name resolves to the symbol "iconStoryRepost" which already exists. Try renaming the asset.
2452 |     static let iconStoryInlineReactionShadow = ImageResource(name: "Icon_Story_InlineReaction_Shadow", bundle: resourceBundle)
2453 | 
2454 |     #warning("The \"Icon_Story_Repost\" image asset name resolves to the symbol \"iconStoryRepost\" which already exists. Try renaming the asset.")
     |              `- warning: The "Icon_Story_Repost" image asset name resolves to the symbol "iconStoryRepost" which already exists. Try renaming the asset.
2455 | 
2456 |     /// The "Icon_Story_Selected_Contacts" asset catalog image resource.

/Users/buddhirajgautam/Documents/Cherrygram-Mac/macOS-Swift/Telegram-Mac/monoforum/MonoforumHorizontalView.swift:236:13: warning: variable 'offsetIndex' was never mutated; consider changing to 'let' constant [#VariableNeverMutated]
234 |         
235 |         var pinned: [Int64] = []
236 |         var offsetIndex = 3
    |             `- warning: variable 'offsetIndex' was never mutated; consider changing to 'let' constant [#VariableNeverMutated]
237 |         
238 |         for (i, item) in items.enumerated() {

/Users/buddhirajgautam/Documents/Cherrygram-Mac/macOS-Swift/Telegram-Mac/ChannelWallpapersController.swift:266:9: warning: variable 'index' was never mutated; consider changing to 'let' constant [#VariableNeverMutated]
264 |     
265 |     var sectionId:Int32 = 0
266 |     var index: Int32 = 0
    |         `- warning: variable 'index' was never mutated; consider changing to 'let' constant [#VariableNeverMutated]
267 |     
268 |     entries.append(.sectionId(sectionId, type: .normal))

/Users/buddhirajgautam/Documents/Cherrygram-Mac/macOS-Swift/Telegram-Mac/ChannelWallpapersController.swift:395:93: warning: 'kUTTypeJPEG' was deprecated in macOS 12.0: Use UTTypeJPEG or UTType.jpeg (swift) instead. [#DeprecatedDeclaration]
393 |                     let mutableData: CFMutableData = NSMutableData() as CFMutableData
394 |                     
395 |                     if let colorDestination = CGImageDestinationCreateWithData(mutableData, kUTTypeJPEG, 1, nil) {
    |                                                                                             `- warning: 'kUTTypeJPEG' was deprecated in macOS 12.0: Use UTTypeJPEG or UTType.jpeg (swift) instead. [#DeprecatedDeclaration]
396 |                         CGImageDestinationAddImage(colorDestination, image, options as CFDictionary)
397 |                         if CGImageDestinationFinalize(colorDestination) {

/Users/buddhirajgautam/Documents/Cherrygram-Mac/macOS-Swift/Telegram-Mac/ChatWallpaperModalController.swift:132:97: warning: 'kUTTypeJPEG' was deprecated in macOS 12.0: Use UTTypeJPEG or UTType.jpeg (swift) instead. [#DeprecatedDeclaration]
130 |                         let mutableData: CFMutableData = NSMutableData() as CFMutableData
131 |                         
132 |                         if let colorDestination = CGImageDestinationCreateWithData(mutableData, kUTTypeJPEG, 1, nil) {
    |                                                                                                 `- warning: 'kUTTypeJPEG' was deprecated in macOS 12.0: Use UTTypeJPEG or UTType.jpeg (swift) instead. [#DeprecatedDeclaration]
133 |                             CGImageDestinationAddImage(colorDestination, image, options as CFDictionary)
134 |                             if CGImageDestinationFinalize(colorDestination) {

/Users/buddhirajgautam/Documents/Cherrygram-Mac/macOS-Swift/Telegram-Mac/SmartThemeListRowItem.swift:106:14: warning: immutable value 'i' was never used; consider replacing with '_' or removing it [#NoUsage]
104 |         
105 |         
106 |         for (i, smartTheme) in item.list.enumerated() {
    |              `- warning: immutable value 'i' was never used; consider replacing with '_' or removing it [#NoUsage]
107 |             let data = smartTheme.data
108 |             let selected: Bool = item.theme.colors.accent == data.appTheme.colors.accent && item.theme.wallpaper.wallpaper == data.appTheme.wallpaper.wallpaper

[#DeprecatedDeclaration]: <https://docs.swift.org/compiler/documentation/diagnostics/deprecated-declaration>
[#NoUsage]: <https://docs.swift.org/compiler/documentation/diagnostics/no-usage>
[#VariableNeverMutated]: <https://docs.swift.org/compiler/documentation/diagnostics/variable-never-mutated>

SwiftCompile normal arm64 /Users/buddhirajgautam/Documents/Cherrygram-Mac/macOS-Swift/Telegram-Mac/GeneralLoadingRowItem.swift (in target 'Telegram' from project 'Telegram')
    cd /Users/buddhirajgautam/Documents/Cherrygram-Mac/macOS-Swift
    builtin-SwiftPerFileCompile GeneralLoadingRowItem.swift

SwiftCompile normal arm64 /Users/buddhirajgautam/Documents/Cherrygram-Mac/macOS-Swift/Telegram-Mac/VerticalTabsView.swift (in target 'Telegram' from project 'Telegram')
    cd /Users/buddhirajgautam/Documents/Cherrygram-Mac/macOS-Swift
    builtin-SwiftPerFileCompile VerticalTabsView.swift

SwiftCompile normal arm64 /Users/buddhirajgautam/Documents/Cherrygram-Mac/macOS-Swift/Telegram-Mac/InstantPageSelectText.swift (in target 'Telegram' from project 'Telegram')
    cd /Users/buddhirajgautam/Documents/Cherrygram-Mac/macOS-Swift
    builtin-SwiftPerFileCompile InstantPageSelectText.swift

SwiftCompile normal arm64 /Users/buddhirajgautam/Documents/Cherrygram-Mac/macOS-Swift/Telegram-Mac/WebAppPermissionsState.swift (in target 'Telegram' from project 'Telegram')
    cd /Users/buddhirajgautam/Documents/Cherrygram-Mac/macOS-Swift
    builtin-SwiftPerFileCompile WebAppPermissionsState.swift

SwiftCompile normal arm64 /Users/buddhirajgautam/Documents/Cherrygram-Mac/macOS-Swift/Telegram-Mac/AddReactionManager.swift (in target 'Telegram' from project 'Telegram')
    cd /Users/buddhirajgautam/Documents/Cherrygram-Mac/macOS-Swift
    builtin-SwiftPerFileCompile AddReactionManager.swift

SwiftCompile normal arm64 /Users/buddhirajgautam/Documents/Cherrygram-Mac/macOS-Swift/Telegram-Mac/InstantPageShapeItem.swift (in target 'Telegram' from project 'Telegram')
    cd /Users/buddhirajgautam/Documents/Cherrygram-Mac/macOS-Swift
    builtin-SwiftPerFileCompile InstantPageShapeItem.swift

SwiftCompile normal arm64 /Users/buddhirajgautam/Documents/Cherrygram-Mac/macOS-Swift/Telegram-Mac/InputURLFormatterModalController.swift (in target 'Telegram' from project 'Telegram')
    cd /Users/buddhirajgautam/Documents/Cherrygram-Mac/macOS-Swift
    builtin-SwiftPerFileCompile InputURLFormatterModalController.swift

SwiftCompile normal arm64 /Users/buddhirajgautam/Documents/Cherrygram-Mac/macOS-Swift/Telegram-Mac/GroupCallAvatarMenuItem.swift (in target 'Telegram' from project 'Telegram')
    cd /Users/buddhirajgautam/Documents/Cherrygram-Mac/macOS-Swift
    builtin-SwiftPerFileCompile GroupCallAvatarMenuItem.swift

SwiftCompile normal arm64 /Users/buddhirajgautam/Documents/Cherrygram-Mac/macOS-Swift/Telegram-Mac/StorageUsageController.swift (in target 'Telegram' from project 'Telegram')
    cd /Users/buddhirajgautam/Documents/Cherrygram-Mac/macOS-Swift
    builtin-SwiftPerFileCompile StorageUsageController.swift

SwiftCompile normal arm64 /Users/buddhirajgautam/Documents/Cherrygram-Mac/macOS-Swift/Telegram-Mac/MessageStatsController.swift (in target 'Telegram' from project 'Telegram')
    cd /Users/buddhirajgautam/Documents/Cherrygram-Mac/macOS-Swift
    builtin-SwiftPerFileCompile MessageStatsController.swift

SwiftCompile normal arm64 /Users/buddhirajgautam/Documents/Cherrygram-Mac/macOS-Swift/Telegram-Mac/PreviewSenderController.swift (in target 'Telegram' from project 'Telegram')
    cd /Users/buddhirajgautam/Documents/Cherrygram-Mac/macOS-Swift
    builtin-SwiftPerFileCompile PreviewSenderController.swift

SwiftCompile normal arm64 /Users/buddhirajgautam/Documents/Cherrygram-Mac/macOS-Swift/Telegram-Mac/WidgetAppIconController.swift (in target 'Telegram' from project 'Telegram')
    cd /Users/buddhirajgautam/Documents/Cherrygram-Mac/macOS-Swift
    builtin-SwiftPerFileCompile WidgetAppIconController.swift

SwiftCompile normal arm64 /Users/buddhirajgautam/Documents/Cherrygram-Mac/macOS-Swift/Telegram-Mac/monoforum/MonoforumHorizontalView.swift (in target 'Telegram' from project 'Telegram')
    cd /Users/buddhirajgautam/Documents/Cherrygram-Mac/macOS-Swift
    builtin-SwiftPerFileCompile MonoforumHorizontalView.swift

SwiftCompile normal arm64 /Users/buddhirajgautam/Documents/Cherrygram-Mac/macOS-Swift/Telegram-Mac/InputDataTableBasedItem.swift (in target 'Telegram' from project 'Telegram')
    cd /Users/buddhirajgautam/Documents/Cherrygram-Mac/macOS-Swift
    builtin-SwiftPerFileCompile InputDataTableBasedItem.swift

SwiftCompile normal arm64 /Users/buddhirajgautam/Documents/Cherrygram-Mac/macOS-Swift/Telegram-Mac/ListViewIntermediateState.swift (in target 'Telegram' from project 'Telegram')
    cd /Users/buddhirajgautam/Documents/Cherrygram-Mac/macOS-Swift
    builtin-SwiftPerFileCompile ListViewIntermediateState.swift

SwiftCompile normal arm64 /Users/buddhirajgautam/Documents/Cherrygram-Mac/macOS-Swift/Telegram-Mac/StorageUsageHeaderItem.swift (in target 'Telegram' from project 'Telegram')
    cd /Users/buddhirajgautam/Documents/Cherrygram-Mac/macOS-Swift
    builtin-SwiftPerFileCompile StorageUsageHeaderItem.swift

SwiftCompile normal arm64 /Users/buddhirajgautam/Documents/Cherrygram-Mac/macOS-Swift/Telegram-Mac/CallStatusView.swift (in target 'Telegram' from project 'Telegram')
    cd /Users/buddhirajgautam/Documents/Cherrygram-Mac/macOS-Swift
    builtin-SwiftPerFileCompile CallStatusView.swift

SwiftCompile normal arm64 /Users/buddhirajgautam/Documents/Cherrygram-Mac/macOS-Swift/Telegram-Mac/MediaPaidSetterController.swift (in target 'Telegram' from project 'Telegram')
    cd /Users/buddhirajgautam/Documents/Cherrygram-Mac/macOS-Swift
    builtin-SwiftPerFileCompile MediaPaidSetterController.swift

SwiftCompile normal arm64 /Users/buddhirajgautam/Documents/Cherrygram-Mac/macOS-Swift/Telegram-Mac/ChannelWallpapersController.swift (in target 'Telegram' from project 'Telegram')
    cd /Users/buddhirajgautam/Documents/Cherrygram-Mac/macOS-Swift
    builtin-SwiftPerFileCompile ChannelWallpapersController.swift

SwiftCompile normal arm64 /Users/buddhirajgautam/Documents/Cherrygram-Mac/macOS-Swift/Telegram-Mac/ChatWallpaperModalController.swift (in target 'Telegram' from project 'Telegram')
    cd /Users/buddhirajgautam/Documents/Cherrygram-Mac/macOS-Swift
    builtin-SwiftPerFileCompile ChatWallpaperModalController.swift

SwiftCompile normal arm64 /Users/buddhirajgautam/Documents/Cherrygram-Mac/macOS-Swift/Telegram-Mac/LocalizationPreviewModalController.swift (in target 'Telegram' from project 'Telegram')
    cd /Users/buddhirajgautam/Documents/Cherrygram-Mac/macOS-Swift
    builtin-SwiftPerFileCompile LocalizationPreviewModalController.swift

SwiftCompile normal arm64 /Users/buddhirajgautam/Documents/Cherrygram-Mac/macOS-Swift/Telegram-Mac/SmartThemeListRowItem.swift (in target 'Telegram' from project 'Telegram')
    cd /Users/buddhirajgautam/Documents/Cherrygram-Mac/macOS-Swift
    builtin-SwiftPerFileCompile SmartThemeListRowItem.swift

SwiftCompile normal arm64 /Users/buddhirajgautam/Documents/Cherrygram-Mac/macOS-Swift/Telegram-Mac/GeneralInputRow.swift (in target 'Telegram' from project 'Telegram')
    cd /Users/buddhirajgautam/Documents/Cherrygram-Mac/macOS-Swift
    builtin-SwiftPerFileCompile GeneralInputRow.swift

SwiftCompile normal arm64 /Users/buddhirajgautam/Documents/Cherrygram-Mac/macOS-Swift/Telegram-Mac/SearchEmptyRowItem.swift (in target 'Telegram' from project 'Telegram')
    cd /Users/buddhirajgautam/Documents/Cherrygram-Mac/macOS-Swift
    builtin-SwiftPerFileCompile SearchEmptyRowItem.swift

SwiftCompile normal arm64 Compiling\ WebappTransferDataController.swift,\ NewPollController.swift,\ BusinessLinksController.swift,\ Star_Subscription.swift,\ GroupCallStatusBar.swift,\ InstantPageMedia.swift,\ InstantPageView.swift,\ RecentCallsViewController.swift,\ MGalleryItem.swift,\ ForumNameRowItem.swift,\ ChatServiceRowView.swift,\ MainViewController.swift,\ InputSources.swift,\ Report.swift,\ WebAppSecureStorage.swift,\ ForgotPasswordController.swift,\ GalleryViewer.swift,\ ChannelMemberCategoryListContext.swift,\ LocationSendCurrentItem.swift,\ AudioPlayerController.swift,\ Star_TransactionRowItem.swift,\ GeminiService.swift,\ CherrygramSettingsViewController.swift,\ GeneratedAssetSymbols.swift /Users/buddhirajgautam/Documents/Cherrygram-Mac/macOS-Swift/Telegram-Mac/WebappTransferDataController.swift /Users/buddhirajgautam/Documents/Cherrygram-Mac/macOS-Swift/Telegram-Mac/NewPollController.swift /Users/buddhirajgautam/Documents/Cherrygram-Mac/macOS-Swift/Telegram-Mac/BusinessLinksController.swift /Users/buddhirajgautam/Documents/Cherrygram-Mac/macOS-Swift/Telegram-Mac/Star_Subscription.swift /Users/buddhirajgautam/Documents/Cherrygram-Mac/macOS-Swift/Telegram-Mac/GroupCallStatusBar.swift /Users/buddhirajgautam/Documents/Cherrygram-Mac/macOS-Swift/Telegram-Mac/InstantPageMedia.swift /Users/buddhirajgautam/Documents/Cherrygram-Mac/macOS-Swift/Telegram-Mac/InstantPageView.swift /Users/buddhirajgautam/Documents/Cherrygram-Mac/macOS-Swift/Telegram-Mac/RecentCallsViewController.swift /Users/buddhirajgautam/Documents/Cherrygram-Mac/macOS-Swift/Telegram-Mac/MGalleryItem.swift /Users/buddhirajgautam/Documents/Cherrygram-Mac/macOS-Swift/Telegram-Mac/ForumNameRowItem.swift /Users/buddhirajgautam/Documents/Cherrygram-Mac/macOS-Swift/Telegram-Mac/ChatServiceRowView.swift /Users/buddhirajgautam/Documents/Cherrygram-Mac/macOS-Swift/Telegram-Mac/MainViewController.swift /Users/buddhirajgautam/Documents/Cherrygram-Mac/macOS-Swift/Telegram-Mac/InputSources.swift /Users/buddhirajgautam/Documents/Cherrygram-Mac/macOS-Swift/Telegram-Mac/Report.swift /Users/buddhirajgautam/Documents/Cherrygram-Mac/macOS-Swift/Telegram-Mac/WebAppSecureStorage.swift /Users/buddhirajgautam/Documents/Cherrygram-Mac/macOS-Swift/Telegram-Mac/ForgotPasswordController.swift /Users/buddhirajgautam/Documents/Cherrygram-Mac/macOS-Swift/Telegram-Mac/GalleryViewer.swift /Users/buddhirajgautam/Documents/Cherrygram-Mac/macOS-Swift/Telegram-Mac/ChannelMemberCategoryListContext.swift /Users/buddhirajgautam/Documents/Cherrygram-Mac/macOS-Swift/Telegram-Mac/LocationSendCurrentItem.swift /Users/buddhirajgautam/Documents/Cherrygram-Mac/macOS-Swift/Telegram-Mac/AudioPlayerController.swift /Users/buddhirajgautam/Documents/Cherrygram-Mac/macOS-Swift/Telegram-Mac/Star_TransactionRowItem.swift /Users/buddhirajgautam/Documents/Cherrygram-Mac/macOS-Swift/Telegram-Mac/GeminiService.swift /Users/buddhirajgautam/Documents/Cherrygram-Mac/macOS-Swift/Telegram-Mac/CherrygramSettingsViewController.swift /Users/buddhirajgautam/Library/Developer/Xcode/DerivedData/Telegram-Mac-fygdgghdgmuleoelvxabfmqiotta/Build/Intermediates.noindex/Telegram.build/Debug/Telegram.build/DerivedSources/GeneratedAssetSymbols.swift (in target 'Telegram' from project 'Telegram')
/Users/buddhirajgautam/Library/Developer/Xcode/DerivedData/Telegram-Mac-fygdgghdgmuleoelvxabfmqiotta/Build/Intermediates.noindex/Telegram.build/Debug/Telegram.build/DerivedSources/GeneratedAssetSymbols.swift:1852:14: warning: The "Icon_Profile_Call" image asset name resolves to the symbol "iconProfileCall" which already exists. Try renaming the asset.
1850 |     static let iconProfileBoost = ImageResource(name: "Icon_Profile_Boost", bundle: resourceBundle)
1851 | 
1852 |     #warning("The \"Icon_Profile_Call\" image asset name resolves to the symbol \"iconProfileCall\" which already exists. Try renaming the asset.")
     |              `- warning: The "Icon_Profile_Call" image asset name resolves to the symbol "iconProfileCall" which already exists. Try renaming the asset.
1853 | 
1854 |     /// The "Icon_Profile_ChannelSign" asset catalog image resource.

/Users/buddhirajgautam/Library/Developer/Xcode/DerivedData/Telegram-Mac-fygdgghdgmuleoelvxabfmqiotta/Build/Intermediates.noindex/Telegram.build/Debug/Telegram.build/DerivedSources/GeneratedAssetSymbols.swift:2454:14: warning: The "Icon_Story_Repost" image asset name resolves to the symbol "iconStoryRepost" which already exists. Try renaming the asset.
2452 |     static let iconStoryInlineReactionShadow = ImageResource(name: "Icon_Story_InlineReaction_Shadow", bundle: resourceBundle)
2453 | 
2454 |     #warning("The \"Icon_Story_Repost\" image asset name resolves to the symbol \"iconStoryRepost\" which already exists. Try renaming the asset.")
     |              `- warning: The "Icon_Story_Repost" image asset name resolves to the symbol "iconStoryRepost" which already exists. Try renaming the asset.
2455 | 
2456 |     /// The "Icon_Story_Selected_Contacts" asset catalog image resource.

/Users/buddhirajgautam/Documents/Cherrygram-Mac/macOS-Swift/Telegram-Mac/Star_Subscription.swift:328:9: warning: immutable value 'updateState' was never used; consider replacing with '_' or removing it [#NoUsage]
326 |     let statePromise = ValuePromise(initialState, ignoreRepeated: true)
327 |     let stateValue = Atomic(value: initialState)
328 |     let updateState: ((State) -> State) -> Void = { f in
    |         `- warning: immutable value 'updateState' was never used; consider replacing with '_' or removing it [#NoUsage]
329 |         statePromise.set(stateValue.modify (f))
330 |     }

/Users/buddhirajgautam/Documents/Cherrygram-Mac/macOS-Swift/Telegram-Mac/RecentCallsViewController.swift:296:42: warning: immutable value 'directionHint' was never used; consider replacing with '_' or removing it [#NoUsage]
294 |     if let scrollPosition = scrollPosition {
295 |         loop: switch scrollPosition {
296 |         case let .index(index, position, directionHint, animated: animated):
    |                                          `- warning: immutable value 'directionHint' was never used; consider replacing with '_' or removing it [#NoUsage]
297 |             
298 |             var stableId: AnyHashable?

/Users/buddhirajgautam/Documents/Cherrygram-Mac/macOS-Swift/Telegram-Mac/RecentCallsViewController.swift:296:67: warning: immutable value 'animated' was never used; consider replacing with '_' or removing it [#NoUsage]
294 |     if let scrollPosition = scrollPosition {
295 |         loop: switch scrollPosition {
296 |         case let .index(index, position, directionHint, animated: animated):
    |                                                                   `- warning: immutable value 'animated' was never used; consider replacing with '_' or removing it [#NoUsage]
297 |             
298 |             var stableId: AnyHashable?

/Users/buddhirajgautam/Documents/Cherrygram-Mac/macOS-Swift/Telegram-Mac/MGalleryItem.swift:148:26: warning: immutable value 'media' was never used; consider replacing with '_' or removing it [#NoUsage]
146 |         case let .instantMedia(media, _):
147 |             return media.index
148 |         case  let .media(media, index, message):
    |                          `- warning: immutable value 'media' was never used; consider replacing with '_' or removing it [#NoUsage]
149 |             return ChatHistoryEntryId.mediaId(index, message)
150 |         case let .secureIdDocument(document, _):

/Users/buddhirajgautam/Documents/Cherrygram-Mac/macOS-Swift/Telegram-Mac/MainViewController.swift:262:17: warning: variable 'shakeDelay' was never mutated; consider changing to 'let' constant [#VariableNeverMutated]
260 |             genericView.centerX(y: layout == .minimisize ? bottom - 10 : bottom - 60)
261 |             
262 |             var shakeDelay: Double = 60 * 60
    |                 `- warning: variable 'shakeDelay' was never mutated; consider changing to 'let' constant [#VariableNeverMutated]
263 |            
264 |             

/Users/buddhirajgautam/Documents/Cherrygram-Mac/macOS-Swift/Telegram-Mac/WebAppSecureStorage.swift:186:21: warning: initialization of immutable value 'inactiveAccountKeys' was never used; consider replacing with assignment to '_' or removing it [#NoUsage]
184 |             return combineLatest(signals)
185 |             |> map { activeUuids in
186 |                 let inactiveAccountKeys = storedKeys.filter { !activeUuids.contains($0.uuid) }
    |                     `- warning: initialization of immutable value 'inactiveAccountKeys' was never used; consider replacing with assignment to '_' or removing it [#NoUsage]
187 |                 return storedKeys
188 |             }

/Users/buddhirajgautam/Documents/Cherrygram-Mac/macOS-Swift/Telegram-Mac/GalleryViewer.swift:755:37: warning: variable 'firstCheck' was never mutated; consider changing to 'let' constant [#VariableNeverMutated]
 753 |                             switch entry {
 754 |                             case let .MessageEntry(message, _, _, _, _, _, _):
 755 |                                 var firstCheck = message.id.peerId.namespace == Namespaces.Peer.SecretChat || !message.containsSecretMedia && mediaForMessage(message: message, postbox: context.account.postbox) != nil
     |                                     `- warning: variable 'firstCheck' was never mutated; consider changing to 'let' constant [#VariableNeverMutated]
 756 |                                 
 757 |                                 if !firstCheck {

/Users/buddhirajgautam/Documents/Cherrygram-Mac/macOS-Swift/Telegram-Mac/GalleryViewer.swift:885:91: warning: immutable value 'attribute' was never used; consider replacing with '_' or removing it [#NoUsage]
 883 |                             strongSelf.pager.selectedIndex.set(newIndex)
 884 |                             strongSelf.pager.set(index: newIndex, animated: false)
 885 |                             if !new.isEmpty && newIndex < new.count && newIndex >= 0, let attribute = new[newIndex].message?.autoremoveAttribute {
     |                                                                                           `- warning: immutable value 'attribute' was never used; consider replacing with '_' or removing it [#NoUsage]
 886 |                                // (self?.controls as? GallerySecretControls)?.update(with: attribute, outgoing: !new[newIndex].message!.flags.contains(.Incoming))
 887 |                             }

/Users/buddhirajgautam/Documents/Cherrygram-Mac/macOS-Swift/Telegram-Mac/GalleryViewer.swift:909:21: warning: initialization of immutable value 'current' was never used; consider replacing with assignment to '_' or removing it [#NoUsage]
 907 |             if let location = current.location {
 908 |                 let total = location.count
 909 |                 let current = reversed ? total - location.index : location.index
     |                     `- warning: initialization of immutable value 'current' was never used; consider replacing with assignment to '_' or removing it [#NoUsage]
 910 |                 self.controls.update(self.pager.selectedItem)
 911 |             } else  {

/Users/buddhirajgautam/Documents/Cherrygram-Mac/macOS-Swift/Telegram-Mac/GalleryViewer.swift:1005:32: warning: conditional cast from 'TelegramMediaFile' to 'TelegramMediaFile' always succeeds
1003 |                         
1004 |                         let file = item.media.alternativeRepresentations.compactMap({
1005 |                             $0 as? TelegramMediaFile
     |                                `- warning: conditional cast from 'TelegramMediaFile' to 'TelegramMediaFile' always succeeds
1006 |                         }).first(where: {
1007 |                             $0.dimensions?.height == Int32(value)

/Users/buddhirajgautam/Documents/Cherrygram-Mac/macOS-Swift/Telegram-Mac/GalleryViewer.swift:1084:38: warning: immutable value 'contents' was never used; consider replacing with '_' or removing it [#NoUsage]
1082 |         let acceptInteractions: Bool
1083 |         switch chatMode {
1084 |         case .customChatContents(let contents):
     |                                      `- warning: immutable value 'contents' was never used; consider replacing with '_' or removing it [#NoUsage]
1085 |             acceptInteractions = false
1086 |         default:

/Users/buddhirajgautam/Documents/Cherrygram-Mac/macOS-Swift/Telegram-Mac/GalleryViewer.swift:1092:16: warning: immutable value 'contentInteractions' was never used; consider replacing with '_' or removing it [#NoUsage]
1090 |         let paidMedia = pager.selectedItem?.entry.paidMedia ?? false
1091 |         
1092 |         if let contentInteractions = self.contentInteractions, acceptInteractions {
     |                `- warning: immutable value 'contentInteractions' was never used; consider replacing with '_' or removing it [#NoUsage]
1093 |             if let message = pager.selectedItem?.entry.message, let pageItem = pager.selectedItem {
1094 |                 if self.type == .history {

/Users/buddhirajgautam/Documents/Cherrygram-Mac/macOS-Swift/Telegram-Mac/GalleryViewer.swift:1238:17: warning: variable 'chatMode' was never mutated; consider changing to 'let' constant [#VariableNeverMutated]
1236 |             
1237 |             
1238 |             var chatMode: ChatMode = self.chatMode ?? .history
     |                 `- warning: variable 'chatMode' was never mutated; consider changing to 'let' constant [#VariableNeverMutated]
1239 |             let chatLocation = self.chatLocation ?? .peer(context.peerId)
1240 |            

/Users/buddhirajgautam/Documents/Cherrygram-Mac/macOS-Swift/Telegram-Mac/GalleryViewer.swift:1259:21: warning: variable '_mustDeleteForEveryoneMessage' was written to, but never read
1257 |                 var canDeleteForEveryone = true
1258 |                 var otherCounter:Int32 = 0
1259 |                 var _mustDeleteForEveryoneMessage: Bool = true
     |                     `- warning: variable '_mustDeleteForEveryoneMessage' was written to, but never read
1260 |                 for message in messages {
1261 |                     if !canDeleteMessage(message, account: self.context.account, chatLocation: chatLocation, mode: chatMode) {

/Users/buddhirajgautam/Documents/Cherrygram-Mac/macOS-Swift/Telegram-Mac/GalleryViewer.swift:1642:28: warning: value 'stableId' was defined but never used; consider replacing with boolean test [#NoUsage]
1640 |                     strongSelf?.backgroundView._change(opacity: 1, animated: true)
1641 |                 }, addAccesoryOnCopiedView: { stableId, view in
1642 |                     if let stableId = stableId {
     |                            `- warning: value 'stableId' was defined but never used; consider replacing with boolean test [#NoUsage]
1643 |                         //self?.delegate?.addAccesoryOnCopiedView(for: stableId, view: view)
1644 |                     }

/Users/buddhirajgautam/Documents/Cherrygram-Mac/macOS-Swift/Telegram-Mac/ChannelMemberCategoryListContext.swift:757:56: warning: type 'String' is not optional, value can never be nil; this is an error in the Swift 6 language mode
755 |         let emptyTimeout: Double
756 |         switch key {
757 |         case .admins(nil), .banned(nil), .recentSearch(nil), .restricted(nil), .restrictedAndBanned(nil), .recent:
    |                                                        `- warning: type 'String' is not optional, value can never be nil; this is an error in the Swift 6 language mode
758 |             emptyTimeout = defaultEmptyTimeout
759 |         default:

/Users/buddhirajgautam/Documents/Cherrygram-Mac/macOS-Swift/Telegram-Mac/AudioPlayerController.swift:987:17: warning: result of call to 'playOrPause()' is unused [#NoUsage]
 985 |                 dequeueCurrent()
 986 |             } else {
 987 |                 playOrPause()
     |                 `- warning: result of call to 'playOrPause()' is unused [#NoUsage]
 988 |             }
 989 |             return true


SwiftCompile normal arm64 /Users/buddhirajgautam/Documents/Cherrygram-Mac/macOS-Swift/Telegram-Mac/WebappTransferDataController.swift (in target 'Telegram' from project 'Telegram')
    cd /Users/buddhirajgautam/Documents/Cherrygram-Mac/macOS-Swift
    builtin-SwiftPerFileCompile WebappTransferDataController.swift

SwiftCompile normal arm64 /Users/buddhirajgautam/Documents/Cherrygram-Mac/macOS-Swift/Telegram-Mac/NewPollController.swift (in target 'Telegram' from project 'Telegram')
    cd /Users/buddhirajgautam/Documents/Cherrygram-Mac/macOS-Swift
    builtin-SwiftPerFileCompile NewPollController.swift

SwiftCompile normal arm64 /Users/buddhirajgautam/Documents/Cherrygram-Mac/macOS-Swift/Telegram-Mac/BusinessLinksController.swift (in target 'Telegram' from project 'Telegram')
    cd /Users/buddhirajgautam/Documents/Cherrygram-Mac/macOS-Swift
    builtin-SwiftPerFileCompile BusinessLinksController.swift

SwiftCompile normal arm64 /Users/buddhirajgautam/Documents/Cherrygram-Mac/macOS-Swift/Telegram-Mac/Star_Subscription.swift (in target 'Telegram' from project 'Telegram')
    cd /Users/buddhirajgautam/Documents/Cherrygram-Mac/macOS-Swift
    builtin-SwiftPerFileCompile Star_Subscription.swift

SwiftCompile normal arm64 /Users/buddhirajgautam/Documents/Cherrygram-Mac/macOS-Swift/Telegram-Mac/GroupCallStatusBar.swift (in target 'Telegram' from project 'Telegram')
    cd /Users/buddhirajgautam/Documents/Cherrygram-Mac/macOS-Swift
    builtin-SwiftPerFileCompile GroupCallStatusBar.swift

SwiftCompile normal arm64 /Users/buddhirajgautam/Documents/Cherrygram-Mac/macOS-Swift/Telegram-Mac/InstantPageMedia.swift (in target 'Telegram' from project 'Telegram')
    cd /Users/buddhirajgautam/Documents/Cherrygram-Mac/macOS-Swift
    builtin-SwiftPerFileCompile InstantPageMedia.swift

SwiftCompile normal arm64 /Users/buddhirajgautam/Documents/Cherrygram-Mac/macOS-Swift/Telegram-Mac/InstantPageView.swift (in target 'Telegram' from project 'Telegram')
    cd /Users/buddhirajgautam/Documents/Cherrygram-Mac/macOS-Swift
    builtin-SwiftPerFileCompile InstantPageView.swift

SwiftCompile normal arm64 /Users/buddhirajgautam/Documents/Cherrygram-Mac/macOS-Swift/Telegram-Mac/RecentCallsViewController.swift (in target 'Telegram' from project 'Telegram')
    cd /Users/buddhirajgautam/Documents/Cherrygram-Mac/macOS-Swift
    builtin-SwiftPerFileCompile RecentCallsViewController.swift

SwiftCompile normal arm64 /Users/buddhirajgautam/Documents/Cherrygram-Mac/macOS-Swift/Telegram-Mac/MGalleryItem.swift (in target 'Telegram' from project 'Telegram')
    cd /Users/buddhirajgautam/Documents/Cherrygram-Mac/macOS-Swift
    builtin-SwiftPerFileCompile MGalleryItem.swift

SwiftCompile normal arm64 /Users/buddhirajgautam/Documents/Cherrygram-Mac/macOS-Swift/Telegram-Mac/ForumNameRowItem.swift (in target 'Telegram' from project 'Telegram')
    cd /Users/buddhirajgautam/Documents/Cherrygram-Mac/macOS-Swift
    builtin-SwiftPerFileCompile ForumNameRowItem.swift

SwiftCompile normal arm64 /Users/buddhirajgautam/Documents/Cherrygram-Mac/macOS-Swift/Telegram-Mac/ChatServiceRowView.swift (in target 'Telegram' from project 'Telegram')
    cd /Users/buddhirajgautam/Documents/Cherrygram-Mac/macOS-Swift
    builtin-SwiftPerFileCompile ChatServiceRowView.swift

SwiftCompile normal arm64 /Users/buddhirajgautam/Documents/Cherrygram-Mac/macOS-Swift/Telegram-Mac/MainViewController.swift (in target 'Telegram' from project 'Telegram')
    cd /Users/buddhirajgautam/Documents/Cherrygram-Mac/macOS-Swift
    builtin-SwiftPerFileCompile MainViewController.swift

SwiftCompile normal arm64 /Users/buddhirajgautam/Documents/Cherrygram-Mac/macOS-Swift/Telegram-Mac/InputSources.swift (in target 'Telegram' from project 'Telegram')
    cd /Users/buddhirajgautam/Documents/Cherrygram-Mac/macOS-Swift
    builtin-SwiftPerFileCompile InputSources.swift

SwiftCompile normal arm64 /Users/buddhirajgautam/Documents/Cherrygram-Mac/macOS-Swift/Telegram-Mac/Report.swift (in target 'Telegram' from project 'Telegram')
    cd /Users/buddhirajgautam/Documents/Cherrygram-Mac/macOS-Swift
    builtin-SwiftPerFileCompile Report.swift

SwiftCompile normal arm64 /Users/buddhirajgautam/Documents/Cherrygram-Mac/macOS-Swift/Telegram-Mac/WebAppSecureStorage.swift (in target 'Telegram' from project 'Telegram')
    cd /Users/buddhirajgautam/Documents/Cherrygram-Mac/macOS-Swift
    builtin-SwiftPerFileCompile WebAppSecureStorage.swift

SwiftCompile normal arm64 /Users/buddhirajgautam/Documents/Cherrygram-Mac/macOS-Swift/Telegram-Mac/ForgotPasswordController.swift (in target 'Telegram' from project 'Telegram')
    cd /Users/buddhirajgautam/Documents/Cherrygram-Mac/macOS-Swift
    builtin-SwiftPerFileCompile ForgotPasswordController.swift

SwiftCompile normal arm64 /Users/buddhirajgautam/Documents/Cherrygram-Mac/macOS-Swift/Telegram-Mac/GalleryViewer.swift (in target 'Telegram' from project 'Telegram')
    cd /Users/buddhirajgautam/Documents/Cherrygram-Mac/macOS-Swift
    builtin-SwiftPerFileCompile GalleryViewer.swift

SwiftCompile normal arm64 /Users/buddhirajgautam/Documents/Cherrygram-Mac/macOS-Swift/Telegram-Mac/ChannelMemberCategoryListContext.swift (in target 'Telegram' from project 'Telegram')
    cd /Users/buddhirajgautam/Documents/Cherrygram-Mac/macOS-Swift
    builtin-SwiftPerFileCompile ChannelMemberCategoryListContext.swift

SwiftCompile normal arm64 /Users/buddhirajgautam/Documents/Cherrygram-Mac/macOS-Swift/Telegram-Mac/LocationSendCurrentItem.swift (in target 'Telegram' from project 'Telegram')
    cd /Users/buddhirajgautam/Documents/Cherrygram-Mac/macOS-Swift
    builtin-SwiftPerFileCompile LocationSendCurrentItem.swift

SwiftCompile normal arm64 /Users/buddhirajgautam/Documents/Cherrygram-Mac/macOS-Swift/Telegram-Mac/AudioPlayerController.swift (in target 'Telegram' from project 'Telegram')
    cd /Users/buddhirajgautam/Documents/Cherrygram-Mac/macOS-Swift
    builtin-SwiftPerFileCompile AudioPlayerController.swift

SwiftCompile normal arm64 /Users/buddhirajgautam/Documents/Cherrygram-Mac/macOS-Swift/Telegram-Mac/Star_TransactionRowItem.swift (in target 'Telegram' from project 'Telegram')
    cd /Users/buddhirajgautam/Documents/Cherrygram-Mac/macOS-Swift
    builtin-SwiftPerFileCompile Star_TransactionRowItem.swift

SwiftCompile normal arm64 /Users/buddhirajgautam/Documents/Cherrygram-Mac/macOS-Swift/Telegram-Mac/GeminiService.swift (in target 'Telegram' from project 'Telegram')
    cd /Users/buddhirajgautam/Documents/Cherrygram-Mac/macOS-Swift
    builtin-SwiftPerFileCompile GeminiService.swift

SwiftCompile normal arm64 /Users/buddhirajgautam/Documents/Cherrygram-Mac/macOS-Swift/Telegram-Mac/CherrygramSettingsViewController.swift (in target 'Telegram' from project 'Telegram')
    cd /Users/buddhirajgautam/Documents/Cherrygram-Mac/macOS-Swift
    builtin-SwiftPerFileCompile CherrygramSettingsViewController.swift

SwiftCompile normal arm64 /Users/buddhirajgautam/Library/Developer/Xcode/DerivedData/Telegram-Mac-fygdgghdgmuleoelvxabfmqiotta/Build/Intermediates.noindex/Telegram.build/Debug/Telegram.build/DerivedSources/GeneratedAssetSymbols.swift (in target 'Telegram' from project 'Telegram')
    cd /Users/buddhirajgautam/Documents/Cherrygram-Mac/macOS-Swift
    builtin-SwiftPerFileCompile GeneratedAssetSymbols.swift

SwiftCompile normal arm64 Compiling\ ChatStickerContentView.swift,\ ContextHashtagRowItem.swift,\ Extensions.swift,\ FileDownload.swift,\ LiveLocationViewController.swift,\ EmptyComposeController.swift,\ ChatListTextActionRowItem.swift,\ Auth_CodeEntryContol.swift,\ WidgetView.swift,\ StoryControlsView.swift,\ ChatUserInfoRowItem.swift,\ SuggetMessageModalController.swift,\ PrettyGridUtils.swift,\ QuickSwitcherModalController.swift,\ ChannelEventLogController.swift,\ SendingClockProgress.swift,\ InstantPageAudioItem.swift,\ PremiumDiamondSceneView.swift,\ PeerRequestJoinRowItem.swift,\ VoipDerivedState.swift,\ ForumUIMethods.swift,\ HashtagSearchGlobalChatContents.swift,\ EmojiToleranceController.swift,\ ChatInputAccessory.swift /Users/buddhirajgautam/Documents/Cherrygram-Mac/macOS-Swift/Telegram-Mac/ChatStickerContentView.swift /Users/buddhirajgautam/Documents/Cherrygram-Mac/macOS-Swift/Telegram-Mac/ContextHashtagRowItem.swift /Users/buddhirajgautam/Documents/Cherrygram-Mac/macOS-Swift/Telegram-Mac/Extensions.swift /Users/buddhirajgautam/Documents/Cherrygram-Mac/macOS-Swift/Telegram-Mac/FileDownload.swift /Users/buddhirajgautam/Documents/Cherrygram-Mac/macOS-Swift/Telegram-Mac/LiveLocationViewController.swift /Users/buddhirajgautam/Documents/Cherrygram-Mac/macOS-Swift/Telegram-Mac/EmptyComposeController.swift /Users/buddhirajgautam/Documents/Cherrygram-Mac/macOS-Swift/Telegram-Mac/ChatListTextActionRowItem.swift /Users/buddhirajgautam/Documents/Cherrygram-Mac/macOS-Swift/Telegram-Mac/Auth_CodeEntryContol.swift /Users/buddhirajgautam/Documents/Cherrygram-Mac/macOS-Swift/Telegram-Mac/WidgetView.swift /Users/buddhirajgautam/Documents/Cherrygram-Mac/macOS-Swift/Telegram-Mac/StoryControlsView.swift /Users/buddhirajgautam/Documents/Cherrygram-Mac/macOS-Swift/Telegram-Mac/ChatUserInfoRowItem.swift /Users/buddhirajgautam/Documents/Cherrygram-Mac/macOS-Swift/Telegram-Mac/suggest-post/SuggetMessageModalController.swift /Users/buddhirajgautam/Documents/Cherrygram-Mac/macOS-Swift/Telegram-Mac/PrettyGridUtils.swift /Users/buddhirajgautam/Documents/Cherrygram-Mac/macOS-Swift/Telegram-Mac/QuickSwitcherModalController.swift /Users/buddhirajgautam/Documents/Cherrygram-Mac/macOS-Swift/Telegram-Mac/ChannelEventLogController.swift /Users/buddhirajgautam/Documents/Cherrygram-Mac/macOS-Swift/Telegram-Mac/SendingClockProgress.swift /Users/buddhirajgautam/Documents/Cherrygram-Mac/macOS-Swift/Telegram-Mac/InstantPageAudioItem.swift /Users/buddhirajgautam/Documents/Cherrygram-Mac/macOS-Swift/Telegram-Mac/PremiumDiamondSceneView.swift /Users/buddhirajgautam/Documents/Cherrygram-Mac/macOS-Swift/Telegram-Mac/PeerRequestJoinRowItem.swift /Users/buddhirajgautam/Documents/Cherrygram-Mac/macOS-Swift/Telegram-Mac/VoipDerivedState.swift /Users/buddhirajgautam/Documents/Cherrygram-Mac/macOS-Swift/Telegram-Mac/ForumUIMethods.swift /Users/buddhirajgautam/Documents/Cherrygram-Mac/macOS-Swift/Telegram-Mac/HashtagSearchGlobalChatContents.swift /Users/buddhirajgautam/Documents/Cherrygram-Mac/macOS-Swift/Telegram-Mac/EmojiToleranceController.swift /Users/buddhirajgautam/Documents/Cherrygram-Mac/macOS-Swift/Telegram-Mac/ChatInputAccessory.swift (in target 'Telegram' from project 'Telegram')
/Users/buddhirajgautam/Documents/Cherrygram-Mac/macOS-Swift/Telegram-Mac/Extensions.swift:40:13: warning: variable 'things' was never mutated; consider changing to 'let' constant [#VariableNeverMutated]
  38 | extension NSMutableAttributedString {
  39 |     func detectLinks(type:ParsingType, onlyInApp: Bool = false, context:AccountContext? = nil, color:NSColor = theme.colors.link, openInfo:((PeerId, Bool, MessageId?, ChatInitialAction?)->Void)? = nil, hashtag:((String)->Void)? = nil, command:((String)->Void)? = nil, applyProxy:((ProxyServerSettings)->Void)? = nil, dotInMention: Bool = false) -> Void {
  40 |         var things = ObjcUtils.textCheckingResults(forText: self.string, highlightMentions: type.contains(.Mentions), highlightTags: type.contains(.Hashtags), highlightCommands: type.contains(.Commands), dotInMention: dotInMention)?.compactMap {
     |             `- warning: variable 'things' was never mutated; consider changing to 'let' constant [#VariableNeverMutated]
  41 |             return ($0 as? NSValue)?.rangeValue
  42 |         } ?? []

/Users/buddhirajgautam/Documents/Cherrygram-Mac/macOS-Swift/Telegram-Mac/Extensions.swift:130:13: warning: variable 'str' was never mutated; consider changing to 'let' constant [#VariableNeverMutated]
 128 | public extension String {
 129 |     var fixed:String {
 130 |         var str:String = self
     |             `- warning: variable 'str' was never mutated; consider changing to 'let' constant [#VariableNeverMutated]
 131 |         
 132 | //        str = str.replacingOccurrences(of: "✌", with: "✌️")

/Users/buddhirajgautam/Documents/Cherrygram-Mac/macOS-Swift/Telegram-Mac/Extensions.swift:1738:30: warning: 'index(of:)' is deprecated: renamed to 'firstIndex(of:)' [#DeprecatedDeclaration]
1736 |                 if let query = emojiRevervedReplacements[emoji] {
1737 |                     let clue = EmojiClue(emoji: emoji, label: query, replacement: query)
1738 |                     if clues.index(of: clue) == nil {
     |                              |- warning: 'index(of:)' is deprecated: renamed to 'firstIndex(of:)' [#DeprecatedDeclaration]
     |                              `- note: use 'firstIndex(of:)' instead
1739 |                         clues.append(clue)
1740 |                     }

/Users/buddhirajgautam/Documents/Cherrygram-Mac/macOS-Swift/Telegram-Mac/Extensions.swift:1811:16: warning: value 'intersection' was defined but never used; consider replacing with boolean test [#NoUsage]
1809 |             rep += "\(chars[Int(char) % chars.count])"
1810 |         }
1811 |         if let intersection = NSMakeRange(0, string.length).intersection(range) {
     |                `- warning: value 'intersection' was defined but never used; consider replacing with boolean test [#NoUsage]
1812 |             return string.replacingCharacters(in: range, with: rep)
1813 |         } else {

/Users/buddhirajgautam/Documents/Cherrygram-Mac/macOS-Swift/Telegram-Mac/Extensions.swift:1923:81: warning: 'kUTTypePNG' was deprecated in macOS 12.0: Use UTTypePNG or UTType.png (swift) instead. [#DeprecatedDeclaration]
1921 |         
1922 |         
1923 |         if let colorDestination = CGImageDestinationCreateWithURL(url as CFURL, kUTTypePNG, 1, nil) {
     |                                                                                 `- warning: 'kUTTypePNG' was deprecated in macOS 12.0: Use UTTypePNG or UTType.png (swift) instead. [#DeprecatedDeclaration]
1924 |             
1925 |                         

/Users/buddhirajgautam/Documents/Cherrygram-Mac/macOS-Swift/Telegram-Mac/Extensions.swift:2241:13: warning: variable 'calendar' was never mutated; consider changing to 'let' constant [#VariableNeverMutated]
2239 | extension Date {
2240 |     var startOfDay: Date {
2241 |         var calendar = NSCalendar.current
     |             `- warning: variable 'calendar' was never mutated; consider changing to 'let' constant [#VariableNeverMutated]
2242 |         return calendar.startOfDay(for: self)
2243 |     }

/Users/buddhirajgautam/Documents/Cherrygram-Mac/macOS-Swift/Telegram-Mac/Extensions.swift:2255:13: warning: variable 'calendar' was never mutated; consider changing to 'let' constant [#VariableNeverMutated]
2253 |         components.day = 1
2254 |         components.second = -1
2255 |         var calendar = NSCalendar.current
     |             `- warning: variable 'calendar' was never mutated; consider changing to 'let' constant [#VariableNeverMutated]
2256 |         return calendar.date(byAdding: components, to: startOfDay)!
2257 |     }

/Users/buddhirajgautam/Documents/Cherrygram-Mac/macOS-Swift/Telegram-Mac/Extensions.swift:2401:77: warning: 'kUTTypeJPEG' was deprecated in macOS 12.0: Use UTTypeJPEG or UTType.jpeg (swift) instead. [#DeprecatedDeclaration]
2399 |     var jpegData: Data? {
2400 |         guard let mutableData = CFDataCreateMutable(nil, 0),
2401 |             let destination = CGImageDestinationCreateWithData(mutableData, kUTTypeJPEG, 1, nil) else { return nil }
     |                                                                             `- warning: 'kUTTypeJPEG' was deprecated in macOS 12.0: Use UTTypeJPEG or UTType.jpeg (swift) instead. [#DeprecatedDeclaration]
2402 |         CGImageDestinationAddImage(destination, self, nil)
2403 |         guard CGImageDestinationFinalize(destination) else { return nil }

/Users/buddhirajgautam/Library/Developer/Xcode/DerivedData/Telegram-Mac-fygdgghdgmuleoelvxabfmqiotta/Build/Intermediates.noindex/Telegram.build/Debug/Telegram.build/DerivedSources/GeneratedAssetSymbols.swift:1852:14: warning: The "Icon_Profile_Call" image asset name resolves to the symbol "iconProfileCall" which already exists. Try renaming the asset.
1850 |     static let iconProfileBoost = ImageResource(name: "Icon_Profile_Boost", bundle: resourceBundle)
1851 | 
1852 |     #warning("The \"Icon_Profile_Call\" image asset name resolves to the symbol \"iconProfileCall\" which already exists. Try renaming the asset.")
     |              `- warning: The "Icon_Profile_Call" image asset name resolves to the symbol "iconProfileCall" which already exists. Try renaming the asset.
1853 | 
1854 |     /// The "Icon_Profile_ChannelSign" asset catalog image resource.

/Users/buddhirajgautam/Library/Developer/Xcode/DerivedData/Telegram-Mac-fygdgghdgmuleoelvxabfmqiotta/Build/Intermediates.noindex/Telegram.build/Debug/Telegram.build/DerivedSources/GeneratedAssetSymbols.swift:2454:14: warning: The "Icon_Story_Repost" image asset name resolves to the symbol "iconStoryRepost" which already exists. Try renaming the asset.
2452 |     static let iconStoryInlineReactionShadow = ImageResource(name: "Icon_Story_InlineReaction_Shadow", bundle: resourceBundle)
2453 | 
2454 |     #warning("The \"Icon_Story_Repost\" image asset name resolves to the symbol \"iconStoryRepost\" which already exists. Try renaming the asset.")
     |              `- warning: The "Icon_Story_Repost" image asset name resolves to the symbol "iconStoryRepost" which already exists. Try renaming the asset.
2455 | 
2456 |     /// The "Icon_Story_Selected_Contacts" asset catalog image resource.

/Users/buddhirajgautam/Documents/Cherrygram-Mac/macOS-Swift/Telegram-Mac/suggest-post/SuggetMessageModalController.swift:203:9: warning: variable 'sectionId' was never mutated; consider changing to 'let' constant [#VariableNeverMutated]
201 |     var entries:[InputDataEntry] = []
202 |     
203 |     var sectionId:Int32 = 0
    |         `- warning: variable 'sectionId' was never mutated; consider changing to 'let' constant [#VariableNeverMutated]
204 |     var index: Int32 = 0
205 |     

/Users/buddhirajgautam/Documents/Cherrygram-Mac/macOS-Swift/Telegram-Mac/suggest-post/SuggetMessageModalController.swift:204:9: warning: variable 'index' was never mutated; consider changing to 'let' constant [#VariableNeverMutated]
202 |     
203 |     var sectionId:Int32 = 0
204 |     var index: Int32 = 0
    |         `- warning: variable 'index' was never mutated; consider changing to 'let' constant [#VariableNeverMutated]
205 |     
206 |     entries.append(.custom(sectionId: sectionId, index: index, value: .none, identifier: _id_header, equatable: .init(state), comparable: nil, item: { initialSize, stableId in

/Users/buddhirajgautam/Documents/Cherrygram-Mac/macOS-Swift/Telegram-Mac/suggest-post/SuggetMessageModalController.swift:229:9: warning: variable 'close' was written to, but never read
227 |     
228 |     var getController:(()->ViewController?)? = nil
229 |     var close:(()->Void)?
    |         `- warning: variable 'close' was written to, but never read
230 |     
231 |     var window:Window {

/Users/buddhirajgautam/Documents/Cherrygram-Mac/macOS-Swift/Telegram-Mac/PrettyGridUtils.swift:145:9: warning: variable 'dimensions' was never mutated; consider changing to 'let' constant [#VariableNeverMutated]
143 | func fitPrettyDimensions(_ dimensions:[NSSize], isLastRow:Bool, fitToHeight:Bool, perSize:NSSize) -> [NSSize] {
144 |     
145 |     var dimensions = dimensions
    |         `- warning: variable 'dimensions' was never mutated; consider changing to 'let' constant [#VariableNeverMutated]
146 |     
147 |     var maxHeight:CGFloat = perSize.height

/Users/buddhirajgautam/Documents/Cherrygram-Mac/macOS-Swift/Telegram-Mac/PrettyGridUtils.swift:337:9: warning: immutable value 'f' was never used; consider replacing with '_' or removing it [#NoUsage]
335 |     }
336 |     var fitted:[[NSSize]] = []
337 |     let f:Int = Int(round(initialSize.width / initialSize.height))
    |         `- warning: immutable value 'f' was never used; consider replacing with '_' or removing it [#NoUsage]
338 |     
339 |     let rowCount = Int(floor(initialSize.width / 100))

/Users/buddhirajgautam/Documents/Cherrygram-Mac/macOS-Swift/Telegram-Mac/QuickSwitcherModalController.swift:28:14: error: type 'QuickSwitcherStableId' does not conform to protocol 'Hashable'
 26 | }
 27 | 
 28 | private enum QuickSwitcherStableId : Hashable {
    |              `- error: type 'QuickSwitcherStableId' does not conform to protocol 'Hashable'
 29 |     case peerId(PeerId, SecretChatWrapper?)
    |                         `- note: associated value type 'SecretChatWrapper?' does not conform to protocol 'Hashable', preventing synthesized conformance of 'QuickSwitcherStableId' to 'Hashable'
 30 |     case separator(QuickSwitcherSeparator)
 31 |     case empty

/Users/buddhirajgautam/Documents/Cherrygram-Mac/macOS-Swift/Telegram-Mac/ChannelEventLogController.swift:21:1: warning: extension declares a conformance of imported type 'ChannelAdminEventLogEntry' to imported protocol 'Identifiable'; this will not behave correctly if the owners of 'TelegramCore' introduce this conformance in the future
 19 | 
 20 | 
 21 | extension ChannelAdminEventLogEntry : Identifiable {
    | |- warning: extension declares a conformance of imported type 'ChannelAdminEventLogEntry' to imported protocol 'Identifiable'; this will not behave correctly if the owners of 'TelegramCore' introduce this conformance in the future
    | `- note: add '@retroactive' to silence this warning
 22 | }
 23 | 

/Users/buddhirajgautam/Documents/Cherrygram-Mac/macOS-Swift/Telegram-Mac/ChatUrlPreviewModel.swift:18:12: warning: extraneous whitespace between attribute name and '('; this is an error in the Swift 6 language mode
16 |     private let webpageDisposable = MetaDisposable()
17 |     
18 |     private (set) var webpage: TelegramMediaWebpage
   |            `- warning: extraneous whitespace between attribute name and '('; this is an error in the Swift 6 language mode
19 |     private let url:String
20 |     init(context: AccountContext, webpage: TelegramMediaWebpage, url:String) {

[#DeprecatedDeclaration]: <https://docs.swift.org/compiler/documentation/diagnostics/deprecated-declaration>
[#NoUsage]: <https://docs.swift.org/compiler/documentation/diagnostics/no-usage>
[#VariableNeverMutated]: <https://docs.swift.org/compiler/documentation/diagnostics/variable-never-mutated>
Failed frontend command:
/Applications/Xcode.app/Contents/Developer/Toolchains/XcodeDefault.xctoolchain/usr/bin/swift-frontend -frontend -c -filelist /Users/buddhirajgautam/Library/Developer/Xcode/DerivedData/Telegram-Mac-fygdgghdgmuleoelvxabfmqiotta/Build/Intermediates.noindex/Telegram.build/Debug/Telegram.build/Objects-normal/arm64/sources-1 -primary-file /Users/buddhirajgautam/Documents/Cherrygram-Mac/macOS-Swift/Telegram-Mac/ChatStickerContentView.swift -primary-file /Users/buddhirajgautam/Documents/Cherrygram-Mac/macOS-Swift/Telegram-Mac/ContextHashtagRowItem.swift -primary-file /Users/buddhirajgautam/Documents/Cherrygram-Mac/macOS-Swift/Telegram-Mac/Extensions.swift -primary-file /Users/buddhirajgautam/Documents/Cherrygram-Mac/macOS-Swift/Telegram-Mac/FileDownload.swift -primary-file /Users/buddhirajgautam/Documents/Cherrygram-Mac/macOS-Swift/Telegram-Mac/LiveLocationViewController.swift -primary-file /Users/buddhirajgautam/Documents/Cherrygram-Mac/macOS-Swift/Telegram-Mac/EmptyComposeController.swift -primary-file /Users/buddhirajgautam/Documents/Cherrygram-Mac/macOS-Swift/Telegram-Mac/ChatListTextActionRowItem.swift -primary-file /Users/buddhirajgautam/Documents/Cherrygram-Mac/macOS-Swift/Telegram-Mac/Auth_CodeEntryContol.swift -primary-file /Users/buddhirajgautam/Documents/Cherrygram-Mac/macOS-Swift/Telegram-Mac/WidgetView.swift -primary-file /Users/buddhirajgautam/Documents/Cherrygram-Mac/macOS-Swift/Telegram-Mac/StoryControlsView.swift -primary-file /Users/buddhirajgautam/Documents/Cherrygram-Mac/macOS-Swift/Telegram-Mac/ChatUserInfoRowItem.swift -primary-file /Users/buddhirajgautam/Documents/Cherrygram-Mac/macOS-Swift/Telegram-Mac/suggest-post/SuggetMessageModalController.swift -primary-file /Users/buddhirajgautam/Documents/Cherrygram-Mac/macOS-Swift/Telegram-Mac/PrettyGridUtils.swift -primary-file /Users/buddhirajgautam/Documents/Cherrygram-Mac/macOS-Swift/Telegram-Mac/QuickSwitcherModalController.swift -primary-file /Users/buddhirajgautam/Documents/Cherrygram-Mac/macOS-Swift/Telegram-Mac/ChannelEventLogController.swift -primary-file /Users/buddhirajgautam/Documents/Cherrygram-Mac/macOS-Swift/Telegram-Mac/SendingClockProgress.swift -primary-file /Users/buddhirajgautam/Documents/Cherrygram-Mac/macOS-Swift/Telegram-Mac/InstantPageAudioItem.swift -primary-file /Users/buddhirajgautam/Documents/Cherrygram-Mac/macOS-Swift/Telegram-Mac/PremiumDiamondSceneView.swift -primary-file /Users/buddhirajgautam/Documents/Cherrygram-Mac/macOS-Swift/Telegram-Mac/PeerRequestJoinRowItem.swift -primary-file /Users/buddhirajgautam/Documents/Cherrygram-Mac/macOS-Swift/Telegram-Mac/VoipDerivedState.swift -primary-file /Users/buddhirajgautam/Documents/Cherrygram-Mac/macOS-Swift/Telegram-Mac/ForumUIMethods.swift -primary-file /Users/buddhirajgautam/Documents/Cherrygram-Mac/macOS-Swift/Telegram-Mac/HashtagSearchGlobalChatContents.swift -primary-file /Users/buddhirajgautam/Documents/Cherrygram-Mac/macOS-Swift/Telegram-Mac/EmojiToleranceController.swift -primary-file /Users/buddhirajgautam/Documents/Cherrygram-Mac/macOS-Swift/Telegram-Mac/ChatInputAccessory.swift -supplementary-output-file-map /Users/buddhirajgautam/Library/Developer/Xcode/DerivedData/Telegram-Mac-fygdgghdgmuleoelvxabfmqiotta/Build/Intermediates.noindex/Telegram.build/Debug/Telegram.build/Objects-normal/arm64/supplementaryOutputs-35 -target arm64-apple-macos12.0 -module-can-import-version AppKit 2775.10.103.1 2775.10.103 -module-can-import-version DeveloperToolsSupport 24.0.24 24.0.24 -module-can-import-version SwiftUI 8.0.84.1 8.0.84 -disable-cross-import-overlay-search -swift-module-cross-import AVKit /Applications/Xcode.app/Contents/Developer/Platforms/MacOSX.platform/Developer/SDKs/MacOSX.sdk/System/Library/Frameworks/AVKit.framework/Modules/AVKit.swiftcrossimport/SwiftUI.swiftoverlay -swift-module-cross-import AVKit /Applications/Xcode.app/Contents/Developer/Platforms/MacOSX.platform/Developer/SDKs/MacOSX27.0.sdk/System/Library/Frameworks/AVKit.framework/Modules/AVKit.swiftcrossimport/SwiftUI.swiftoverlay -swift-module-cross-import AppIntents /Applications/Xcode.app/Contents/Developer/Platforms/MacOSX.platform/Developer/SDKs/MacOSX.sdk/System/Library/Frameworks/AppIntents.framework/Modules/AppIntents.swiftcrossimport/AppKit.swiftoverlay -swift-module-cross-import AppIntents /Applications/Xcode.app/Contents/Developer/Platforms/MacOSX.platform/Developer/SDKs/MacOSX.sdk/System/Library/Frameworks/AppIntents.framework/Modules/AppIntents.swiftcrossimport/HealthKit.swiftoverlay -swift-module-cross-import AppIntents /Applications/Xcode.app/Contents/Developer/Platforms/MacOSX.platform/Developer/SDKs/MacOSX.sdk/System/Library/Frameworks/AppIntents.framework/Modules/AppIntents.swiftcrossimport/SwiftUI.swiftoverlay -swift-module-cross-import AppIntents /Applications/Xcode.app/Contents/Developer/Platforms/MacOSX.platform/Developer/SDKs/MacOSX.sdk/System/Library/Frameworks/AppIntents.framework/Modules/AppIntents.swiftcrossimport/UIKit.swiftoverlay -swift-module-cross-import AppIntents /Applications/Xcode.app/Contents/Developer/Platforms/MacOSX.platform/Developer/SDKs/MacOSX27.0.sdk/System/Library/Frameworks/AppIntents.framework/Modules/AppIntents.swiftcrossimport/AppKit.swiftoverlay -swift-module-cross-import AppIntents /Applications/Xcode.app/Contents/Developer/Platforms/MacOSX.platform/Developer/SDKs/MacOSX27.0.sdk/System/Library/Frameworks/AppIntents.framework/Modules/AppIntents.swiftcrossimport/HealthKit.swiftoverlay -swift-module-cross-import AppIntents /Applications/Xcode.app/Contents/Developer/Platforms/MacOSX.platform/Developer/SDKs/MacOSX27.0.sdk/System/Library/Frameworks/AppIntents.framework/Modules/AppIntents.swiftcrossimport/SwiftUI.swiftoverlay -swift-module-cross-import AppIntents /Applications/Xcode.app/Contents/Developer/Platforms/MacOSX.platform/Developer/SDKs/MacOSX27.0.sdk/System/Library/Frameworks/AppIntents.framework/Modules/AppIntents.swiftcrossimport/UIKit.swiftoverlay -swift-module-cross-import Contacts /Applications/Xcode.app/Contents/Developer/Platforms/MacOSX.platform/Developer/SDKs/MacOSX.sdk/System/Library/Frameworks/Contacts.framework/Modules/Contacts.swiftcrossimport/AppIntents.swiftoverlay -swift-module-cross-import Contacts /Applications/Xcode.app/Contents/Developer/Platforms/MacOSX.platform/Developer/SDKs/MacOSX27.0.sdk/System/Library/Frameworks/Contacts.framework/Modules/Contacts.swiftcrossimport/AppIntents.swiftoverlay -swift-module-cross-import CoreSpotlight /Applications/Xcode.app/Contents/Developer/Platforms/MacOSX.platform/Developer/SDKs/MacOSX.sdk/System/Library/Frameworks/CoreSpotlight.framework/Modules/CoreSpotlight.swiftcrossimport/FoundationModels.swiftoverlay -swift-module-cross-import CoreSpotlight /Applications/Xcode.app/Contents/Developer/Platforms/MacOSX.platform/Developer/SDKs/MacOSX27.0.sdk/System/Library/Frameworks/CoreSpotlight.framework/Modules/CoreSpotlight.swiftcrossimport/FoundationModels.swiftoverlay -swift-module-cross-import LocalAuthentication /Applications/Xcode.app/Contents/Developer/Platforms/MacOSX.platform/Developer/SDKs/MacOSX.sdk/System/Library/Frameworks/LocalAuthentication.framework/Modules/LocalAuthentication.swiftcrossimport/SwiftUI.swiftoverlay -swift-module-cross-import LocalAuthentication /Applications/Xcode.app/Contents/Developer/Platforms/MacOSX.platform/Developer/SDKs/MacOSX27.0.sdk/System/Library/Frameworks/LocalAuthentication.framework/Modules/LocalAuthentication.swiftcrossimport/SwiftUI.swiftoverlay -swift-module-cross-import MapKit /Applications/Xcode.app/Contents/Developer/Platforms/MacOSX.platform/Developer/SDKs/MacOSX.sdk/System/Library/Frameworks/MapKit.framework/Modules/MapKit.swiftcrossimport/SwiftUI.swiftoverlay -swift-module-cross-import MapKit /Applications/Xcode.app/Contents/Developer/Platforms/MacOSX.platform/Developer/SDKs/MacOSX27.0.sdk/System/Library/Frameworks/MapKit.framework/Modules/MapKit.swiftcrossimport/SwiftUI.swiftoverlay -swift-module-cross-import MediaPlayer /Applications/Xcode.app/Contents/Developer/Platforms/MacOSX.platform/Developer/SDKs/MacOSX.sdk/System/Library/Frameworks/MediaPlayer.framework/Modules/MediaPlayer.swiftcrossimport/AppIntents.swiftoverlay -swift-module-cross-import MediaPlayer /Applications/Xcode.app/Contents/Developer/Platforms/MacOSX.platform/Developer/SDKs/MacOSX27.0.sdk/System/Library/Frameworks/MediaPlayer.framework/Modules/MediaPlayer.swiftcrossimport/AppIntents.swiftoverlay -swift-module-cross-import QuickLook /Applications/Xcode.app/Contents/Developer/Platforms/MacOSX.platform/Developer/SDKs/MacOSX.sdk/System/Library/Frameworks/QuickLook.framework/Modules/QuickLook.swiftcrossimport/SwiftUI.swiftoverlay -swift-module-cross-import SceneKit /Applications/Xcode.app/Contents/Developer/Platforms/MacOSX.platform/Developer/SDKs/MacOSX.sdk/System/Library/Frameworks/SceneKit.framework/Modules/SceneKit.swiftcrossimport/SwiftUI.swiftoverlay -swift-module-cross-import UserNotifications /Applications/Xcode.app/Contents/Developer/Platforms/MacOSX.platform/Developer/SDKs/MacOSX.sdk/System/Library/Frameworks/UserNotifications.framework/Modules/UserNotifications.swiftcrossimport/AppIntents.swiftoverlay -swift-module-cross-import WebKit /Applications/Xcode.app/Contents/Developer/Platforms/MacOSX.platform/Developer/SDKs/MacOSX.sdk/System/Cryptexes/OS/System/Library/Frameworks/WebKit.framework/Modules/WebKit.swiftcrossimport/SwiftUI.swiftoverlay -swift-module-cross-import WebKit /Applications/Xcode.app/Contents/Developer/Platforms/MacOSX.platform/Developer/SDKs/MacOSX27.0.sdk/System/Library/Frameworks/WebKit.framework/Modules/WebKit.swiftcrossimport/SwiftUI.swiftoverlay -load-resolved-plugin /Applications/Xcode.app/Contents/Developer/Platforms/MacOSX.platform/Developer/usr/lib/swift/host/plugins/libAppIntentsMacros.dylib\#/Applications/Xcode.app/Contents/Developer/Platforms/MacOSX.platform/Developer/usr/bin/swift-plugin-server\#AppIntentsMacros -load-resolved-plugin /Applications/Xcode.app/Contents/Developer/Platforms/MacOSX.platform/Developer/usr/lib/swift/host/plugins/libFoundationMacros.dylib\#/Applications/Xcode.app/Contents/Developer/Platforms/MacOSX.platform/Developer/usr/bin/swift-plugin-server\#FoundationMacros -load-resolved-plugin /Applications/Xcode.app/Contents/Developer/Platforms/MacOSX.platform/Developer/usr/lib/swift/host/plugins/libObservationMacros.dylib\#/Applications/Xcode.app/Contents/Developer/Platforms/MacOSX.platform/Developer/usr/bin/swift-plugin-server\#ObservationMacros -load-resolved-plugin /Applications/Xcode.app/Contents/Developer/Platforms/MacOSX.platform/Developer/usr/lib/swift/host/plugins/libPreviewsMacros.dylib\#/Applications/Xcode.app/Contents/Developer/Platforms/MacOSX.platform/Developer/usr/bin/swift-plugin-server\#PreviewsMacros -load-resolved-plugin /Applications/Xcode.app/Contents/Developer/Platforms/MacOSX.platform/Developer/usr/lib/swift/host/plugins/libSwiftMacros.dylib\#/Applications/Xcode.app/Contents/Developer/Platforms/MacOSX.platform/Developer/usr/bin/swift-plugin-server\#SwiftMacros -load-resolved-plugin /Applications/Xcode.app/Contents/Developer/Platforms/MacOSX.platform/Developer/usr/lib/swift/host/plugins/libSwiftUIMacros.dylib\#/Applications/Xcode.app/Contents/Developer/Platforms/MacOSX.platform/Developer/usr/bin/swift-plugin-server\#SwiftUIMacros -disable-implicit-swift-modules -Xcc -fno-implicit-modules -Xcc -fno-implicit-module-maps -explicit-swift-module-map-file /Users/buddhirajgautam/Library/Developer/Xcode/DerivedData/Telegram-Mac-fygdgghdgmuleoelvxabfmqiotta/Build/Intermediates.noindex/Telegram.build/Debug/Telegram.build/Objects-normal/arm64/Telegram-dependencies-1.json -Xllvm -aarch64-use-tbi -enable-objc-interop -stack-check -sdk /Applications/Xcode.app/Contents/Developer/Platforms/MacOSX.platform/Developer/SDKs/MacOSX27.0.sdk -I /Users/buddhirajgautam/Library/Developer/Xcode/DerivedData/Telegram-Mac-fygdgghdgmuleoelvxabfmqiotta/Build/Products/Debug -F /Users/buddhirajgautam/Library/Developer/Xcode/DerivedData/Telegram-Mac-fygdgghdgmuleoelvxabfmqiotta/Build/Products/Debug/PackageFrameworks -F /Users/buddhirajgautam/Library/Developer/Xcode/DerivedData/Telegram-Mac-fygdgghdgmuleoelvxabfmqiotta/Build/Products/Debug -F /Users/buddhirajgautam/Documents/Cherrygram-Mac/macOS-Swift -F /Applications/Xcode.app/Contents/Developer/Platforms/MacOSX.platform/Developer/SDKs/MacOSX27.0.sdk/System/Library/PrivateFrameworks -F /Users/buddhirajgautam/Documents/Cherrygram-Mac/macOS-Swift/submodules -F /Users/buddhirajgautam/Documents/Cherrygram-Mac/macOS-Swift/submodules/AppCenter -module-cache-path /Users/buddhirajgautam/Library/Developer/Xcode/DerivedData/Telegram-Mac-fygdgghdgmuleoelvxabfmqiotta/Build/Intermediates.noindex/SwiftExplicitPrecompiledModules -no-color-diagnostics -Xcc -fno-color-diagnostics -g -debug-info-format\=dwarf -dwarf-version\=4 -profile-generate -profile-coverage-mapping -swift-version 5 -enforce-exclusivity\=unchecked -Onone -D DEBUG -D BETA -serialize-debugging-options -disable-reflection-metadata -enable-experimental-feature DebugDescriptionMacro -enable-bare-slash-regex -empty-abi-descriptor -validate-clang-modules-once -clang-build-session-file /Users/buddhirajgautam/Library/Developer/Xcode/DerivedData/ModuleCache.noindex/Session.modulevalidation -Xcc -working-directory -Xcc /Users/buddhirajgautam/Documents/Cherrygram-Mac/macOS-Swift -enable-anonymous-context-mangled-names -file-compilation-dir /Users/buddhirajgautam/Documents/Cherrygram-Mac/macOS-Swift -Xcc -fmodule-map-file\=/Users/buddhirajgautam/Library/Developer/Xcode/DerivedData/Telegram-Mac-fygdgghdgmuleoelvxabfmqiotta/Build/Intermediates.noindex/GeneratedModuleMaps/HotKey.modulemap -Xcc -fmodule-map-file\=/Users/buddhirajgautam/Library/Developer/Xcode/DerivedData/Telegram-Mac-fygdgghdgmuleoelvxabfmqiotta/Build/Intermediates.noindex/GeneratedModuleMaps/sqlcipher.modulemap -Xcc -fmodule-map-file\=/Users/buddhirajgautam/Library/Developer/Xcode/DerivedData/Telegram-Mac-fygdgghdgmuleoelvxabfmqiotta/Build/Intermediates.noindex/GeneratedModuleMaps/StringTransliteration.modulemap -Xcc -fmodule-map-file\=/Users/buddhirajgautam/Library/Developer/Xcode/DerivedData/Telegram-Mac-fygdgghdgmuleoelvxabfmqiotta/Build/Intermediates.noindex/GeneratedModuleMaps/Crc32.modulemap -Xcc -fmodule-map-file\=/Users/buddhirajgautam/Library/Developer/Xcode/DerivedData/Telegram-Mac-fygdgghdgmuleoelvxabfmqiotta/Build/Intermediates.noindex/GeneratedModuleMaps/minizip.modulemap -Xcc -fmodule-map-file\=/Users/buddhirajgautam/Library/Developer/Xcode/DerivedData/Telegram-Mac-fygdgghdgmuleoelvxabfmqiotta/Build/Intermediates.noindex/GeneratedModuleMaps/libphonenumber.modulemap -Xcc -fmodule-map-file\=/Users/buddhirajgautam/Library/Developer/Xcode/DerivedData/Telegram-Mac-fygdgghdgmuleoelvxabfmqiotta/Build/Intermediates.noindex/GeneratedModuleMaps/MurMurHash32.modulemap -Xcc -fmodule-map-file\=/Users/buddhirajgautam/Library/Developer/Xcode/DerivedData/Telegram-Mac-fygdgghdgmuleoelvxabfmqiotta/Build/Intermediates.noindex/GeneratedModuleMaps/Stripe.modulemap -Xcc -fmodule-map-file\=/Users/buddhirajgautam/Library/Developer/Xcode/DerivedData/Telegram-Mac-fygdgghdgmuleoelvxabfmqiotta/Build/Intermediates.noindex/GeneratedModuleMaps/FastBlur.modulemap -Xcc -fmodule-map-file\=/Users/buddhirajgautam/Library/Developer/Xcode/DerivedData/Telegram-Mac-fygdgghdgmuleoelvxabfmqiotta/Build/Intermediates.noindex/GeneratedModuleMaps/TGCurrencyFormatter.modulemap -Xcc -fmodule-map-file\=/Users/buddhirajgautam/Library/Developer/Xcode/DerivedData/Telegram-Mac-fygdgghdgmuleoelvxabfmqiotta/Build/Intermediates.noindex/GeneratedModuleMaps/FFMpegBinding.modulemap -Xcc -fmodule-map-file\=/Users/buddhirajgautam/Library/Developer/Xcode/DerivedData/Telegram-Mac-fygdgghdgmuleoelvxabfmqiotta/Build/Intermediates.noindex/GeneratedModuleMaps/TgVoipWebrtc.modulemap -Xcc -fmodule-map-file\=/Users/buddhirajgautam/Library/Developer/Xcode/DerivedData/Telegram-Mac-fygdgghdgmuleoelvxabfmqiotta/Build/Intermediates.noindex/GeneratedModuleMaps/rnoise.modulemap -Xcc -fmodule-map-file\=/Users/buddhirajgautam/Library/Developer/Xcode/DerivedData/Telegram-Mac-fygdgghdgmuleoelvxabfmqiotta/Build/Intermediates.noindex/GeneratedModuleMaps/YuvConversion.modulemap -Xcc -fmodule-map-file\=/Users/buddhirajgautam/Library/Developer/Xcode/DerivedData/Telegram-Mac-fygdgghdgmuleoelvxabfmqiotta/Build/Intermediates.noindex/GeneratedModuleMaps/NetworkLogging.modulemap -Xcc -fmodule-map-file\=/Users/buddhirajgautam/Library/Developer/Xcode/DerivedData/Telegram-Mac-fygdgghdgmuleoelvxabfmqiotta/Build/Intermediates.noindex/GeneratedModuleMaps/DarwinDirStat.modulemap -Xcc -fmodule-map-file\=/Users/buddhirajgautam/Library/Developer/Xcode/DerivedData/Telegram-Mac-fygdgghdgmuleoelvxabfmqiotta/Build/Intermediates.noindex/GeneratedModuleMaps/LegacyReachability.modulemap -Xcc -fmodule-map-file\=/Users/buddhirajgautam/Library/Developer/Xcode/DerivedData/Telegram-Mac-fygdgghdgmuleoelvxabfmqiotta/Build/Intermediates.noindex/GeneratedModuleMaps/DateUtils.modulemap -Xcc -fmodule-map-file\=/Users/buddhirajgautam/Library/Developer/Xcode/DerivedData/Telegram-Mac-fygdgghdgmuleoelvxabfmqiotta/Build/Intermediates.noindex/GeneratedModuleMaps/NumberPluralization.modulemap -Xcc -fmodule-map-file\=/Users/buddhirajgautam/Library/Developer/Xcode/DerivedData/Telegram-Mac-fygdgghdgmuleoelvxabfmqiotta/Build/Intermediates.noindex/GeneratedModuleMaps/TGModernGrowingTextView.modulemap -Xcc -fmodule-map-file\=/Users/buddhirajgautam/Library/Developer/Xcode/DerivedData/Telegram-Mac-fygdgghdgmuleoelvxabfmqiotta/Build/Intermediates.noindex/GeneratedModuleMaps/HackUtils.modulemap -Xcc -fmodule-map-file\=/Users/buddhirajgautam/Library/Developer/Xcode/DerivedData/Telegram-Mac-fygdgghdgmuleoelvxabfmqiotta/Build/Intermediates.noindex/GeneratedModuleMaps/InAppVideoServices.modulemap -Xcc -fmodule-map-file\=/Users/buddhirajgautam/Library/Developer/Xcode/DerivedData/Telegram-Mac-fygdgghdgmuleoelvxabfmqiotta/Build/Intermediates.noindex/GeneratedModuleMaps/ShelfPack.modulemap -Xcc -fmodule-map-file\=/Users/buddhirajgautam/Library/Developer/Xcode/DerivedData/Telegram-Mac-fygdgghdgmuleoelvxabfmqiotta/Build/Intermediates.noindex/GeneratedModuleMaps/Mozjpeg.modulemap -Xcc -fmodule-map-file\=/Users/buddhirajgautam/Library/Developer/Xcode/DerivedData/Telegram-Mac-fygdgghdgmuleoelvxabfmqiotta/Build/Intermediates.noindex/GeneratedModuleMaps/TdBinding.modulemap -Xcc -fmodule-map-file\=/Users/buddhirajgautam/Library/Developer/Xcode/DerivedData/Telegram-Mac-fygdgghdgmuleoelvxabfmqiotta/Build/Intermediates.noindex/GeneratedModuleMaps/LokiRng.modulemap -Xcc -fmodule-map-file\=/Users/buddhirajgautam/Library/Developer/Xcode/DerivedData/Telegram-Mac-fygdgghdgmuleoelvxabfmqiotta/Build/Intermediates.noindex/GeneratedModuleMaps/CryptoUtils.modulemap -Xcc -fmodule-map-file\=/Users/buddhirajgautam/Library/Developer/Xcode/DerivedData/Telegram-Mac-fygdgghdgmuleoelvxabfmqiotta/Build/Intermediates.noindex/GeneratedModuleMaps/BuildConfig.modulemap -Xcc -fmodule-map-file\=/Users/buddhirajgautam/Library/Developer/Xcode/DerivedData/Telegram-Mac-fygdgghdgmuleoelvxabfmqiotta/Build/Intermediates.noindex/GeneratedModuleMaps/OpenSSLEncryption.modulemap -Xcc -fmodule-map-file\=/Users/buddhirajgautam/Library/Developer/Xcode/DerivedData/Telegram-Mac-fygdgghdgmuleoelvxabfmqiotta/Build/Intermediates.noindex/GeneratedModuleMaps/EDSunriseSet.modulemap -Xcc -fmodule-map-file\=/Users/buddhirajgautam/Library/Developer/Xcode/DerivedData/Telegram-Mac-fygdgghdgmuleoelvxabfmqiotta/Build/Intermediates.noindex/GeneratedModuleMaps/OCR.modulemap -Xcc -fmodule-map-file\=/Users/buddhirajgautam/Library/Developer/Xcode/DerivedData/Telegram-Mac-fygdgghdgmuleoelvxabfmqiotta/Build/Intermediates.noindex/GeneratedModuleMaps/GoogleDataTransport.modulemap -Xcc -fmodule-map-file\=/Users/buddhirajgautam/Library/Developer/Xcode/DerivedData/Telegram-Mac-fygdgghdgmuleoelvxabfmqiotta/Build/Intermediates.noindex/GeneratedModuleMaps/FirebaseCrashlytics.modulemap -Xcc -fmodule-map-file\=/Users/buddhirajgautam/Library/Developer/Xcode/DerivedData/Telegram-Mac-fygdgghdgmuleoelvxabfmqiotta/Build/Intermediates.noindex/GeneratedModuleMaps/CalendarUtils.modulemap -Xcc -fmodule-map-file\=/Users/buddhirajgautam/Library/Developer/Xcode/DerivedData/Telegram-Mac-fygdgghdgmuleoelvxabfmqiotta/SourcePackages/checkouts/promises/Sources/FBLPromises/include/module.modulemap -Xcc -fmodule-map-file\=/Users/buddhirajgautam/Library/Developer/Xcode/DerivedData/Telegram-Mac-fygdgghdgmuleoelvxabfmqiotta/Build/Intermediates.noindex/GeneratedModuleMaps/GoogleUtilities-UserDefaults.modulemap -Xcc -fmodule-map-file\=/Users/buddhirajgautam/Library/Developer/Xcode/DerivedData/Telegram-Mac-fygdgghdgmuleoelvxabfmqiotta/Build/Intermediates.noindex/GeneratedModuleMaps/GoogleAppMeasurementTarget.modulemap -Xcc -fmodule-map-file\=/Users/buddhirajgautam/Library/Developer/Xcode/DerivedData/Telegram-Mac-fygdgghdgmuleoelvxabfmqiotta/Build/Intermediates.noindex/GeneratedModuleMaps/GoogleUtilities-AppDelegateSwizzler.modulemap -Xcc -fmodule-map-file\=/Users/buddhirajgautam/Library/Developer/Xcode/DerivedData/Telegram-Mac-fygdgghdgmuleoelvxabfmqiotta/Build/Intermediates.noindex/GeneratedModuleMaps/GoogleUtilities-MethodSwizzler.modulemap -Xcc -fmodule-map-file\=/Users/buddhirajgautam/Library/Developer/Xcode/DerivedData/Telegram-Mac-fygdgghdgmuleoelvxabfmqiotta/Build/Intermediates.noindex/GeneratedModuleMaps/GoogleUtilities-Reachability.modulemap -Xcc -fmodule-map-file\=/Users/buddhirajgautam/Library/Developer/Xcode/DerivedData/Telegram-Mac-fygdgghdgmuleoelvxabfmqiotta/Build/Intermediates.noindex/GeneratedModuleMaps/GoogleUtilities-NSData.modulemap -Xcc -fmodule-map-file\=/Users/buddhirajgautam/Library/Developer/Xcode/DerivedData/Telegram-Mac-fygdgghdgmuleoelvxabfmqiotta/Build/Intermediates.noindex/GeneratedModuleMaps/GoogleUtilities-Logger.modulemap -Xcc -fmodule-map-file\=/Users/buddhirajgautam/Library/Developer/Xcode/DerivedData/Telegram-Mac-fygdgghdgmuleoelvxabfmqiotta/Build/Intermediates.noindex/GeneratedModuleMaps/GoogleUtilities-Environment.modulemap -Xcc -fmodule-map-file\=/Users/buddhirajgautam/Library/Developer/Xcode/DerivedData/Telegram-Mac-fygdgghdgmuleoelvxabfmqiotta/Build/Intermediates.noindex/GeneratedModuleMaps/third-party-IsAppEncrypted.modulemap -Xcc -fmodule-map-file\=/Users/buddhirajgautam/Library/Developer/Xcode/DerivedData/Telegram-Mac-fygdgghdgmuleoelvxabfmqiotta/Build/Intermediates.noindex/GeneratedModuleMaps/GoogleUtilities-Network.modulemap -Xcc -fmodule-map-file\=/Users/buddhirajgautam/Library/Developer/Xcode/DerivedData/Telegram-Mac-fygdgghdgmuleoelvxabfmqiotta/Build/Intermediates.noindex/GeneratedModuleMaps/nanopb.modulemap -Xcc -fmodule-map-file\=/Users/buddhirajgautam/Library/Developer/Xcode/DerivedData/Telegram-Mac-fygdgghdgmuleoelvxabfmqiotta/Build/Intermediates.noindex/GeneratedModuleMaps/FirebaseAnalyticsWrapper.modulemap -Xcc -fmodule-map-file\=/Users/buddhirajgautam/Library/Developer/Xcode/DerivedData/Telegram-Mac-fygdgghdgmuleoelvxabfmqiotta/Build/Intermediates.noindex/GeneratedModuleMaps/FirebaseInstallations.modulemap -Xcc -fmodule-map-file\=/Users/buddhirajgautam/Library/Developer/Xcode/DerivedData/Telegram-Mac-fygdgghdgmuleoelvxabfmqiotta/Build/Intermediates.noindex/GeneratedModuleMaps/FirebaseCore.modulemap -Xcc -fmodule-map-file\=/Users/buddhirajgautam/Library/Developer/Xcode/DerivedData/Telegram-Mac-fygdgghdgmuleoelvxabfmqiotta/SourcePackages/checkouts/firebase-ios-sdk/CoreOnly/Sources/module.modulemap -Xcc -fmodule-map-file\=/Users/buddhirajgautam/Library/Developer/Xcode/DerivedData/Telegram-Mac-fygdgghdgmuleoelvxabfmqiotta/Build/Intermediates.noindex/GeneratedModuleMaps/FirebaseAnalyticsTarget.modulemap -Xcc -fmodule-map-file\=/Users/buddhirajgautam/Library/Developer/Xcode/DerivedData/Telegram-Mac-fygdgghdgmuleoelvxabfmqiotta/Build/Intermediates.noindex/GeneratedModuleMaps/GZIP.modulemap -Xcc -fmodule-map-file\=/Users/buddhirajgautam/Library/Developer/Xcode/DerivedData/Telegram-Mac-fygdgghdgmuleoelvxabfmqiotta/Build/Intermediates.noindex/GeneratedModuleMaps/EncryptionProvider.modulemap -Xcc -fmodule-map-file\=/Users/buddhirajgautam/Library/Developer/Xcode/DerivedData/Telegram-Mac-fygdgghdgmuleoelvxabfmqiotta/Build/Intermediates.noindex/GeneratedModuleMaps/MtProtoKit.modulemap -Xcc -fmodule-map-file\=/Users/buddhirajgautam/Library/Developer/Xcode/DerivedData/Telegram-Mac-fygdgghdgmuleoelvxabfmqiotta/Build/Intermediates.noindex/GeneratedModuleMaps/OpusBinding.modulemap -Xcc -fmodule-map-file\=/Users/buddhirajgautam/Library/Developer/Xcode/DerivedData/Telegram-Mac-fygdgghdgmuleoelvxabfmqiotta/Build/Intermediates.noindex/GeneratedModuleMaps/ObjcUtils.modulemap -Xcc -fmodule-map-file\=/Users/buddhirajgautam/Library/Developer/Xcode/DerivedData/Telegram-Mac-fygdgghdgmuleoelvxabfmqiotta/Build/Intermediates.noindex/GeneratedModuleMaps/TGVideoCameraMovie.modulemap -Xcc -fmodule-map-file\=/Users/buddhirajgautam/Library/Developer/Xcode/DerivedData/Telegram-Mac-fygdgghdgmuleoelvxabfmqiotta/Build/Intermediates.noindex/GeneratedModuleMaps/TGGifConverter.modulemap -Xcc -fmodule-map-file\=/Users/buddhirajgautam/Library/Developer/Xcode/DerivedData/Telegram-Mac-fygdgghdgmuleoelvxabfmqiotta/Build/Intermediates.noindex/GeneratedModuleMaps/RingBuffer.modulemap -Xcc -fmodule-map-file\=/Users/buddhirajgautam/Library/Developer/Xcode/DerivedData/Telegram-Mac-fygdgghdgmuleoelvxabfmqiotta/Build/Intermediates.noindex/GeneratedModuleMaps/TGPassportMRZ.modulemap -Xcc -fmodule-map-file\=/Users/buddhirajgautam/Library/Developer/Xcode/DerivedData/Telegram-Mac-fygdgghdgmuleoelvxabfmqiotta/Build/Intermediates.noindex/GeneratedModuleMaps/libwebp.modulemap -Xcc -fmodule-map-file\=/Users/buddhirajgautam/Library/Developer/Xcode/DerivedData/Telegram-Mac-fygdgghdgmuleoelvxabfmqiotta/Build/Intermediates.noindex/GeneratedModuleMaps/DetectSpeech.modulemap -Xcc -fmodule-map-file\=/Users/buddhirajgautam/Library/Developer/Xcode/DerivedData/Telegram-Mac-fygdgghdgmuleoelvxabfmqiotta/Build/Intermediates.noindex/GeneratedModuleMaps/EmojiSuggestions.modulemap -Xcc -fmodule-map-file\=/Users/buddhirajgautam/Library/Developer/Xcode/DerivedData/Telegram-Mac-fygdgghdgmuleoelvxabfmqiotta/Build/Intermediates.noindex/GeneratedModuleMaps/Svg.modulemap -Xcc -D_LIBCPP_HARDENING_MODE\=_LIBCPP_HARDENING_MODE_DEBUG -Xcc -ivfsstatcache -Xcc /Users/buddhirajgautam/Library/Developer/Xcode/DerivedData/SDKStatCaches.noindex/macosx27.0-26A425-e829b21a6f8c9b70876ba0858053c0447231f6df4def33e022ae2eb8f782df1a.sdkstatcache -Xcc -fmodules-prune-interval\=86400 -Xcc -fmodules-prune-after\=345600 -Xcc -iquote -Xcc /Users/buddhirajgautam/Library/Developer/Xcode/DerivedData/Telegram-Mac-fygdgghdgmuleoelvxabfmqiotta/Build/Intermediates.noindex/Telegram.build/Debug/Telegram.build/Telegram-generated-files.hmap -Xcc -I/Users/buddhirajgautam/Library/Developer/Xcode/DerivedData/Telegram-Mac-fygdgghdgmuleoelvxabfmqiotta/Build/Intermediates.noindex/Telegram.build/Debug/Telegram.build/Telegram-own-target-headers.hmap -Xcc -I/Users/buddhirajgautam/Library/Developer/Xcode/DerivedData/Telegram-Mac-fygdgghdgmuleoelvxabfmqiotta/Build/Intermediates.noindex/Telegram.build/Debug/Telegram.build/Telegram-all-non-framework-target-headers.hmap -Xcc -ivfsoverlay -Xcc /Users/buddhirajgautam/Library/Developer/Xcode/DerivedData/Telegram-Mac-fygdgghdgmuleoelvxabfmqiotta/Build/Intermediates.noindex/Telegram.build/Debug/Telegram-dbe0546bccfdc52e72cb2837036a25ae-VFS/all-product-headers.yaml -Xcc -iquote -Xcc /Users/buddhirajgautam/Library/Developer/Xcode/DerivedData/Telegram-Mac-fygdgghdgmuleoelvxabfmqiotta/Build/Intermediates.noindex/Telegram.build/Debug/Telegram.build/Telegram-project-headers.hmap -Xcc -I/Users/buddhirajgautam/Documents/Cherrygram-Mac/macOS-Swift/packages/HotKey/Sources/include -Xcc -I/Users/buddhirajgautam/Documents/Cherrygram-Mac/macOS-Swift/submodules/telegram-ios/submodules/sqlcipher/PublicHeaders -Xcc -I/Users/buddhirajgautam/Documents/Cherrygram-Mac/macOS-Swift/submodules/telegram-ios/submodules/StringTransliteration/PublicHeaders -Xcc -I/Users/buddhirajgautam/Documents/Cherrygram-Mac/macOS-Swift/submodules/telegram-ios/submodules/Crc32/PublicHeaders -Xcc -I/Users/buddhirajgautam/Documents/Cherrygram-Mac/macOS-Swift/submodules/minizip/Sources -Xcc -I/Users/buddhirajgautam/Documents/Cherrygram-Mac/macOS-Swift/submodules/telegram-ios/submodules/libphonenumber/PublicHeaders -Xcc -I/Users/buddhirajgautam/Documents/Cherrygram-Mac/macOS-Swift/submodules/telegram-ios/submodules/MurMurHash32/PublicHeaders -Xcc -I/Users/buddhirajgautam/Documents/Cherrygram-Mac/macOS-Swift/submodules/Stripe/PublicHeaders -Xcc -I/Users/buddhirajgautam/Documents/Cherrygram-Mac/macOS-Swift/packages/FastBlur/Sources/FastBlur -Xcc -I/Users/buddhirajgautam/Documents/Cherrygram-Mac/macOS-Swift/packages/TGCurrencyFormatter/Sources/TGCurrencyFormatter -Xcc -I/Users/buddhirajgautam/Documents/Cherrygram-Mac/macOS-Swift/submodules/telegram-ios/submodules/FFMpegBinding/Public -Xcc -I/Users/buddhirajgautam/Documents/Cherrygram-Mac/macOS-Swift/submodules/tgcalls/macos/PublicHeaders -Xcc -I/Users/buddhirajgautam/Documents/Cherrygram-Mac/macOS-Swift/submodules/telegram-ios/third-party/rnnoise/PublicHeaders -Xcc -I/Users/buddhirajgautam/Documents/Cherrygram-Mac/macOS-Swift/submodules/telegram-ios/submodules/YuvConversion/PublicHeaders -Xcc -I/Users/buddhirajgautam/Documents/Cherrygram-Mac/macOS-Swift/submodules/telegram-ios/submodules/NetworkLogging/PublicHeaders -Xcc -I/Users/buddhirajgautam/Documents/Cherrygram-Mac/macOS-Swift/submodules/telegram-ios/submodules/Utils/DarwinDirStat/PublicHeaders -Xcc -I/Users/buddhirajgautam/Documents/Cherrygram-Mac/macOS-Swift/submodules/telegram-ios/submodules/Reachability/LegacyReachability/PublicHeaders -Xcc -I/Users/buddhirajgautam/Documents/Cherrygram-Mac/macOS-Swift/packages/DateUtils/Sources/DateUtils -Xcc -I/Users/buddhirajgautam/Documents/Cherrygram-Mac/macOS-Swift/packages/NumberPluralization/Sources/NumberPluralization -Xcc -I/Users/buddhirajgautam/Documents/Cherrygram-Mac/macOS-Swift/packages/TGModernGrowingTextView/Sources/TGModernGrowingTextView -Xcc -I/Users/buddhirajgautam/Documents/Cherrygram-Mac/macOS-Swift/packages/HackUtils/Sources/HackUtils -Xcc -I/Users/buddhirajgautam/Documents/Cherrygram-Mac/macOS-Swift/packages/InAppVideoServices/PublicHeaders/InAppVideoServices -Xcc -I/Users/buddhirajgautam/Documents/Cherrygram-Mac/macOS-Swift/submodules/telegram-ios/submodules/Utils/ShelfPack/PublicHeaders -Xcc -I/Users/buddhirajgautam/Documents/Cherrygram-Mac/macOS-Swift/submodules/Mozjpeg/Sources -Xcc -I/Users/buddhirajgautam/Documents/Cherrygram-Mac/macOS-Swift/submodules/telegram-ios/third-party/td/TdBinding/Public -Xcc -I/Users/buddhirajgautam/Documents/Cherrygram-Mac/macOS-Swift/submodules/telegram-ios/submodules/Utils/LokiRng/PublicHeaders -Xcc -I/Users/buddhirajgautam/Documents/Cherrygram-Mac/macOS-Swift/submodules/telegram-ios/submodules/CryptoUtils/PublicHeaders -Xcc -I/Users/buddhirajgautam/Documents/Cherrygram-Mac/macOS-Swift/submodules/BuildConfig/Sources/include -Xcc -I/Users/buddhirajgautam/Documents/Cherrygram-Mac/macOS-Swift/submodules/telegram-ios/submodules/OpenSSLEncryptionProvider/PublicHeaders -Xcc -I/Users/buddhirajgautam/Documents/Cherrygram-Mac/macOS-Swift/packages/EDSunriseSet/Sources/EDSunriseSet -Xcc -I/Users/buddhirajgautam/Documents/Cherrygram-Mac/macOS-Swift/packages/OCR/PublicHeaders -Xcc -I/Users/buddhirajgautam/Library/Developer/Xcode/DerivedData/Telegram-Mac-fygdgghdgmuleoelvxabfmqiotta/SourcePackages/checkouts/GoogleDataTransport/GoogleDataTransport/GDTCORLibrary/Public -Xcc -I/Users/buddhirajgautam/Library/Developer/Xcode/DerivedData/Telegram-Mac-fygdgghdgmuleoelvxabfmqiotta/SourcePackages/checkouts/firebase-ios-sdk/Crashlytics/Crashlytics/Public -Xcc -I/Users/buddhirajgautam/Documents/Cherrygram-Mac/macOS-Swift/packages/CalendarUtils/Sources/CalendarUtils -Xcc -I/Users/buddhirajgautam/Library/Developer/Xcode/DerivedData/Telegram-Mac-fygdgghdgmuleoelvxabfmqiotta/SourcePackages/checkouts/promises/Sources/FBLPromises/include -Xcc -I/Users/buddhirajgautam/Library/Developer/Xcode/DerivedData/Telegram-Mac-fygdgghdgmuleoelvxabfmqiotta/SourcePackages/checkouts/GoogleUtilities/GoogleUtilities/UserDefaults/Public -Xcc -I/Users/buddhirajgautam/Library/Developer/Xcode/DerivedData/Telegram-Mac-fygdgghdgmuleoelvxabfmqiotta/SourcePackages/checkouts/GoogleAppMeasurement/GoogleAppMeasurementWrapper/include -Xcc -I/Users/buddhirajgautam/Library/Developer/Xcode/DerivedData/Telegram-Mac-fygdgghdgmuleoelvxabfmqiotta/SourcePackages/checkouts/GoogleUtilities/GoogleUtilities/AppDelegateSwizzler/Public -Xcc -I/Users/buddhirajgautam/Library/Developer/Xcode/DerivedData/Telegram-Mac-fygdgghdgmuleoelvxabfmqiotta/SourcePackages/checkouts/GoogleUtilities/GoogleUtilities/MethodSwizzler/Public -Xcc -I/Users/buddhirajgautam/Library/Developer/Xcode/DerivedData/Telegram-Mac-fygdgghdgmuleoelvxabfmqiotta/SourcePackages/checkouts/GoogleUtilities/GoogleUtilities/Reachability/Public -Xcc -I/Users/buddhirajgautam/Library/Developer/Xcode/DerivedData/Telegram-Mac-fygdgghdgmuleoelvxabfmqiotta/SourcePackages/checkouts/GoogleUtilities/GoogleUtilities/NSData+zlib/Public -Xcc -I/Users/buddhirajgautam/Library/Developer/Xcode/DerivedData/Telegram-Mac-fygdgghdgmuleoelvxabfmqiotta/SourcePackages/checkouts/GoogleUtilities/GoogleUtilities/Logger/Public -Xcc -I/Users/buddhirajgautam/Library/Developer/Xcode/DerivedData/Telegram-Mac-fygdgghdgmuleoelvxabfmqiotta/SourcePackages/checkouts/GoogleUtilities/GoogleUtilities/Environment/Public -Xcc -I/Users/buddhirajgautam/Library/Developer/Xcode/DerivedData/Telegram-Mac-fygdgghdgmuleoelvxabfmqiotta/SourcePackages/checkouts/GoogleUtilities/third_party/IsAppEncrypted/Public -Xcc -I/Users/buddhirajgautam/Library/Developer/Xcode/DerivedData/Telegram-Mac-fygdgghdgmuleoelvxabfmqiotta/SourcePackages/checkouts/GoogleUtilities/GoogleUtilities/Network/Public -Xcc -I/Users/buddhirajgautam/Library/Developer/Xcode/DerivedData/Telegram-Mac-fygdgghdgmuleoelvxabfmqiotta/SourcePackages/checkouts/nanopb/spm_headers -Xcc -I/Users/buddhirajgautam/Library/Developer/Xcode/DerivedData/Telegram-Mac-fygdgghdgmuleoelvxabfmqiotta/SourcePackages/checkouts/firebase-ios-sdk/FirebaseAnalyticsWrapper/include -Xcc -I/Users/buddhirajgautam/Library/Developer/Xcode/DerivedData/Telegram-Mac-fygdgghdgmuleoelvxabfmqiotta/SourcePackages/checkouts/firebase-ios-sdk/FirebaseInstallations/Source/Library/Public -Xcc -I/Users/buddhirajgautam/Library/Developer/Xcode/DerivedData/Telegram-Mac-fygdgghdgmuleoelvxabfmqiotta/SourcePackages/checkouts/firebase-ios-sdk/FirebaseCore/Sources/Public -Xcc -I/Users/buddhirajgautam/Library/Developer/Xcode/DerivedData/Telegram-Mac-fygdgghdgmuleoelvxabfmqiotta/SourcePackages/checkouts/firebase-ios-sdk/CoreOnly/Sources -Xcc -I/Users/buddhirajgautam/Library/Developer/Xcode/DerivedData/Telegram-Mac-fygdgghdgmuleoelvxabfmqiotta/SourcePackages/checkouts/firebase-ios-sdk/SwiftPM-PlatformExclude/FirebaseAnalyticsWrap/include -Xcc -I/Users/buddhirajgautam/Documents/Cherrygram-Mac/macOS-Swift/packages/GZIP/Sources/GZIP -Xcc -I/Users/buddhirajgautam/Documents/Cherrygram-Mac/macOS-Swift/submodules/telegram-ios/submodules/EncryptionProvider/PublicHeaders -Xcc -I/Users/buddhirajgautam/Documents/Cherrygram-Mac/macOS-Swift/submodules/telegram-ios/submodules/MtProtoKit/PublicHeaders -Xcc -I/Users/buddhirajgautam/Documents/Cherrygram-Mac/macOS-Swift/submodules/telegram-ios/submodules/OpusBinding/PublicHeaders -Xcc -I/Users/buddhirajgautam/Documents/Cherrygram-Mac/macOS-Swift/packages/ObjcUtils/Sources/ObjcUtils -Xcc -I/Users/buddhirajgautam/Documents/Cherrygram-Mac/macOS-Swift/packages/TGVideoCameraMovie/PublicHeaders/TGVideoCameraMovie -Xcc -I/Users/buddhirajgautam/Documents/Cherrygram-Mac/macOS-Swift/packages/TGGifConverter/Sources/TGGifConverter -Xcc -I/Users/buddhirajgautam/Documents/Cherrygram-Mac/macOS-Swift/packages/RingBuffer/Sources/RingBuffer -Xcc -I/Users/buddhirajgautam/Documents/Cherrygram-Mac/macOS-Swift/packages/TGPassportMRZ/Sources/TGPassportMRZ -Xcc -I/Users/buddhirajgautam/Documents/Cherrygram-Mac/macOS-Swift/submodules/libwebp/Sources -Xcc -I/Users/buddhirajgautam/Documents/Cherrygram-Mac/macOS-Swift/packages/DetectSpeech/Sources/DetectSpeech -Xcc -I/Users/buddhirajgautam/Documents/Cherrygram-Mac/macOS-Swift/packages/EmojiSuggestions/PublicHeaders -Xcc -I/Users/buddhirajgautam/Documents/Cherrygram-Mac/macOS-Swift/packages/Svg/PublicHeaders/Svg -Xcc -I/Users/buddhirajgautam/Library/Developer/Xcode/DerivedData/Telegram-Mac-fygdgghdgmuleoelvxabfmqiotta/Build/Products/Debug/include -Xcc -I/Users/buddhirajgautam/Documents/Cherrygram-Mac/macOS-Swift/submodules/libtgvoip -Xcc -I/Users/buddhirajgautam/Library/Developer/Xcode/DerivedData/Telegram-Mac-fygdgghdgmuleoelvxabfmqiotta/Build/Intermediates.noindex/Telegram.build/Debug/Telegram.build/DerivedSources-normal/arm64 -Xcc -I/Users/buddhirajgautam/Library/Developer/Xcode/DerivedData/Telegram-Mac-fygdgghdgmuleoelvxabfmqiotta/Build/Intermediates.noindex/Telegram.build/Debug/Telegram.build/DerivedSources/arm64 -Xcc -I/Users/buddhirajgautam/Library/Developer/Xcode/DerivedData/Telegram-Mac-fygdgghdgmuleoelvxabfmqiotta/Build/Intermediates.noindex/Telegram.build/Debug/Telegram.build/DerivedSources -Xcc -DWEBRTC_MAC\=1 -Xcc -DWEBRTC_MAC\=1 -import-objc-header /Users/buddhirajgautam/Library/Developer/Xcode/DerivedData/Telegram-Mac-fygdgghdgmuleoelvxabfmqiotta/Build/Intermediates.noindex/Telegram.build/Debug/Telegram.build/Objects-normal/arm64/Telegram-primary-Bridging-header.pch -no-auto-bridging-header-chaining -module-name Telegram -const-gather-protocols-file /Users/buddhirajgautam/Library/Developer/Xcode/DerivedData/Telegram-Mac-fygdgghdgmuleoelvxabfmqiotta/Build/Intermediates.noindex/Telegram.build/Debug/Telegram.build/Objects-normal/arm64/Telegram_const_extract_protocols.json -disable-clang-spi -clang-target arm64-apple-macos27.0 -target-sdk-version 27.0 -target-sdk-name macosx27.0 -in-process-plugin-server-path /Applications/Xcode.app/Contents/Developer/Toolchains/XcodeDefault.xctoolchain/usr/lib/swift/host/libSwiftInProcPluginServer.dylib -o /Users/buddhirajgautam/Library/Developer/Xcode/DerivedData/Telegram-Mac-fygdgghdgmuleoelvxabfmqiotta/Build/Intermediates.noindex/Telegram.build/Debug/Telegram.build/Objects-normal/arm64/ChatStickerContentView.o -o /Users/buddhirajgautam/Library/Developer/Xcode/DerivedData/Telegram-Mac-fygdgghdgmuleoelvxabfmqiotta/Build/Intermediates.noindex/Telegram.build/Debug/Telegram.build/Objects-normal/arm64/ContextHashtagRowItem.o -o /Users/buddhirajgautam/Library/Developer/Xcode/DerivedData/Telegram-Mac-fygdgghdgmuleoelvxabfmqiotta/Build/Intermediates.noindex/Telegram.build/Debug/Telegram.build/Objects-normal/arm64/Extensions.o -o /Users/buddhirajgautam/Library/Developer/Xcode/DerivedData/Telegram-Mac-fygdgghdgmuleoelvxabfmqiotta/Build/Intermediates.noindex/Telegram.build/Debug/Telegram.build/Objects-normal/arm64/FileDownload.o -o /Users/buddhirajgautam/Library/Developer/Xcode/DerivedData/Telegram-Mac-fygdgghdgmuleoelvxabfmqiotta/Build/Intermediates.noindex/Telegram.build/Debug/Telegram.build/Objects-normal/arm64/LiveLocationViewController.o -o /Users/buddhirajgautam/Library/Developer/Xcode/DerivedData/Telegram-Mac-fygdgghdgmuleoelvxabfmqiotta/Build/Intermediates.noindex/Telegram.build/Debug/Telegram.build/Objects-normal/arm64/EmptyComposeController.o -o /Users/buddhirajgautam/Library/Developer/Xcode/DerivedData/Telegram-Mac-fygdgghdgmuleoelvxabfmqiotta/Build/Intermediates.noindex/Telegram.build/Debug/Telegram.build/Objects-normal/arm64/ChatListTextActionRowItem.o -o /Users/buddhirajgautam/Library/Developer/Xcode/DerivedData/Telegram-Mac-fygdgghdgmuleoelvxabfmqiotta/Build/Intermediates.noindex/Telegram.build/Debug/Telegram.build/Objects-normal/arm64/Auth_CodeEntryContol.o -o /Users/buddhirajgautam/Library/Developer/Xcode/DerivedData/Telegram-Mac-fygdgghdgmuleoelvxabfmqiotta/Build/Intermediates.noindex/Telegram.build/Debug/Telegram.build/Objects-normal/arm64/WidgetView.o -o /Users/buddhirajgautam/Library/Developer/Xcode/DerivedData/Telegram-Mac-fygdgghdgmuleoelvxabfmqiotta/Build/Intermediates.noindex/Telegram.build/Debug/Telegram.build/Objects-normal/arm64/StoryControlsView.o -o /Users/buddhirajgautam/Library/Developer/Xcode/DerivedData/Telegram-Mac-fygdgghdgmuleoelvxabfmqiotta/Build/Intermediates.noindex/Telegram.build/Debug/Telegram.build/Objects-normal/arm64/ChatUserInfoRowItem.o -o /Users/buddhirajgautam/Library/Developer/Xcode/DerivedData/Telegram-Mac-fygdgghdgmuleoelvxabfmqiotta/Build/Intermediates.noindex/Telegram.build/Debug/Telegram.build/Objects-normal/arm64/SuggetMessageModalController.o -o /Users/buddhirajgautam/Library/Developer/Xcode/DerivedData/Telegram-Mac-fygdgghdgmuleoelvxabfmqiotta/Build/Intermediates.noindex/Telegram.build/Debug/Telegram.build/Objects-normal/arm64/PrettyGridUtils.o -o /Users/buddhirajgautam/Library/Developer/Xcode/DerivedData/Telegram-Mac-fygdgghdgmuleoelvxabfmqiotta/Build/Intermediates.noindex/Telegram.build/Debug/Telegram.build/Objects-normal/arm64/QuickSwitcherModalController.o -o /Users/buddhirajgautam/Library/Developer/Xcode/DerivedData/Telegram-Mac-fygdgghdgmuleoelvxabfmqiotta/Build/Intermediates.noindex/Telegram.build/Debug/Telegram.build/Objects-normal/arm64/ChannelEventLogController.o -o /Users/buddhirajgautam/Library/Developer/Xcode/DerivedData/Telegram-Mac-fygdgghdgmuleoelvxabfmqiotta/Build/Intermediates.noindex/Telegram.build/Debug/Telegram.build/Objects-normal/arm64/SendingClockProgress.o -o /Users/buddhirajgautam/Library/Developer/Xcode/DerivedData/Telegram-Mac-fygdgghdgmuleoelvxabfmqiotta/Build/Intermediates.noindex/Telegram.build/Debug/Telegram.build/Objects-normal/arm64/InstantPageAudioItem.o -o /Users/buddhirajgautam/Library/Developer/Xcode/DerivedData/Telegram-Mac-fygdgghdgmuleoelvxabfmqiotta/Build/Intermediates.noindex/Telegram.build/Debug/Telegram.build/Objects-normal/arm64/PremiumDiamondSceneView.o -o /Users/buddhirajgautam/Library/Developer/Xcode/DerivedData/Telegram-Mac-fygdgghdgmuleoelvxabfmqiotta/Build/Intermediates.noindex/Telegram.build/Debug/Telegram.build/Objects-normal/arm64/PeerRequestJoinRowItem.o -o /Users/buddhirajgautam/Library/Developer/Xcode/DerivedData/Telegram-Mac-fygdgghdgmuleoelvxabfmqiotta/Build/Intermediates.noindex/Telegram.build/Debug/Telegram.build/Objects-normal/arm64/VoipDerivedState.o -o /Users/buddhirajgautam/Library/Developer/Xcode/DerivedData/Telegram-Mac-fygdgghdgmuleoelvxabfmqiotta/Build/Intermediates.noindex/Telegram.build/Debug/Telegram.build/Objects-normal/arm64/ForumUIMethods.o -o /Users/buddhirajgautam/Library/Developer/Xcode/DerivedData/Telegram-Mac-fygdgghdgmuleoelvxabfmqiotta/Build/Intermediates.noindex/Telegram.build/Debug/Telegram.build/Objects-normal/arm64/HashtagSearchGlobalChatContents.o -o /Users/buddhirajgautam/Library/Developer/Xcode/DerivedData/Telegram-Mac-fygdgghdgmuleoelvxabfmqiotta/Build/Intermediates.noindex/Telegram.build/Debug/Telegram.build/Objects-normal/arm64/EmojiToleranceController.o -o /Users/buddhirajgautam/Library/Developer/Xcode/DerivedData/Telegram-Mac-fygdgghdgmuleoelvxabfmqiotta/Build/Intermediates.noindex/Telegram.build/Debug/Telegram.build/Objects-normal/arm64/ChatInputAccessory.o -debug-module-path /Users/buddhirajgautam/Library/Developer/Xcode/DerivedData/Telegram-Mac-fygdgghdgmuleoelvxabfmqiotta/Build/Intermediates.noindex/Telegram.build/Debug/Telegram.build/Objects-normal/arm64/Telegram.swiftmodule -index-unit-output-path /Telegram.build/Debug/Telegram.build/Objects-normal/arm64/ChatStickerContentView.o -index-unit-output-path /Telegram.build/Debug/Telegram.build/Objects-normal/arm64/ContextHashtagRowItem.o -index-unit-output-path /Telegram.build/Debug/Telegram.build/Objects-normal/arm64/Extensions.o -index-unit-output-path /Telegram.build/Debug/Telegram.build/Objects-normal/arm64/FileDownload.o -index-unit-output-path /Telegram.build/Debug/Telegram.build/Objects-normal/arm64/LiveLocationViewController.o -index-unit-output-path /Telegram.build/Debug/Telegram.build/Objects-normal/arm64/EmptyComposeController.o -index-unit-output-path /Telegram.build/Debug/Telegram.build/Objects-normal/arm64/ChatListTextActionRowItem.o -index-unit-output-path /Telegram.build/Debug/Telegram.build/Objects-normal/arm64/Auth_CodeEntryContol.o -index-unit-output-path /Telegram.build/Debug/Telegram.build/Objects-normal/arm64/WidgetView.o -index-unit-output-path /Telegram.build/Debug/Telegram.build/Objects-normal/arm64/StoryControlsView.o -index-unit-output-path /Telegram.build/Debug/Telegram.build/Objects-normal/arm64/ChatUserInfoRowItem.o -index-unit-output-path /Telegram.build/Debug/Telegram.build/Objects-normal/arm64/SuggetMessageModalController.o -index-unit-output-path /Telegram.build/Debug/Telegram.build/Objects-normal/arm64/PrettyGridUtils.o -index-unit-output-path /Telegram.build/Debug/Telegram.build/Objects-normal/arm64/QuickSwitcherModalController.o -index-unit-output-path /Telegram.build/Debug/Telegram.build/Objects-normal/arm64/ChannelEventLogController.o -index-unit-output-path /Telegram.build/Debug/Telegram.build/Objects-normal/arm64/SendingClockProgress.o -index-unit-output-path /Telegram.build/Debug/Telegram.build/Objects-normal/arm64/InstantPageAudioItem.o -index-unit-output-path /Telegram.build/Debug/Telegram.build/Objects-normal/arm64/PremiumDiamondSceneView.o -index-unit-output-path /Telegram.build/Debug/Telegram.build/Objects-normal/arm64/PeerRequestJoinRowItem.o -index-unit-output-path /Telegram.build/Debug/Telegram.build/Objects-normal/arm64/VoipDerivedState.o -index-unit-output-path /Telegram.build/Debug/Telegram.build/Objects-normal/arm64/ForumUIMethods.o -index-unit-output-path /Telegram.build/Debug/Telegram.build/Objects-normal/arm64/HashtagSearchGlobalChatContents.o -index-unit-output-path /Telegram.build/Debug/Telegram.build/Objects-normal/arm64/EmojiToleranceController.o -index-unit-output-path /Telegram.build/Debug/Telegram.build/Objects-normal/arm64/ChatInputAccessory.o -index-store-path /Users/buddhirajgautam/Library/Developer/Xcode/DerivedData/Telegram-Mac-fygdgghdgmuleoelvxabfmqiotta/Index.noindex/DataStore -index-system-modules

SwiftCompile normal arm64 /Users/buddhirajgautam/Documents/Cherrygram-Mac/macOS-Swift/Telegram-Mac/ChatStickerContentView.swift (in target 'Telegram' from project 'Telegram')
    cd /Users/buddhirajgautam/Documents/Cherrygram-Mac/macOS-Swift
    builtin-SwiftPerFileCompile ChatStickerContentView.swift

SwiftCompile normal arm64 /Users/buddhirajgautam/Documents/Cherrygram-Mac/macOS-Swift/Telegram-Mac/ContextHashtagRowItem.swift (in target 'Telegram' from project 'Telegram')
    cd /Users/buddhirajgautam/Documents/Cherrygram-Mac/macOS-Swift
    builtin-SwiftPerFileCompile ContextHashtagRowItem.swift

SwiftCompile normal arm64 /Users/buddhirajgautam/Documents/Cherrygram-Mac/macOS-Swift/Telegram-Mac/Extensions.swift (in target 'Telegram' from project 'Telegram')
    cd /Users/buddhirajgautam/Documents/Cherrygram-Mac/macOS-Swift
    builtin-SwiftPerFileCompile Extensions.swift

SwiftCompile normal arm64 /Users/buddhirajgautam/Documents/Cherrygram-Mac/macOS-Swift/Telegram-Mac/FileDownload.swift (in target 'Telegram' from project 'Telegram')
    cd /Users/buddhirajgautam/Documents/Cherrygram-Mac/macOS-Swift
    builtin-SwiftPerFileCompile FileDownload.swift

SwiftCompile normal arm64 /Users/buddhirajgautam/Documents/Cherrygram-Mac/macOS-Swift/Telegram-Mac/LiveLocationViewController.swift (in target 'Telegram' from project 'Telegram')
    cd /Users/buddhirajgautam/Documents/Cherrygram-Mac/macOS-Swift
    builtin-SwiftPerFileCompile LiveLocationViewController.swift

SwiftCompile normal arm64 /Users/buddhirajgautam/Documents/Cherrygram-Mac/macOS-Swift/Telegram-Mac/EmptyComposeController.swift (in target 'Telegram' from project 'Telegram')
    cd /Users/buddhirajgautam/Documents/Cherrygram-Mac/macOS-Swift
    builtin-SwiftPerFileCompile EmptyComposeController.swift

SwiftCompile normal arm64 /Users/buddhirajgautam/Documents/Cherrygram-Mac/macOS-Swift/Telegram-Mac/ChatListTextActionRowItem.swift (in target 'Telegram' from project 'Telegram')
    cd /Users/buddhirajgautam/Documents/Cherrygram-Mac/macOS-Swift
    builtin-SwiftPerFileCompile ChatListTextActionRowItem.swift

SwiftCompile normal arm64 /Users/buddhirajgautam/Documents/Cherrygram-Mac/macOS-Swift/Telegram-Mac/Auth_CodeEntryContol.swift (in target 'Telegram' from project 'Telegram')
    cd /Users/buddhirajgautam/Documents/Cherrygram-Mac/macOS-Swift
    builtin-SwiftPerFileCompile Auth_CodeEntryContol.swift

SwiftCompile normal arm64 /Users/buddhirajgautam/Documents/Cherrygram-Mac/macOS-Swift/Telegram-Mac/WidgetView.swift (in target 'Telegram' from project 'Telegram')
    cd /Users/buddhirajgautam/Documents/Cherrygram-Mac/macOS-Swift
    builtin-SwiftPerFileCompile WidgetView.swift

SwiftCompile normal arm64 /Users/buddhirajgautam/Documents/Cherrygram-Mac/macOS-Swift/Telegram-Mac/StoryControlsView.swift (in target 'Telegram' from project 'Telegram')
    cd /Users/buddhirajgautam/Documents/Cherrygram-Mac/macOS-Swift
    builtin-SwiftPerFileCompile StoryControlsView.swift

SwiftCompile normal arm64 /Users/buddhirajgautam/Documents/Cherrygram-Mac/macOS-Swift/Telegram-Mac/ChatUserInfoRowItem.swift (in target 'Telegram' from project 'Telegram')
    cd /Users/buddhirajgautam/Documents/Cherrygram-Mac/macOS-Swift
    builtin-SwiftPerFileCompile ChatUserInfoRowItem.swift

SwiftCompile normal arm64 /Users/buddhirajgautam/Documents/Cherrygram-Mac/macOS-Swift/Telegram-Mac/suggest-post/SuggetMessageModalController.swift (in target 'Telegram' from project 'Telegram')
    cd /Users/buddhirajgautam/Documents/Cherrygram-Mac/macOS-Swift
    builtin-SwiftPerFileCompile SuggetMessageModalController.swift

SwiftCompile normal arm64 /Users/buddhirajgautam/Documents/Cherrygram-Mac/macOS-Swift/Telegram-Mac/PrettyGridUtils.swift (in target 'Telegram' from project 'Telegram')
    cd /Users/buddhirajgautam/Documents/Cherrygram-Mac/macOS-Swift
    builtin-SwiftPerFileCompile PrettyGridUtils.swift

SwiftCompile normal arm64 /Users/buddhirajgautam/Documents/Cherrygram-Mac/macOS-Swift/Telegram-Mac/QuickSwitcherModalController.swift (in target 'Telegram' from project 'Telegram')
    cd /Users/buddhirajgautam/Documents/Cherrygram-Mac/macOS-Swift
    builtin-SwiftPerFileCompile QuickSwitcherModalController.swift

SwiftCompile normal arm64 /Users/buddhirajgautam/Documents/Cherrygram-Mac/macOS-Swift/Telegram-Mac/ChannelEventLogController.swift (in target 'Telegram' from project 'Telegram')
    cd /Users/buddhirajgautam/Documents/Cherrygram-Mac/macOS-Swift
    builtin-SwiftPerFileCompile ChannelEventLogController.swift

SwiftCompile normal arm64 /Users/buddhirajgautam/Documents/Cherrygram-Mac/macOS-Swift/Telegram-Mac/SendingClockProgress.swift (in target 'Telegram' from project 'Telegram')
    cd /Users/buddhirajgautam/Documents/Cherrygram-Mac/macOS-Swift
    builtin-SwiftPerFileCompile SendingClockProgress.swift

SwiftCompile normal arm64 /Users/buddhirajgautam/Documents/Cherrygram-Mac/macOS-Swift/Telegram-Mac/InstantPageAudioItem.swift (in target 'Telegram' from project 'Telegram')
    cd /Users/buddhirajgautam/Documents/Cherrygram-Mac/macOS-Swift
    builtin-SwiftPerFileCompile InstantPageAudioItem.swift

SwiftCompile normal arm64 /Users/buddhirajgautam/Documents/Cherrygram-Mac/macOS-Swift/Telegram-Mac/PremiumDiamondSceneView.swift (in target 'Telegram' from project 'Telegram')
    cd /Users/buddhirajgautam/Documents/Cherrygram-Mac/macOS-Swift
    builtin-SwiftPerFileCompile PremiumDiamondSceneView.swift

SwiftCompile normal arm64 /Users/buddhirajgautam/Documents/Cherrygram-Mac/macOS-Swift/Telegram-Mac/PeerRequestJoinRowItem.swift (in target 'Telegram' from project 'Telegram')
    cd /Users/buddhirajgautam/Documents/Cherrygram-Mac/macOS-Swift
    builtin-SwiftPerFileCompile PeerRequestJoinRowItem.swift

SwiftCompile normal arm64 /Users/buddhirajgautam/Documents/Cherrygram-Mac/macOS-Swift/Telegram-Mac/VoipDerivedState.swift (in target 'Telegram' from project 'Telegram')
    cd /Users/buddhirajgautam/Documents/Cherrygram-Mac/macOS-Swift
    builtin-SwiftPerFileCompile VoipDerivedState.swift

SwiftCompile normal arm64 /Users/buddhirajgautam/Documents/Cherrygram-Mac/macOS-Swift/Telegram-Mac/ForumUIMethods.swift (in target 'Telegram' from project 'Telegram')
    cd /Users/buddhirajgautam/Documents/Cherrygram-Mac/macOS-Swift
    builtin-SwiftPerFileCompile ForumUIMethods.swift

SwiftCompile normal arm64 /Users/buddhirajgautam/Documents/Cherrygram-Mac/macOS-Swift/Telegram-Mac/HashtagSearchGlobalChatContents.swift (in target 'Telegram' from project 'Telegram')
    cd /Users/buddhirajgautam/Documents/Cherrygram-Mac/macOS-Swift
    builtin-SwiftPerFileCompile HashtagSearchGlobalChatContents.swift

SwiftCompile normal arm64 /Users/buddhirajgautam/Documents/Cherrygram-Mac/macOS-Swift/Telegram-Mac/EmojiToleranceController.swift (in target 'Telegram' from project 'Telegram')
    cd /Users/buddhirajgautam/Documents/Cherrygram-Mac/macOS-Swift
    builtin-SwiftPerFileCompile EmojiToleranceController.swift

SwiftCompile normal arm64 /Users/buddhirajgautam/Documents/Cherrygram-Mac/macOS-Swift/Telegram-Mac/ChatInputAccessory.swift (in target 'Telegram' from project 'Telegram')
    cd /Users/buddhirajgautam/Documents/Cherrygram-Mac/macOS-Swift
    builtin-SwiftPerFileCompile ChatInputAccessory.swift

SwiftCompile normal arm64 Compiling\ StoryMediaController.swift,\ PeerMediaListController.swift,\ GifPanelTabRowItem.swift,\ CallSettingsModalController.swift,\ AccountInfoItem.swift,\ ChatGiveawayGiftRowItem.swift,\ SPPreviewController.swift,\ MessageSharedRowItem.swift,\ WidgetAppearance.swift,\ ChatCalendarHeaderRowItem.swift,\ AccountViewController.swift,\ SelectStoryModalController.swift,\ PremiumStarSceneView.swift,\ InstantPageArticleItem.swift,\ SecureIdVerificationDocument.swift,\ PaymentsTipsRowItem.swift,\ PremiumBoardingHeaderItem.swift,\ PremiumGiftingController.swift,\ SharedNotificationManager.swift,\ StoryFetchManager.swift,\ SharedWakeupManager.swift,\ PassportInsertPasswordItem.swift,\ AnimatedBadgeView.swift,\ ContextListRowItem.swift,\ ChatCalendarModalController.swift /Users/buddhirajgautam/Documents/Cherrygram-Mac/macOS-Swift/Telegram-Mac/StoryMediaController.swift /Users/buddhirajgautam/Documents/Cherrygram-Mac/macOS-Swift/Telegram-Mac/PeerMediaListController.swift /Users/buddhirajgautam/Documents/Cherrygram-Mac/macOS-Swift/Telegram-Mac/GifPanelTabRowItem.swift /Users/buddhirajgautam/Documents/Cherrygram-Mac/macOS-Swift/Telegram-Mac/CallSettingsModalController.swift /Users/buddhirajgautam/Documents/Cherrygram-Mac/macOS-Swift/Telegram-Mac/AccountInfoItem.swift /Users/buddhirajgautam/Documents/Cherrygram-Mac/macOS-Swift/Telegram-Mac/ChatGiveawayGiftRowItem.swift /Users/buddhirajgautam/Documents/Cherrygram-Mac/macOS-Swift/Telegram-Mac/SPPreviewController.swift /Users/buddhirajgautam/Documents/Cherrygram-Mac/macOS-Swift/Telegram-Mac/MessageSharedRowItem.swift /Users/buddhirajgautam/Documents/Cherrygram-Mac/macOS-Swift/Telegram-Mac/WidgetAppearance.swift /Users/buddhirajgautam/Documents/Cherrygram-Mac/macOS-Swift/Telegram-Mac/ChatCalendarHeaderRowItem.swift /Users/buddhirajgautam/Documents/Cherrygram-Mac/macOS-Swift/Telegram-Mac/AccountViewController.swift /Users/buddhirajgautam/Documents/Cherrygram-Mac/macOS-Swift/Telegram-Mac/SelectStoryModalController.swift /Users/buddhirajgautam/Documents/Cherrygram-Mac/macOS-Swift/Telegram-Mac/PremiumStarSceneView.swift /Users/buddhirajgautam/Documents/Cherrygram-Mac/macOS-Swift/Telegram-Mac/InstantPageArticleItem.swift /Users/buddhirajgautam/Documents/Cherrygram-Mac/macOS-Swift/Telegram-Mac/SecureIdVerificationDocument.swift /Users/buddhirajgautam/Documents/Cherrygram-Mac/macOS-Swift/Telegram-Mac/PaymentsTipsRowItem.swift /Users/buddhirajgautam/Documents/Cherrygram-Mac/macOS-Swift/Telegram-Mac/PremiumBoardingHeaderItem.swift /Users/buddhirajgautam/Documents/Cherrygram-Mac/macOS-Swift/Telegram-Mac/PremiumGiftingController.swift /Users/buddhirajgautam/Documents/Cherrygram-Mac/macOS-Swift/Telegram-Mac/SharedNotificationManager.swift /Users/buddhirajgautam/Documents/Cherrygram-Mac/macOS-Swift/Telegram-Mac/StoryFetchManager.swift /Users/buddhirajgautam/Documents/Cherrygram-Mac/macOS-Swift/Telegram-Mac/SharedWakeupManager.swift /Users/buddhirajgautam/Documents/Cherrygram-Mac/macOS-Swift/Telegram-Mac/PassportInsertPasswordItem.swift /Users/buddhirajgautam/Documents/Cherrygram-Mac/macOS-Swift/Telegram-Mac/AnimatedBadgeView.swift /Users/buddhirajgautam/Documents/Cherrygram-Mac/macOS-Swift/Telegram-Mac/ContextListRowItem.swift /Users/buddhirajgautam/Documents/Cherrygram-Mac/macOS-Swift/Telegram-Mac/ChatCalendarModalController.swift (in target 'Telegram' from project 'Telegram')
/Users/buddhirajgautam/Documents/Cherrygram-Mac/macOS-Swift/Telegram-Mac/StoryMediaController.swift:235:13: warning: initialization of immutable value 'context' was never used; consider replacing with assignment to '_' or removing it [#NoUsage]
 233 |             return
 234 |         }
 235 |         let context = item.context
     |             `- warning: initialization of immutable value 'context' was never used; consider replacing with assignment to '_' or removing it [#NoUsage]
 236 |         let items = item.items
 237 |         let arguments = item.arguments

/Users/buddhirajgautam/Documents/Cherrygram-Mac/macOS-Swift/Telegram-Mac/StoryMediaController.swift:304:102: warning: 'weak' ownership of capture 'arguments' differs from implicitly-captured strong reference in outer scope [#ImplicitStrongCapture]
 297 |             return GeneralBlockTextRowItem(initialSize, stableId: stableId, viewType: viewType, text: text, font: .normal(.text))
 298 |         case let .month(_, stableId, peerId, peerReference, items, selected, pinnedIds, rowCount, viewType):
 299 |             return StoryMonthRowItem(initialSize, stableId: stableId, context: arguments.context, standalone: arguments.standalone, peerId: peerId, peerReference: peerReference, items: items, selected: selected, pinnedIds: pinnedIds, rowCount: rowCount, viewType: viewType, openStory: arguments.openStory, toggleSelected: arguments.toggleSelected, menuItems: { story in
     |                                                                                                                                                                                                                                                                                                                                                                        |- note: 'arguments' implicitly strongly captured here
     |                                                                                                                                                                                                                                                                                                                                                                        `- note: add 'arguments' as a capture list item to silence
 300 |                 var items: [ContextMenuItem] = []
 301 |                 if selected == nil, arguments.isMy {
 302 |                    
 303 |                     if !story.isPinned {
 304 |                         items.append(ContextMenuItem(strings().storyMediaUnarchive, handler: { [weak arguments] in
     |                                                                                                      |- warning: 'weak' ownership of capture 'arguments' differs from implicitly-captured strong reference in outer scope [#ImplicitStrongCapture]
     |                                                                                                      `- note: explicitly assign the capture list item to silence
 305 |                             arguments?.toggleStory(story)
 306 |                         }, itemImage: MenuAnimation.menu_save_to_profile.value))

/Users/buddhirajgautam/Documents/Cherrygram-Mac/macOS-Swift/Telegram-Mac/StoryMediaController.swift:308:100: warning: 'weak' ownership of capture 'arguments' differs from implicitly-captured strong reference in outer scope [#ImplicitStrongCapture]
 297 |             return GeneralBlockTextRowItem(initialSize, stableId: stableId, viewType: viewType, text: text, font: .normal(.text))
 298 |         case let .month(_, stableId, peerId, peerReference, items, selected, pinnedIds, rowCount, viewType):
 299 |             return StoryMonthRowItem(initialSize, stableId: stableId, context: arguments.context, standalone: arguments.standalone, peerId: peerId, peerReference: peerReference, items: items, selected: selected, pinnedIds: pinnedIds, rowCount: rowCount, viewType: viewType, openStory: arguments.openStory, toggleSelected: arguments.toggleSelected, menuItems: { story in
     |                                                                                                                                                                                                                                                                                                                                                                        |- note: 'arguments' implicitly strongly captured here
     |                                                                                                                                                                                                                                                                                                                                                                        `- note: add 'arguments' as a capture list item to silence
 300 |                 var items: [ContextMenuItem] = []
 301 |                 if selected == nil, arguments.isMy {
     :
 306 |                         }, itemImage: MenuAnimation.menu_save_to_profile.value))
 307 |                     } else {
 308 |                         items.append(ContextMenuItem(strings().storyMediaArchive, handler: { [weak arguments] in
     |                                                                                                    |- warning: 'weak' ownership of capture 'arguments' differs from implicitly-captured strong reference in outer scope [#ImplicitStrongCapture]
     |                                                                                                    `- note: explicitly assign the capture list item to silence
 309 |                             arguments?.toggleStory(story)
 310 |                         }, itemImage: MenuAnimation.menu_archive.value))

/Users/buddhirajgautam/Documents/Cherrygram-Mac/macOS-Swift/Telegram-Mac/StoryMediaController.swift:313:159: warning: 'weak' ownership of capture 'arguments' differs from implicitly-captured strong reference in outer scope [#ImplicitStrongCapture]
 297 |             return GeneralBlockTextRowItem(initialSize, stableId: stableId, viewType: viewType, text: text, font: .normal(.text))
 298 |         case let .month(_, stableId, peerId, peerReference, items, selected, pinnedIds, rowCount, viewType):
 299 |             return StoryMonthRowItem(initialSize, stableId: stableId, context: arguments.context, standalone: arguments.standalone, peerId: peerId, peerReference: peerReference, items: items, selected: selected, pinnedIds: pinnedIds, rowCount: rowCount, viewType: viewType, openStory: arguments.openStory, toggleSelected: arguments.toggleSelected, menuItems: { story in
     |                                                                                                                                                                                                                                                                                                                                                                        |- note: 'arguments' implicitly strongly captured here
     |                                                                                                                                                                                                                                                                                                                                                                        `- note: add 'arguments' as a capture list item to silence
 300 |                 var items: [ContextMenuItem] = []
 301 |                 if selected == nil, arguments.isMy {
     :
 311 |                     }
 312 |                     
 313 |                     items.append(ContextMenuItem(pinnedIds.contains(story.id) ? strings().messageContextUnpin : strings().messageContextPin, handler: { [weak arguments] in
     |                                                                                                                                                               |- warning: 'weak' ownership of capture 'arguments' differs from implicitly-captured strong reference in outer scope [#ImplicitStrongCapture]
     |                                                                                                                                                               `- note: explicitly assign the capture list item to silence
 314 |                         arguments?.togglePinned(story)
 315 |                     }, itemImage: pinnedIds.contains(story.id) ? MenuAnimation.menu_unpin.value : MenuAnimation.menu_pin.value))

/Users/buddhirajgautam/Documents/Cherrygram-Mac/macOS-Swift/Telegram-Mac/StoryMediaController.swift:317:99: warning: 'weak' ownership of capture 'arguments' differs from implicitly-captured strong reference in outer scope [#ImplicitStrongCapture]
 297 |             return GeneralBlockTextRowItem(initialSize, stableId: stableId, viewType: viewType, text: text, font: .normal(.text))
 298 |         case let .month(_, stableId, peerId, peerReference, items, selected, pinnedIds, rowCount, viewType):
 299 |             return StoryMonthRowItem(initialSize, stableId: stableId, context: arguments.context, standalone: arguments.standalone, peerId: peerId, peerReference: peerReference, items: items, selected: selected, pinnedIds: pinnedIds, rowCount: rowCount, viewType: viewType, openStory: arguments.openStory, toggleSelected: arguments.toggleSelected, menuItems: { story in
     |                                                                                                                                                                                                                                                                                                                                                                        |- note: 'arguments' implicitly strongly captured here
     |                                                                                                                                                                                                                                                                                                                                                                        `- note: add 'arguments' as a capture list item to silence
 300 |                 var items: [ContextMenuItem] = []
 301 |                 if selected == nil, arguments.isMy {
     :
 315 |                     }, itemImage: pinnedIds.contains(story.id) ? MenuAnimation.menu_unpin.value : MenuAnimation.menu_pin.value))
 316 |                     
 317 |                     items.append(ContextMenuItem(strings().messageContextSelect, handler: { [weak arguments] in
     |                                                                                                   |- warning: 'weak' ownership of capture 'arguments' differs from implicitly-captured strong reference in outer scope [#ImplicitStrongCapture]
     |                                                                                                   `- note: explicitly assign the capture list item to silence
 318 |                         arguments?.toggleSelected(.init(peerId: peerId, id: story.id))
 319 |                     }, itemImage: MenuAnimation.menu_check_selected.value))

/Users/buddhirajgautam/Documents/Cherrygram-Mac/macOS-Swift/Telegram-Mac/StoryMediaController.swift:323:99: warning: 'weak' ownership of capture 'arguments' differs from implicitly-captured strong reference in outer scope [#ImplicitStrongCapture]
 297 |             return GeneralBlockTextRowItem(initialSize, stableId: stableId, viewType: viewType, text: text, font: .normal(.text))
 298 |         case let .month(_, stableId, peerId, peerReference, items, selected, pinnedIds, rowCount, viewType):
 299 |             return StoryMonthRowItem(initialSize, stableId: stableId, context: arguments.context, standalone: arguments.standalone, peerId: peerId, peerReference: peerReference, items: items, selected: selected, pinnedIds: pinnedIds, rowCount: rowCount, viewType: viewType, openStory: arguments.openStory, toggleSelected: arguments.toggleSelected, menuItems: { story in
     |                                                                                                                                                                                                                                                                                                                                                                        |- note: 'arguments' implicitly strongly captured here
     |                                                                                                                                                                                                                                                                                                                                                                        `- note: add 'arguments' as a capture list item to silence
 300 |                 var items: [ContextMenuItem] = []
 301 |                 if selected == nil, arguments.isMy {
     :
 321 |                     items.append(ContextSeparatorItem())
 322 |                     
 323 |                     items.append(ContextMenuItem(strings().messageContextDelete, handler: { [weak arguments] in
     |                                                                                                   |- warning: 'weak' ownership of capture 'arguments' differs from implicitly-captured strong reference in outer scope [#ImplicitStrongCapture]
     |                                                                                                   `- note: explicitly assign the capture list item to silence
 324 |                         arguments?.deleteStory(story)
 325 |                     }, itemMode: .destruct, itemImage: MenuAnimation.menu_delete.value))

/Users/buddhirajgautam/Documents/Cherrygram-Mac/macOS-Swift/Telegram-Mac/StoryMediaController.swift:340:31: warning: immutable value 'index' was never used; consider replacing with '_' or removing it [#NoUsage]
 338 |         case .date:
 339 |             return PeerMediaDateItem(initialSize, index: index, stableId: stableId, inset: !arguments.standalone ? .init() : NSEdgeInsets(left: 20, right: 20))
 340 |         case let .collections(index, collections, selected):
     |                               `- warning: immutable value 'index' was never used; consider replacing with '_' or removing it [#NoUsage]
 341 |             return CollectionRowItem(initialSize, stableId: stableId, context: arguments.context, filters: collections, selected: selected, arguments: arguments)
 342 |         case let .section(_, height):

/Users/buddhirajgautam/Documents/Cherrygram-Mac/macOS-Swift/Telegram-Mac/StoryMediaController.swift:955:13: warning: initialization of immutable value 'context' was never used; consider replacing with assignment to '_' or removing it [#NoUsage]
 953 |         doneButton.isHidden = true
 954 |         
 955 |         let context = self.context
     |             `- warning: initialization of immutable value 'context' was never used; consider replacing with assignment to '_' or removing it [#NoUsage]
 956 |         let isArchived = self.isArchived
 957 |         let stateValue = self.stateValue

/Users/buddhirajgautam/Documents/Cherrygram-Mac/macOS-Swift/Telegram-Mac/StoryMediaController.swift:957:13: warning: initialization of immutable value 'stateValue' was never used; consider replacing with assignment to '_' or removing it [#NoUsage]
 955 |         let context = self.context
 956 |         let isArchived = self.isArchived
 957 |         let stateValue = self.stateValue
     |             `- warning: initialization of immutable value 'stateValue' was never used; consider replacing with assignment to '_' or removing it [#NoUsage]
 958 |         
 959 |         

/Users/buddhirajgautam/Documents/Cherrygram-Mac/macOS-Swift/Telegram-Mac/ChatGiveawayGiftRowItem.swift:48:82: warning: immutable value 'currency' was never used; consider replacing with '_' or removing it [#NoUsage]
 46 |         
 47 |         switch media.action {
 48 |         case let .giftCode(slug, fromGiveaway, isUnclaimed, boostPeerId, months, currency, amoun, cryptoCurrency, cryptoAmount, _, _):
    |                                                                                  `- warning: immutable value 'currency' was never used; consider replacing with '_' or removing it [#NoUsage]
 49 |             self.data = .init(slug: slug, starsAmount: nil, fromGiveaway: fromGiveaway, boostPeerId: boostPeerId, months: months, unclaimed: isUnclaimed, media: media)
 50 |         case let .prizeStars(amount, isUnclaimed, boostPeerId, transactionId, giveawayMessageId):

/Users/buddhirajgautam/Documents/Cherrygram-Mac/macOS-Swift/Telegram-Mac/ChatGiveawayGiftRowItem.swift:48:92: warning: immutable value 'amoun' was never used; consider replacing with '_' or removing it [#NoUsage]
 46 |         
 47 |         switch media.action {
 48 |         case let .giftCode(slug, fromGiveaway, isUnclaimed, boostPeerId, months, currency, amoun, cryptoCurrency, cryptoAmount, _, _):
    |                                                                                            `- warning: immutable value 'amoun' was never used; consider replacing with '_' or removing it [#NoUsage]
 49 |             self.data = .init(slug: slug, starsAmount: nil, fromGiveaway: fromGiveaway, boostPeerId: boostPeerId, months: months, unclaimed: isUnclaimed, media: media)
 50 |         case let .prizeStars(amount, isUnclaimed, boostPeerId, transactionId, giveawayMessageId):

/Users/buddhirajgautam/Documents/Cherrygram-Mac/macOS-Swift/Telegram-Mac/ChatGiveawayGiftRowItem.swift:48:99: warning: immutable value 'cryptoCurrency' was never used; consider replacing with '_' or removing it [#NoUsage]
 46 |         
 47 |         switch media.action {
 48 |         case let .giftCode(slug, fromGiveaway, isUnclaimed, boostPeerId, months, currency, amoun, cryptoCurrency, cryptoAmount, _, _):
    |                                                                                                   `- warning: immutable value 'cryptoCurrency' was never used; consider replacing with '_' or removing it [#NoUsage]
 49 |             self.data = .init(slug: slug, starsAmount: nil, fromGiveaway: fromGiveaway, boostPeerId: boostPeerId, months: months, unclaimed: isUnclaimed, media: media)
 50 |         case let .prizeStars(amount, isUnclaimed, boostPeerId, transactionId, giveawayMessageId):

/Users/buddhirajgautam/Documents/Cherrygram-Mac/macOS-Swift/Telegram-Mac/ChatGiveawayGiftRowItem.swift:48:115: warning: immutable value 'cryptoAmount' was never used; consider replacing with '_' or removing it [#NoUsage]
 46 |         
 47 |         switch media.action {
 48 |         case let .giftCode(slug, fromGiveaway, isUnclaimed, boostPeerId, months, currency, amoun, cryptoCurrency, cryptoAmount, _, _):
    |                                                                                                                   `- warning: immutable value 'cryptoAmount' was never used; consider replacing with '_' or removing it [#NoUsage]
 49 |             self.data = .init(slug: slug, starsAmount: nil, fromGiveaway: fromGiveaway, boostPeerId: boostPeerId, months: months, unclaimed: isUnclaimed, media: media)
 50 |         case let .prizeStars(amount, isUnclaimed, boostPeerId, transactionId, giveawayMessageId):

/Users/buddhirajgautam/Documents/Cherrygram-Mac/macOS-Swift/Telegram-Mac/ChatGiveawayGiftRowItem.swift:50:64: warning: immutable value 'transactionId' was never used; consider replacing with '_' or removing it [#NoUsage]
 48 |         case let .giftCode(slug, fromGiveaway, isUnclaimed, boostPeerId, months, currency, amoun, cryptoCurrency, cryptoAmount, _, _):
 49 |             self.data = .init(slug: slug, starsAmount: nil, fromGiveaway: fromGiveaway, boostPeerId: boostPeerId, months: months, unclaimed: isUnclaimed, media: media)
 50 |         case let .prizeStars(amount, isUnclaimed, boostPeerId, transactionId, giveawayMessageId):
    |                                                                `- warning: immutable value 'transactionId' was never used; consider replacing with '_' or removing it [#NoUsage]
 51 |             self.data = .init(slug: nil, starsAmount: Int(amount), fromGiveaway: true, boostPeerId: boostPeerId, months: 0, unclaimed: isUnclaimed, media: media)
 52 |         default:

/Users/buddhirajgautam/Documents/Cherrygram-Mac/macOS-Swift/Telegram-Mac/ChatGiveawayGiftRowItem.swift:50:79: warning: immutable value 'giveawayMessageId' was never used; consider replacing with '_' or removing it [#NoUsage]
 48 |         case let .giftCode(slug, fromGiveaway, isUnclaimed, boostPeerId, months, currency, amoun, cryptoCurrency, cryptoAmount, _, _):
 49 |             self.data = .init(slug: slug, starsAmount: nil, fromGiveaway: fromGiveaway, boostPeerId: boostPeerId, months: months, unclaimed: isUnclaimed, media: media)
 50 |         case let .prizeStars(amount, isUnclaimed, boostPeerId, transactionId, giveawayMessageId):
    |                                                                               `- warning: immutable value 'giveawayMessageId' was never used; consider replacing with '_' or removing it [#NoUsage]
 51 |             self.data = .init(slug: nil, starsAmount: Int(amount), fromGiveaway: true, boostPeerId: boostPeerId, months: 0, unclaimed: isUnclaimed, media: media)
 52 |         default:

/Users/buddhirajgautam/Documents/Cherrygram-Mac/macOS-Swift/Telegram-Mac/ChatGiveawayGiftRowItem.swift:156:46: warning: immutable value 'isUnclaimed' was never used; consider replacing with '_' or removing it [#NoUsage]
154 |             } else {
155 |                 switch data.media.action {
156 |                 case let .prizeStars(amount, isUnclaimed, boostPeerId, transactionId, giveawayMessageId):
    |                                              `- warning: immutable value 'isUnclaimed' was never used; consider replacing with '_' or removing it [#NoUsage]
157 |                     if let transactionId, let boostPeerId, let peer = message.peers[boostPeerId] {
158 |                         

/Users/buddhirajgautam/Documents/Cherrygram-Mac/macOS-Swift/Telegram-Mac/SelectStoryModalController.swift:41:9: warning: variable 'sectionId' was never mutated; consider changing to 'let' constant [#VariableNeverMutated]
 39 |     var entries:[InputDataEntry] = []
 40 |     
 41 |     var sectionId:Int32 = 0
    |         `- warning: variable 'sectionId' was never mutated; consider changing to 'let' constant [#VariableNeverMutated]
 42 |     var index: Int32 = 0
 43 |     

/Users/buddhirajgautam/Documents/Cherrygram-Mac/macOS-Swift/Telegram-Mac/SelectStoryModalController.swift:42:9: warning: variable 'index' was never mutated; consider changing to 'let' constant [#VariableNeverMutated]
 40 |     
 41 |     var sectionId:Int32 = 0
 42 |     var index: Int32 = 0
    |         `- warning: variable 'index' was never mutated; consider changing to 'let' constant [#VariableNeverMutated]
 43 |     
 44 | //    entries.append(.sectionId(sectionId, type: .normal))

/Users/buddhirajgautam/Documents/Cherrygram-Mac/macOS-Swift/Telegram-Mac/SelectStoryModalController.swift:118:9: warning: initialization of immutable value 'collectionGiftsLimit' was never used; consider replacing with assignment to '_' or removing it [#NoUsage]
116 |     }))
117 |     
118 |     let collectionGiftsLimit = context.appConfiguration.getGeneralValue("collection_stories_limit", orElse: 1000)
    |         `- warning: initialization of immutable value 'collectionGiftsLimit' was never used; consider replacing with assignment to '_' or removing it [#NoUsage]
119 | 
120 | 

/Users/buddhirajgautam/Documents/Cherrygram-Mac/macOS-Swift/Telegram-Mac/SelectStoryModalController.swift:122:13: warning: variable 'failedToAdd' was never mutated; consider changing to 'let' constant [#VariableNeverMutated]
120 | 
121 |     let arguments = Arguments(context: context, toggleSelected: { id in
122 |         var failedToAdd: Bool = false
    |             `- warning: variable 'failedToAdd' was never mutated; consider changing to 'let' constant [#VariableNeverMutated]
123 |         updateState { current in
124 |             var current = current

/Users/buddhirajgautam/Documents/Cherrygram-Mac/macOS-Swift/Telegram-Mac/SecureIdVerificationDocument.swift:67:9: warning: 'Hashable.hashValue' is deprecated as a protocol requirement; conform type 'SecureIdVerificationDocumentId' to 'Hashable' by implementing 'hash(into:)' instead [#DeprecatedDeclaration]
 65 |     }
 66 |     
 67 |     var hashValue: Int {
    |         `- warning: 'Hashable.hashValue' is deprecated as a protocol requirement; conform type 'SecureIdVerificationDocumentId' to 'Hashable' by implementing 'hash(into:)' instead [#DeprecatedDeclaration]
 68 |         switch self {
 69 |             case let .local(id):

/Users/buddhirajgautam/Documents/Cherrygram-Mac/macOS-Swift/Telegram-Mac/PremiumGiftingController.swift:512:9: warning: variable 'i' was never used; consider replacing with '_' or removing it [#NoUsage]
510 |     var paymentOptions: [PaymentTuple] = []
511 |     
512 |     var i: Int32 = 0
    |         `- warning: variable 'i' was never used; consider replacing with '_' or removing it [#NoUsage]
513 |     var existingMonths = Set<Int32>()
514 |     

/Users/buddhirajgautam/Documents/Cherrygram-Mac/macOS-Swift/Telegram-Mac/PremiumGiftingController.swift:896:9: warning: variable '_features' was written to, but never read
894 |     }
895 |     
896 |     var _features: ViewController?
    |         `- warning: variable '_features' was written to, but never read
897 |     
898 |     openFeature = { [weak controller] value in

/Users/buddhirajgautam/Documents/Cherrygram-Mac/macOS-Swift/Telegram-Mac/PremiumGiftingController.swift:922:13: warning: initialization of immutable value 'bgColorView' was never used; consider replacing with assignment to '_' or removing it [#NoUsage]
920 |         }, for: .Click)
921 |         
922 |         let bgColorView = View(frame: NSMakeRect(0, features._frameRect.maxY, features._frameRect.width, 50))
    |             `- warning: initialization of immutable value 'bgColorView' was never used; consider replacing with assignment to '_' or removing it [#NoUsage]
923 | 
924 |         closeFeatures = { [weak features, weak background] in

/Users/buddhirajgautam/Documents/Cherrygram-Mac/macOS-Swift/Telegram-Mac/SharedNotificationManager.swift:586:48: warning: 'NSUserNotification' was deprecated in macOS 11.0: All NSUserNotifications API should be replaced with UserNotifications.frameworks API [#DeprecatedDeclaration]
584 |                             }
585 |                             
586 |                             let notification = NSUserNotification()
    |                                                `- warning: 'NSUserNotification' was deprecated in macOS 11.0: All NSUserNotifications API should be replaced with UserNotifications.frameworks API [#DeprecatedDeclaration]
587 |                             
588 |                             notification.identifier = "msg_\(message.id.string)"

/Users/buddhirajgautam/Documents/Cherrygram-Mac/macOS-Swift/Telegram-Mac/ContextListRowItem.swift:65:75: warning: 'substring(to:)' is deprecated: Please use String slicing subscript with a 'partial range upto' operator. [#DeprecatedDeclaration]
 63 |             if let selectedUrl = selectedUrl, let parsedUrl = URL(string: selectedUrl) {
 64 |                 if let host = parsedUrl.host, !host.isEmpty {
 65 |                     iconText = NSAttributedString.initialize(string: host.substring(to: host.index(after: host.startIndex)).uppercased(), color: .white, font: .medium(25.0))
    |                                                                           `- warning: 'substring(to:)' is deprecated: Please use String slicing subscript with a 'partial range upto' operator. [#DeprecatedDeclaration]
 66 |                 }
 67 |             }

/Users/buddhirajgautam/Documents/Cherrygram-Mac/macOS-Swift/Telegram-Mac/ContextListRowItem.swift:103:43: warning: 'substring(to:)' is deprecated: Please use String slicing subscript with a 'partial range upto' operator. [#DeprecatedDeclaration]
101 |             if iconText == nil {
102 |                 if let title = result.title, !title.isEmpty {
103 |                     let titleText = title.substring(to: title.index(after: title.startIndex)).uppercased()
    |                                           `- warning: 'substring(to:)' is deprecated: Please use String slicing subscript with a 'partial range upto' operator. [#DeprecatedDeclaration]
104 |                     iconText = .initialize(string: titleText, color: .white, font: .medium(25.0))
105 |                 }

/Users/buddhirajgautam/Documents/Cherrygram-Mac/macOS-Swift/Telegram-Mac/ContextListRowItem.swift:383:13: warning: initialization of immutable value 'updated' was never used; consider replacing with assignment to '_' or removing it [#NoUsage]
381 |     
382 |     override func set(item: TableRowItem, animated: Bool) {
383 |         let updated = self.item != item
    |             `- warning: initialization of immutable value 'updated' was never used; consider replacing with assignment to '_' or removing it [#NoUsage]
384 |         super.set(item: item, animated: animated)
385 |         


SwiftCompile normal arm64 /Users/buddhirajgautam/Documents/Cherrygram-Mac/macOS-Swift/Telegram-Mac/StoryMediaController.swift (in target 'Telegram' from project 'Telegram')
    cd /Users/buddhirajgautam/Documents/Cherrygram-Mac/macOS-Swift
    builtin-SwiftPerFileCompile StoryMediaController.swift

SwiftCompile normal arm64 /Users/buddhirajgautam/Documents/Cherrygram-Mac/macOS-Swift/Telegram-Mac/PeerMediaListController.swift (in target 'Telegram' from project 'Telegram')
    cd /Users/buddhirajgautam/Documents/Cherrygram-Mac/macOS-Swift
    builtin-SwiftPerFileCompile PeerMediaListController.swift

SwiftCompile normal arm64 /Users/buddhirajgautam/Documents/Cherrygram-Mac/macOS-Swift/Telegram-Mac/GifPanelTabRowItem.swift (in target 'Telegram' from project 'Telegram')
    cd /Users/buddhirajgautam/Documents/Cherrygram-Mac/macOS-Swift
    builtin-SwiftPerFileCompile GifPanelTabRowItem.swift

SwiftCompile normal arm64 /Users/buddhirajgautam/Documents/Cherrygram-Mac/macOS-Swift/Telegram-Mac/CallSettingsModalController.swift (in target 'Telegram' from project 'Telegram')
    cd /Users/buddhirajgautam/Documents/Cherrygram-Mac/macOS-Swift
    builtin-SwiftPerFileCompile CallSettingsModalController.swift

SwiftCompile normal arm64 /Users/buddhirajgautam/Documents/Cherrygram-Mac/macOS-Swift/Telegram-Mac/AccountInfoItem.swift (in target 'Telegram' from project 'Telegram')
    cd /Users/buddhirajgautam/Documents/Cherrygram-Mac/macOS-Swift
    builtin-SwiftPerFileCompile AccountInfoItem.swift

SwiftCompile normal arm64 /Users/buddhirajgautam/Documents/Cherrygram-Mac/macOS-Swift/Telegram-Mac/ChatGiveawayGiftRowItem.swift (in target 'Telegram' from project 'Telegram')
    cd /Users/buddhirajgautam/Documents/Cherrygram-Mac/macOS-Swift
    builtin-SwiftPerFileCompile ChatGiveawayGiftRowItem.swift

SwiftCompile normal arm64 /Users/buddhirajgautam/Documents/Cherrygram-Mac/macOS-Swift/Telegram-Mac/SPPreviewController.swift (in target 'Telegram' from project 'Telegram')
    cd /Users/buddhirajgautam/Documents/Cherrygram-Mac/macOS-Swift
    builtin-SwiftPerFileCompile SPPreviewController.swift

SwiftCompile normal arm64 /Users/buddhirajgautam/Documents/Cherrygram-Mac/macOS-Swift/Telegram-Mac/MessageSharedRowItem.swift (in target 'Telegram' from project 'Telegram')
    cd /Users/buddhirajgautam/Documents/Cherrygram-Mac/macOS-Swift
    builtin-SwiftPerFileCompile MessageSharedRowItem.swift

SwiftCompile normal arm64 /Users/buddhirajgautam/Documents/Cherrygram-Mac/macOS-Swift/Telegram-Mac/WidgetAppearance.swift (in target 'Telegram' from project 'Telegram')
    cd /Users/buddhirajgautam/Documents/Cherrygram-Mac/macOS-Swift
    builtin-SwiftPerFileCompile WidgetAppearance.swift

SwiftCompile normal arm64 /Users/buddhirajgautam/Documents/Cherrygram-Mac/macOS-Swift/Telegram-Mac/ChatCalendarHeaderRowItem.swift (in target 'Telegram' from project 'Telegram')
    cd /Users/buddhirajgautam/Documents/Cherrygram-Mac/macOS-Swift
    builtin-SwiftPerFileCompile ChatCalendarHeaderRowItem.swift

SwiftCompile normal arm64 /Users/buddhirajgautam/Documents/Cherrygram-Mac/macOS-Swift/Telegram-Mac/AccountViewController.swift (in target 'Telegram' from project 'Telegram')
    cd /Users/buddhirajgautam/Documents/Cherrygram-Mac/macOS-Swift
    builtin-SwiftPerFileCompile AccountViewController.swift

SwiftCompile normal arm64 /Users/buddhirajgautam/Documents/Cherrygram-Mac/macOS-Swift/Telegram-Mac/SelectStoryModalController.swift (in target 'Telegram' from project 'Telegram')
    cd /Users/buddhirajgautam/Documents/Cherrygram-Mac/macOS-Swift
    builtin-SwiftPerFileCompile SelectStoryModalController.swift

SwiftCompile normal arm64 /Users/buddhirajgautam/Documents/Cherrygram-Mac/macOS-Swift/Telegram-Mac/PremiumStarSceneView.swift (in target 'Telegram' from project 'Telegram')
    cd /Users/buddhirajgautam/Documents/Cherrygram-Mac/macOS-Swift
    builtin-SwiftPerFileCompile PremiumStarSceneView.swift

SwiftCompile normal arm64 /Users/buddhirajgautam/Documents/Cherrygram-Mac/macOS-Swift/Telegram-Mac/InstantPageArticleItem.swift (in target 'Telegram' from project 'Telegram')
    cd /Users/buddhirajgautam/Documents/Cherrygram-Mac/macOS-Swift
    builtin-SwiftPerFileCompile InstantPageArticleItem.swift

SwiftCompile normal arm64 /Users/buddhirajgautam/Documents/Cherrygram-Mac/macOS-Swift/Telegram-Mac/SecureIdVerificationDocument.swift (in target 'Telegram' from project 'Telegram')
    cd /Users/buddhirajgautam/Documents/Cherrygram-Mac/macOS-Swift
    builtin-SwiftPerFileCompile SecureIdVerificationDocument.swift

SwiftCompile normal arm64 /Users/buddhirajgautam/Documents/Cherrygram-Mac/macOS-Swift/Telegram-Mac/PaymentsTipsRowItem.swift (in target 'Telegram' from project 'Telegram')
    cd /Users/buddhirajgautam/Documents/Cherrygram-Mac/macOS-Swift
    builtin-SwiftPerFileCompile PaymentsTipsRowItem.swift

SwiftCompile normal arm64 /Users/buddhirajgautam/Documents/Cherrygram-Mac/macOS-Swift/Telegram-Mac/PremiumBoardingHeaderItem.swift (in target 'Telegram' from project 'Telegram')
    cd /Users/buddhirajgautam/Documents/Cherrygram-Mac/macOS-Swift
    builtin-SwiftPerFileCompile PremiumBoardingHeaderItem.swift

SwiftCompile normal arm64 /Users/buddhirajgautam/Documents/Cherrygram-Mac/macOS-Swift/Telegram-Mac/PremiumGiftingController.swift (in target 'Telegram' from project 'Telegram')
    cd /Users/buddhirajgautam/Documents/Cherrygram-Mac/macOS-Swift
    builtin-SwiftPerFileCompile PremiumGiftingController.swift

SwiftCompile normal arm64 /Users/buddhirajgautam/Documents/Cherrygram-Mac/macOS-Swift/Telegram-Mac/SharedNotificationManager.swift (in target 'Telegram' from project 'Telegram')
    cd /Users/buddhirajgautam/Documents/Cherrygram-Mac/macOS-Swift
    builtin-SwiftPerFileCompile SharedNotificationManager.swift

SwiftCompile normal arm64 /Users/buddhirajgautam/Documents/Cherrygram-Mac/macOS-Swift/Telegram-Mac/StoryFetchManager.swift (in target 'Telegram' from project 'Telegram')
    cd /Users/buddhirajgautam/Documents/Cherrygram-Mac/macOS-Swift
    builtin-SwiftPerFileCompile StoryFetchManager.swift

SwiftCompile normal arm64 /Users/buddhirajgautam/Documents/Cherrygram-Mac/macOS-Swift/Telegram-Mac/SharedWakeupManager.swift (in target 'Telegram' from project 'Telegram')
    cd /Users/buddhirajgautam/Documents/Cherrygram-Mac/macOS-Swift
    builtin-SwiftPerFileCompile SharedWakeupManager.swift

SwiftCompile normal arm64 /Users/buddhirajgautam/Documents/Cherrygram-Mac/macOS-Swift/Telegram-Mac/PassportInsertPasswordItem.swift (in target 'Telegram' from project 'Telegram')
    cd /Users/buddhirajgautam/Documents/Cherrygram-Mac/macOS-Swift
    builtin-SwiftPerFileCompile PassportInsertPasswordItem.swift

SwiftCompile normal arm64 /Users/buddhirajgautam/Documents/Cherrygram-Mac/macOS-Swift/Telegram-Mac/AnimatedBadgeView.swift (in target 'Telegram' from project 'Telegram')
    cd /Users/buddhirajgautam/Documents/Cherrygram-Mac/macOS-Swift
    builtin-SwiftPerFileCompile AnimatedBadgeView.swift

SwiftCompile normal arm64 /Users/buddhirajgautam/Documents/Cherrygram-Mac/macOS-Swift/Telegram-Mac/ContextListRowItem.swift (in target 'Telegram' from project 'Telegram')
    cd /Users/buddhirajgautam/Documents/Cherrygram-Mac/macOS-Swift
    builtin-SwiftPerFileCompile ContextListRowItem.swift

SwiftCompile normal arm64 /Users/buddhirajgautam/Documents/Cherrygram-Mac/macOS-Swift/Telegram-Mac/ChatCalendarModalController.swift (in target 'Telegram' from project 'Telegram')
    cd /Users/buddhirajgautam/Documents/Cherrygram-Mac/macOS-Swift
    builtin-SwiftPerFileCompile ChatCalendarModalController.swift

SwiftCompile normal arm64 Compiling\ ChatInterfaceInteraction.swift,\ BusinessTimezonesController.swift,\ SeparatorRowItem.swift,\ EmptyGroupstickerSearchRowItem.swift,\ SlotMachineValue.swift,\ ModalAlertController.swift,\ ModalPreviews.swift,\ ChatUrlPreviewModel.swift,\ VideoRecorderPipeline.swift,\ FolderIcons.swift,\ PIPVideoWindow.swift,\ FetchVideoMediaResource.swift,\ LoginErrorStateView.swift,\ ContextSearchMessageItem.swift,\ ChatGradientModel.swift,\ ChannelStatisticsController.swift,\ EStickView.swift,\ VCardModalController.swift,\ WallpaperPreviewController.swift,\ ShareCloudFolderController.swift,\ PeerMediaSavedMessagesController.swift,\ GalleryModernControls.swift,\ ContactsController.swift,\ RTMPStartController.swift,\ DownloadsController.swift /Users/buddhirajgautam/Documents/Cherrygram-Mac/macOS-Swift/Telegram-Mac/ChatInterfaceInteraction.swift /Users/buddhirajgautam/Documents/Cherrygram-Mac/macOS-Swift/Telegram-Mac/BusinessTimezonesController.swift /Users/buddhirajgautam/Documents/Cherrygram-Mac/macOS-Swift/Telegram-Mac/SeparatorRowItem.swift /Users/buddhirajgautam/Documents/Cherrygram-Mac/macOS-Swift/Telegram-Mac/EmptyGroupstickerSearchRowItem.swift /Users/buddhirajgautam/Documents/Cherrygram-Mac/macOS-Swift/Telegram-Mac/SlotMachineValue.swift /Users/buddhirajgautam/Documents/Cherrygram-Mac/macOS-Swift/Telegram-Mac/ModalAlertController.swift /Users/buddhirajgautam/Documents/Cherrygram-Mac/macOS-Swift/Telegram-Mac/ModalPreviews.swift /Users/buddhirajgautam/Documents/Cherrygram-Mac/macOS-Swift/Telegram-Mac/ChatUrlPreviewModel.swift /Users/buddhirajgautam/Documents/Cherrygram-Mac/macOS-Swift/Telegram-Mac/VideoRecorderPipeline.swift /Users/buddhirajgautam/Documents/Cherrygram-Mac/macOS-Swift/Telegram-Mac/FolderIcons.swift /Users/buddhirajgautam/Documents/Cherrygram-Mac/macOS-Swift/Telegram-Mac/PIPVideoWindow.swift /Users/buddhirajgautam/Documents/Cherrygram-Mac/macOS-Swift/Telegram-Mac/FetchVideoMediaResource.swift /Users/buddhirajgautam/Documents/Cherrygram-Mac/macOS-Swift/Telegram-Mac/LoginErrorStateView.swift /Users/buddhirajgautam/Documents/Cherrygram-Mac/macOS-Swift/Telegram-Mac/ContextSearchMessageItem.swift /Users/buddhirajgautam/Documents/Cherrygram-Mac/macOS-Swift/Telegram-Mac/ChatGradientModel.swift /Users/buddhirajgautam/Documents/Cherrygram-Mac/macOS-Swift/Telegram-Mac/ChannelStatisticsController.swift /Users/buddhirajgautam/Documents/Cherrygram-Mac/macOS-Swift/Telegram-Mac/EStickView.swift /Users/buddhirajgautam/Documents/Cherrygram-Mac/macOS-Swift/Telegram-Mac/VCardModalController.swift /Users/buddhirajgautam/Documents/Cherrygram-Mac/macOS-Swift/Telegram-Mac/WallpaperPreviewController.swift /Users/buddhirajgautam/Documents/Cherrygram-Mac/macOS-Swift/Telegram-Mac/ShareCloudFolderController.swift /Users/buddhirajgautam/Documents/Cherrygram-Mac/macOS-Swift/Telegram-Mac/PeerMediaSavedMessagesController.swift /Users/buddhirajgautam/Documents/Cherrygram-Mac/macOS-Swift/Telegram-Mac/GalleryModernControls.swift /Users/buddhirajgautam/Documents/Cherrygram-Mac/macOS-Swift/Telegram-Mac/ContactsController.swift /Users/buddhirajgautam/Documents/Cherrygram-Mac/macOS-Swift/Telegram-Mac/RTMPStartController.swift /Users/buddhirajgautam/Documents/Cherrygram-Mac/macOS-Swift/Telegram-Mac/DownloadsController.swift (in target 'Telegram' from project 'Telegram')
/Users/buddhirajgautam/Documents/Cherrygram-Mac/macOS-Swift/Telegram-Mac/ChatUrlPreviewModel.swift:18:12: warning: extraneous whitespace between attribute name and '('; this is an error in the Swift 6 language mode
16 |     private let webpageDisposable = MetaDisposable()
17 |     
18 |     private (set) var webpage: TelegramMediaWebpage
   |            `- warning: extraneous whitespace between attribute name and '('; this is an error in the Swift 6 language mode
19 |     private let url:String
20 |     init(context: AccountContext, webpage: TelegramMediaWebpage, url:String) {

/Users/buddhirajgautam/Documents/Cherrygram-Mac/macOS-Swift/Telegram-Mac/ChatInterfaceInteraction.swift:410:37: warning: enum case 'contextRequest' has 2 associated values; matching them as a tuple is deprecated [#deprecation]
 408 |     }
 409 |     func clearContextQuery() {
 410 |         if case let .contextRequest(query) = self.presentation.inputContext {
     |                                     `- warning: enum case 'contextRequest' has 2 associated values; matching them as a tuple is deprecated [#deprecation]
 411 |             let str = "@" + query.addressName + " "
 412 |             let state = ChatTextInputState(inputText: str, selectionRange: str.length ..< str.length, attributes: [])

/Users/buddhirajgautam/Documents/Cherrygram-Mac/macOS-Swift/Telegram-Mac/ChatPresentationInterfaceState.swift:133:10: note: 'contextRequest(addressName:query:)' declared here
 131 |     case mention(query: String, includeRecent: Bool)
 132 |     case command(String)
 133 |     case contextRequest(addressName: String, query: String)
     |          `- note: 'contextRequest(addressName:query:)' declared here
 134 |     case emoji(String, firstWord: Bool)
 135 |     case stickers(String)

/Users/buddhirajgautam/Documents/Cherrygram-Mac/macOS-Swift/Telegram-Mac/ChatInterfaceInteraction.swift:582:34: warning: immutable value 'peek' was never used; consider replacing with '_' or removing it [#NoUsage]
 580 |             case .source:
 581 |                 break
 582 |             case let .closeAfter(peek):
     |                                  `- warning: immutable value 'peek' was never used; consider replacing with '_' or removing it [#NoUsage]
 583 |                 break
 584 |             case let .openMedia(timemark):

/Users/buddhirajgautam/Documents/Cherrygram-Mac/macOS-Swift/Telegram-Mac/ChatInterfaceInteraction.swift:802:40: warning: enum case 'callback' has 2 associated values; matching them as a tuple is deprecated [#deprecation]
 800 |                     case .openWebApp:
 801 |                         strongSelf.requestMessageActionCallback(keyboardMessage.id, true, nil)
 802 |                     case let .callback(data):
     |                                        `- warning: enum case 'callback' has 2 associated values; matching them as a tuple is deprecated [#deprecation]
 803 |                         strongSelf.requestMessageActionCallback(keyboardMessage.id, false, data)
 804 |                     case let .switchInline(samePeer: same, query: query, peerTypes):

<unknown>:0: note: 'callback(requiresPassword:data:)' declared here
/Users/buddhirajgautam/Documents/Cherrygram-Mac/macOS-Swift/Telegram-Mac/ChatInterfaceInteraction.swift:776:17: warning: initialization of immutable value 'peerId' was never used; consider replacing with assignment to '_' or removing it [#NoUsage]
 774 |             
 775 |             let context = self.context
 776 |             let peerId = self.peerId
     |                 `- warning: initialization of immutable value 'peerId' was never used; consider replacing with assignment to '_' or removing it [#NoUsage]
 777 |             let threadId = self.chatLocation.threadId
 778 |             

/Users/buddhirajgautam/Documents/Cherrygram-Mac/macOS-Swift/Telegram-Mac/ChatInterfaceInteraction.swift:970:40: warning: value 'amount' was defined but never used; consider replacing with boolean test [#NoUsage]
 968 |                                 let author = keyboardMessage.author?.displayTitle ?? ""
 969 |                                 let info: String
 970 |                                 if let amount {
     |                                        `- warning: value 'amount' was defined but never used; consider replacing with boolean test [#NoUsage]
 971 |                                     info = strings().chatSuggestPostPublishConfirmInfo(author, formatted, "\(comission.decemial.string)%")
 972 |                                 } else {

/Users/buddhirajgautam/Documents/Cherrygram-Mac/macOS-Swift/Telegram-Mac/BusinessTimezonesController.swift:43:9: warning: variable 'index' was never mutated; consider changing to 'let' constant [#VariableNeverMutated]
 41 |     
 42 |     var sectionId:Int32 = 0
 43 |     var index: Int32 = 0
    |         `- warning: variable 'index' was never mutated; consider changing to 'let' constant [#VariableNeverMutated]
 44 |     
 45 |    

/Users/buddhirajgautam/Documents/Cherrygram-Mac/macOS-Swift/Telegram-Mac/BusinessTimezonesController.swift:63:14: warning: immutable value 'i' was never used; consider replacing with '_' or removing it [#NoUsage]
 61 |         }))
 62 |     } else {
 63 |         for (i, timezone) in list.enumerated() {
    |              `- warning: immutable value 'i' was never used; consider replacing with '_' or removing it [#NoUsage]
 64 |             entries.append(.general(sectionId: sectionId, index: index, value: .none, error: nil, identifier: _id_timezone(timezone), data: .init(name: timezone.title, color: theme.colors.text, type: timezone == state.selected ? .image(theme.icons.poll_selected) : .none, viewType: .legacy, description: timezone.gmtText, descTextColor: theme.colors.grayText, action: {
 65 |                 arguments.toggle(timezone)

/Users/buddhirajgautam/Library/Developer/Xcode/DerivedData/Telegram-Mac-fygdgghdgmuleoelvxabfmqiotta/Build/Intermediates.noindex/Telegram.build/Debug/Telegram.build/DerivedSources/GeneratedAssetSymbols.swift:1852:14: warning: The "Icon_Profile_Call" image asset name resolves to the symbol "iconProfileCall" which already exists. Try renaming the asset.
1850 |     static let iconProfileBoost = ImageResource(name: "Icon_Profile_Boost", bundle: resourceBundle)
1851 | 
1852 |     #warning("The \"Icon_Profile_Call\" image asset name resolves to the symbol \"iconProfileCall\" which already exists. Try renaming the asset.")
     |              `- warning: The "Icon_Profile_Call" image asset name resolves to the symbol "iconProfileCall" which already exists. Try renaming the asset.
1853 | 
1854 |     /// The "Icon_Profile_ChannelSign" asset catalog image resource.

/Users/buddhirajgautam/Library/Developer/Xcode/DerivedData/Telegram-Mac-fygdgghdgmuleoelvxabfmqiotta/Build/Intermediates.noindex/Telegram.build/Debug/Telegram.build/DerivedSources/GeneratedAssetSymbols.swift:2454:14: warning: The "Icon_Story_Repost" image asset name resolves to the symbol "iconStoryRepost" which already exists. Try renaming the asset.
2452 |     static let iconStoryInlineReactionShadow = ImageResource(name: "Icon_Story_InlineReaction_Shadow", bundle: resourceBundle)
2453 | 
2454 |     #warning("The \"Icon_Story_Repost\" image asset name resolves to the symbol \"iconStoryRepost\" which already exists. Try renaming the asset.")
     |              `- warning: The "Icon_Story_Repost" image asset name resolves to the symbol "iconStoryRepost" which already exists. Try renaming the asset.
2455 | 
2456 |     /// The "Icon_Story_Selected_Contacts" asset catalog image resource.

/Users/buddhirajgautam/Documents/Cherrygram-Mac/macOS-Swift/Telegram-Mac/VideoRecorderPipeline.swift:113:44: warning: 'devices(for:)' was deprecated in macOS 10.15: Use AVCaptureDeviceDiscoverySession instead. [#DeprecatedDeclaration]
111 |         
112 |         
113 |         var videoDevices = AVCaptureDevice.devices(for: .video).filter({ $0.isConnected && !$0.isSuspended })
    |                                            `- warning: 'devices(for:)' was deprecated in macOS 10.15: Use AVCaptureDeviceDiscoverySession instead. [#DeprecatedDeclaration]
114 |         var audioDevices = AVCaptureDevice.devices(for: .audio)
115 | 

/Users/buddhirajgautam/Documents/Cherrygram-Mac/macOS-Swift/Telegram-Mac/VideoRecorderPipeline.swift:114:44: warning: 'devices(for:)' was deprecated in macOS 10.15: Use AVCaptureDeviceDiscoverySession instead. [#DeprecatedDeclaration]
112 |         
113 |         var videoDevices = AVCaptureDevice.devices(for: .video).filter({ $0.isConnected && !$0.isSuspended })
114 |         var audioDevices = AVCaptureDevice.devices(for: .audio)
    |                                            `- warning: 'devices(for:)' was deprecated in macOS 10.15: Use AVCaptureDeviceDiscoverySession instead. [#DeprecatedDeclaration]
115 | 
116 |         if !videoDevices.isEmpty, let device = defVideoDevice {

/Users/buddhirajgautam/Documents/Cherrygram-Mac/macOS-Swift/Telegram-Mac/FetchVideoMediaResource.swift:25:25: warning: initialization of immutable value 'remuxedPath' was never used; consider replacing with assignment to '_' or removing it [#NoUsage]
 23 |             queue.async {
 24 |                 TGGifConverter.convertGif(toMp4: data, exportPath: exportPath, completionHandler: { path in
 25 |                     let remuxedPath = NSTemporaryDirectory() + "\(arc4random()).mp4"
    |                         `- warning: initialization of immutable value 'remuxedPath' was never used; consider replacing with assignment to '_' or removing it [#NoUsage]
 26 | //                    let remuxed = FFMpegRemuxer.remux(path, to: remuxedPath)
 27 | //                    if remuxed {

/Users/buddhirajgautam/Documents/Cherrygram-Mac/macOS-Swift/Telegram-Mac/ContextSearchMessageItem.swift:94:13: warning: initialization of immutable value 'subranges' was never used; consider replacing with assignment to '_' or removing it [#NoUsage]
 92 |         
 93 |         let string = text
 94 |         let subranges = findSubstringRanges(in: string.lowercased(), query: searchText.lowercased()).0
    |             `- warning: initialization of immutable value 'subranges' was never used; consider replacing with assignment to '_' or removing it [#NoUsage]
 95 | //
 96 |         

/Users/buddhirajgautam/Documents/Cherrygram-Mac/macOS-Swift/Telegram-Mac/ChannelStatisticsController.swift:19:66: warning: 'WebView' was deprecated in macOS 10.14: No longer supported; please adopt WKWebView. [#DeprecatedDeclaration]
17 | 
18 | 
19 | class ChannelStatisticsController: TelegramGenericViewController<WebView> {
   |                                                                  `- warning: 'WebView' was deprecated in macOS 10.14: No longer supported; please adopt WKWebView. [#DeprecatedDeclaration]
20 |     private let peerId:PeerId
21 |     

/Users/buddhirajgautam/Documents/Cherrygram-Mac/macOS-Swift/Telegram-Mac/VCardModalController.swift:150:9: warning: immutable value 'updateState' was never used; consider replacing with '_' or removing it [#NoUsage]
148 |     let statePromise = ValuePromise(initialState, ignoreRepeated: true)
149 |     let stateValue = Atomic(value: initialState)
150 |     let updateState: ((State) -> State) -> Void = { f in
    |         `- warning: immutable value 'updateState' was never used; consider replacing with '_' or removing it [#NoUsage]
151 |         statePromise.set(stateValue.modify (f))
152 |     }

/Users/buddhirajgautam/Documents/Cherrygram-Mac/macOS-Swift/Telegram-Mac/WallpaperPreviewController.swift:1114:93: warning: 'kUTTypeJPEG' was deprecated in macOS 12.0: Use UTTypeJPEG or UTType.jpeg (swift) instead. [#DeprecatedDeclaration]
1112 |                     let mutableData: CFMutableData = NSMutableData() as CFMutableData
1113 |                     
1114 |                     if let colorDestination = CGImageDestinationCreateWithData(mutableData, kUTTypeJPEG, 1, nil) {
     |                                                                                             `- warning: 'kUTTypeJPEG' was deprecated in macOS 12.0: Use UTTypeJPEG or UTType.jpeg (swift) instead. [#DeprecatedDeclaration]
1115 |                         CGImageDestinationAddImage(colorDestination, fittedImage, options as CFDictionary)
1116 |                         if CGImageDestinationFinalize(colorDestination) {

/Users/buddhirajgautam/Documents/Cherrygram-Mac/macOS-Swift/Telegram-Mac/WallpaperPreviewController.swift:1271:93: warning: 'kUTTypeJPEG' was deprecated in macOS 12.0: Use UTTypeJPEG or UTType.jpeg (swift) instead. [#DeprecatedDeclaration]
1269 |                     let mutableData: CFMutableData = NSMutableData() as CFMutableData
1270 |                     
1271 |                     if let colorDestination = CGImageDestinationCreateWithData(mutableData, kUTTypeJPEG, 1, nil) {
     |                                                                                             `- warning: 'kUTTypeJPEG' was deprecated in macOS 12.0: Use UTTypeJPEG or UTType.jpeg (swift) instead. [#DeprecatedDeclaration]
1272 |                         CGImageDestinationAddImage(colorDestination, fittedImage, options as CFDictionary)
1273 |                         if CGImageDestinationFinalize(colorDestination) {

/Users/buddhirajgautam/Documents/Cherrygram-Mac/macOS-Swift/Telegram-Mac/PeerMediaSavedMessagesController.swift:144:9: warning: variable 'index' was never mutated; consider changing to 'let' constant [#VariableNeverMutated]
142 |     
143 |     var sectionId:Int32 = 0
144 |     var index: Int32 = 0
    |         `- warning: variable 'index' was never mutated; consider changing to 'let' constant [#VariableNeverMutated]
145 |     
146 |     func makeItem(_ entry: ChatWrappedEntry, initialSize: NSSize) -> TableRowItem {

/Users/buddhirajgautam/Documents/Cherrygram-Mac/macOS-Swift/Telegram-Mac/ChatEmptyPeerItem.swift:27:12: warning: extraneous whitespace between attribute name and '('; this is an error in the Swift 6 language mode
 25 |     private(set) var linkText: TextViewLayout?
 26 |     
 27 |     private (set) var introInfo: TextViewLayout?
    |            `- warning: extraneous whitespace between attribute name and '('; this is an error in the Swift 6 language mode
 28 |     
 29 |     override var stableId: AnyHashable {

/Users/buddhirajgautam/Documents/Cherrygram-Mac/macOS-Swift/Telegram-Mac/ContactsController.swift:233:47: warning: immutable value 'story' was never used; consider replacing with '_' or removing it [#NoUsage]
231 |             
232 |             switch entry {
233 |             case let .peer(peer, presence, _, story):
    |                                               `- warning: immutable value 'story' was never used; consider replacing with '_' or removing it [#NoUsage]
234 |                 var color:NSColor = theme.colors.grayText
235 |                 var string:String = strings().peerStatusRecently

/Users/buddhirajgautam/Documents/Cherrygram-Mac/macOS-Swift/Telegram-Mac/DownloadsController.swift:72:9: warning: variable 'sectionId' was never mutated; consider changing to 'let' constant [#VariableNeverMutated]
 70 |     var entries:[InputDataEntry] = []
 71 |     
 72 |     var sectionId:Int32 = 0
    |         `- warning: variable 'sectionId' was never mutated; consider changing to 'let' constant [#VariableNeverMutated]
 73 |     var index: Int32 = 0
 74 |     

/Users/buddhirajgautam/Documents/Cherrygram-Mac/macOS-Swift/Telegram-Mac/DownloadsController.swift:213:72: warning: conditional cast from 'TelegramMediaFile' to 'TelegramMediaFile' always succeeds
211 |                 if value.resourceId != file.resource.id.stringRepresentation {
212 |                     for alternativeRepresentation in file.alternativeRepresentations {
213 |                         if let alternative = alternativeRepresentation as? TelegramMediaFile {
    |                                                                        `- warning: conditional cast from 'TelegramMediaFile' to 'TelegramMediaFile' always succeeds
214 |                             if alternative.resource.id.stringRepresentation == value.resourceId {
215 |                                 media = alternative

/Users/buddhirajgautam/Documents/Cherrygram-Mac/macOS-Swift/Telegram-Mac/DownloadsController.swift:244:84: warning: conditional cast from 'TelegramMediaFile' to 'TelegramMediaFile' always succeeds
242 |                             if file.resource.id != entry.resourceReference.resource.id {
243 |                                 for alternativeRepresentation in file.alternativeRepresentations {
244 |                                     if let alternative = alternativeRepresentation as? TelegramMediaFile {
    |                                                                                    `- warning: conditional cast from 'TelegramMediaFile' to 'TelegramMediaFile' always succeeds
245 |                                         if alternative.resource.id == entry.resourceReference.resource.id {
246 |                                             media = alternative

/Users/buddhirajgautam/Documents/Cherrygram-Mac/macOS-Swift/Telegram-Mac/FetchVideoMediaResource.swift:154:13: warning: will never be executed
151 |                 break
152 |             }
153 |         }, error: { error in
    |                   `- note: 'error' is of type 'NoError' which cannot be constructed because it is an enum with no cases
154 |             subscriber.putError(.generic)
    |             `- warning: will never be executed
155 |         }, completed: {
156 |             subscriber.putCompletion()

[#DeprecatedDeclaration]: <https://docs.swift.org/compiler/documentation/diagnostics/deprecated-declaration>
[#NoUsage]: <https://docs.swift.org/compiler/documentation/diagnostics/no-usage>
[#VariableNeverMutated]: <https://docs.swift.org/compiler/documentation/diagnostics/variable-never-mutated>

SwiftCompile normal arm64 /Users/buddhirajgautam/Documents/Cherrygram-Mac/macOS-Swift/Telegram-Mac/ChatInterfaceInteraction.swift (in target 'Telegram' from project 'Telegram')
    cd /Users/buddhirajgautam/Documents/Cherrygram-Mac/macOS-Swift
    builtin-SwiftPerFileCompile ChatInterfaceInteraction.swift

SwiftCompile normal arm64 /Users/buddhirajgautam/Documents/Cherrygram-Mac/macOS-Swift/Telegram-Mac/BusinessTimezonesController.swift (in target 'Telegram' from project 'Telegram')
    cd /Users/buddhirajgautam/Documents/Cherrygram-Mac/macOS-Swift
    builtin-SwiftPerFileCompile BusinessTimezonesController.swift

SwiftCompile normal arm64 /Users/buddhirajgautam/Documents/Cherrygram-Mac/macOS-Swift/Telegram-Mac/SeparatorRowItem.swift (in target 'Telegram' from project 'Telegram')
    cd /Users/buddhirajgautam/Documents/Cherrygram-Mac/macOS-Swift
    builtin-SwiftPerFileCompile SeparatorRowItem.swift

SwiftCompile normal arm64 /Users/buddhirajgautam/Documents/Cherrygram-Mac/macOS-Swift/Telegram-Mac/EmptyGroupstickerSearchRowItem.swift (in target 'Telegram' from project 'Telegram')
    cd /Users/buddhirajgautam/Documents/Cherrygram-Mac/macOS-Swift
    builtin-SwiftPerFileCompile EmptyGroupstickerSearchRowItem.swift

SwiftCompile normal arm64 /Users/buddhirajgautam/Documents/Cherrygram-Mac/macOS-Swift/Telegram-Mac/SlotMachineValue.swift (in target 'Telegram' from project 'Telegram')
    cd /Users/buddhirajgautam/Documents/Cherrygram-Mac/macOS-Swift
    builtin-SwiftPerFileCompile SlotMachineValue.swift

SwiftCompile normal arm64 /Users/buddhirajgautam/Documents/Cherrygram-Mac/macOS-Swift/Telegram-Mac/ModalAlertController.swift (in target 'Telegram' from project 'Telegram')
    cd /Users/buddhirajgautam/Documents/Cherrygram-Mac/macOS-Swift
    builtin-SwiftPerFileCompile ModalAlertController.swift

SwiftCompile normal arm64 /Users/buddhirajgautam/Documents/Cherrygram-Mac/macOS-Swift/Telegram-Mac/ModalPreviews.swift (in target 'Telegram' from project 'Telegram')
    cd /Users/buddhirajgautam/Documents/Cherrygram-Mac/macOS-Swift
    builtin-SwiftPerFileCompile ModalPreviews.swift

SwiftCompile normal arm64 /Users/buddhirajgautam/Documents/Cherrygram-Mac/macOS-Swift/Telegram-Mac/ChatUrlPreviewModel.swift (in target 'Telegram' from project 'Telegram')
    cd /Users/buddhirajgautam/Documents/Cherrygram-Mac/macOS-Swift
    builtin-SwiftPerFileCompile ChatUrlPreviewModel.swift

SwiftCompile normal arm64 /Users/buddhirajgautam/Documents/Cherrygram-Mac/macOS-Swift/Telegram-Mac/VideoRecorderPipeline.swift (in target 'Telegram' from project 'Telegram')
    cd /Users/buddhirajgautam/Documents/Cherrygram-Mac/macOS-Swift
    builtin-SwiftPerFileCompile VideoRecorderPipeline.swift

SwiftCompile normal arm64 /Users/buddhirajgautam/Documents/Cherrygram-Mac/macOS-Swift/Telegram-Mac/FolderIcons.swift (in target 'Telegram' from project 'Telegram')
    cd /Users/buddhirajgautam/Documents/Cherrygram-Mac/macOS-Swift
    builtin-SwiftPerFileCompile FolderIcons.swift

SwiftCompile normal arm64 /Users/buddhirajgautam/Documents/Cherrygram-Mac/macOS-Swift/Telegram-Mac/PIPVideoWindow.swift (in target 'Telegram' from project 'Telegram')
    cd /Users/buddhirajgautam/Documents/Cherrygram-Mac/macOS-Swift
    builtin-SwiftPerFileCompile PIPVideoWindow.swift

SwiftCompile normal arm64 /Users/buddhirajgautam/Documents/Cherrygram-Mac/macOS-Swift/Telegram-Mac/FetchVideoMediaResource.swift (in target 'Telegram' from project 'Telegram')
    cd /Users/buddhirajgautam/Documents/Cherrygram-Mac/macOS-Swift
    builtin-SwiftPerFileCompile FetchVideoMediaResource.swift

SwiftCompile normal arm64 /Users/buddhirajgautam/Documents/Cherrygram-Mac/macOS-Swift/Telegram-Mac/LoginErrorStateView.swift (in target 'Telegram' from project 'Telegram')
    cd /Users/buddhirajgautam/Documents/Cherrygram-Mac/macOS-Swift
    builtin-SwiftPerFileCompile LoginErrorStateView.swift

SwiftCompile normal arm64 /Users/buddhirajgautam/Documents/Cherrygram-Mac/macOS-Swift/Telegram-Mac/ContextSearchMessageItem.swift (in target 'Telegram' from project 'Telegram')
    cd /Users/buddhirajgautam/Documents/Cherrygram-Mac/macOS-Swift
    builtin-SwiftPerFileCompile ContextSearchMessageItem.swift

SwiftCompile normal arm64 /Users/buddhirajgautam/Documents/Cherrygram-Mac/macOS-Swift/Telegram-Mac/ChatGradientModel.swift (in target 'Telegram' from project 'Telegram')
    cd /Users/buddhirajgautam/Documents/Cherrygram-Mac/macOS-Swift
    builtin-SwiftPerFileCompile ChatGradientModel.swift

SwiftCompile normal arm64 /Users/buddhirajgautam/Documents/Cherrygram-Mac/macOS-Swift/Telegram-Mac/ChannelStatisticsController.swift (in target 'Telegram' from project 'Telegram')
    cd /Users/buddhirajgautam/Documents/Cherrygram-Mac/macOS-Swift
    builtin-SwiftPerFileCompile ChannelStatisticsController.swift

SwiftCompile normal arm64 /Users/buddhirajgautam/Documents/Cherrygram-Mac/macOS-Swift/Telegram-Mac/EStickView.swift (in target 'Telegram' from project 'Telegram')
    cd /Users/buddhirajgautam/Documents/Cherrygram-Mac/macOS-Swift
    builtin-SwiftPerFileCompile EStickView.swift

SwiftCompile normal arm64 /Users/buddhirajgautam/Documents/Cherrygram-Mac/macOS-Swift/Telegram-Mac/VCardModalController.swift (in target 'Telegram' from project 'Telegram')
    cd /Users/buddhirajgautam/Documents/Cherrygram-Mac/macOS-Swift
    builtin-SwiftPerFileCompile VCardModalController.swift

SwiftCompile normal arm64 /Users/buddhirajgautam/Documents/Cherrygram-Mac/macOS-Swift/Telegram-Mac/WallpaperPreviewController.swift (in target 'Telegram' from project 'Telegram')
    cd /Users/buddhirajgautam/Documents/Cherrygram-Mac/macOS-Swift
    builtin-SwiftPerFileCompile WallpaperPreviewController.swift

SwiftCompile normal arm64 /Users/buddhirajgautam/Documents/Cherrygram-Mac/macOS-Swift/Telegram-Mac/ShareCloudFolderController.swift (in target 'Telegram' from project 'Telegram')
    cd /Users/buddhirajgautam/Documents/Cherrygram-Mac/macOS-Swift
    builtin-SwiftPerFileCompile ShareCloudFolderController.swift

SwiftCompile normal arm64 /Users/buddhirajgautam/Documents/Cherrygram-Mac/macOS-Swift/Telegram-Mac/PeerMediaSavedMessagesController.swift (in target 'Telegram' from project 'Telegram')
    cd /Users/buddhirajgautam/Documents/Cherrygram-Mac/macOS-Swift
    builtin-SwiftPerFileCompile PeerMediaSavedMessagesController.swift

SwiftCompile normal arm64 /Users/buddhirajgautam/Documents/Cherrygram-Mac/macOS-Swift/Telegram-Mac/GalleryModernControls.swift (in target 'Telegram' from project 'Telegram')
    cd /Users/buddhirajgautam/Documents/Cherrygram-Mac/macOS-Swift
    builtin-SwiftPerFileCompile GalleryModernControls.swift

SwiftCompile normal arm64 /Users/buddhirajgautam/Documents/Cherrygram-Mac/macOS-Swift/Telegram-Mac/ContactsController.swift (in target 'Telegram' from project 'Telegram')
    cd /Users/buddhirajgautam/Documents/Cherrygram-Mac/macOS-Swift
    builtin-SwiftPerFileCompile ContactsController.swift

SwiftCompile normal arm64 /Users/buddhirajgautam/Documents/Cherrygram-Mac/macOS-Swift/Telegram-Mac/RTMPStartController.swift (in target 'Telegram' from project 'Telegram')
    cd /Users/buddhirajgautam/Documents/Cherrygram-Mac/macOS-Swift
    builtin-SwiftPerFileCompile RTMPStartController.swift

SwiftCompile normal arm64 /Users/buddhirajgautam/Documents/Cherrygram-Mac/macOS-Swift/Telegram-Mac/DownloadsController.swift (in target 'Telegram' from project 'Telegram')
    cd /Users/buddhirajgautam/Documents/Cherrygram-Mac/macOS-Swift
    builtin-SwiftPerFileCompile DownloadsController.swift

SwiftCompile normal arm64 Compiling\ ChatInputMenuView.swift,\ CreateChannelController.swift,\ ChatSearchHeader.swift,\ PremiumGiftStarSceneView.swift,\ BrowserState.swift,\ MetalEngineTestController.swift,\ ContextMediaRowItem.swift,\ LAnimationButton.swift,\ MGalleryPhotoItem.swift,\ ChannelStatsSegmentController.swift,\ MediaAnimatedStickerView.swift,\ StorageUsageBlockController.swift,\ SidebarCapViewController.swift,\ Auth_PasswordEntry.swift,\ UserInfoEntries.swift,\ AppMenuAnimatedImage.swift,\ SearchRowItem.swift,\ CallRatingModalViewController.swift,\ ChatToasterView.swift,\ PeerMediaWebpageRowContent.swift,\ ChatInterfaceState.swift,\ SharedFolderClosureController.swift,\ ChatVideoMessageItem.swift,\ ChannelCommentsControls.swift,\ VerifyAgeAlertController.swift /Users/buddhirajgautam/Documents/Cherrygram-Mac/macOS-Swift/Telegram-Mac/ChatInputMenuView.swift /Users/buddhirajgautam/Documents/Cherrygram-Mac/macOS-Swift/Telegram-Mac/CreateChannelController.swift /Users/buddhirajgautam/Documents/Cherrygram-Mac/macOS-Swift/Telegram-Mac/ChatSearchHeader.swift /Users/buddhirajgautam/Documents/Cherrygram-Mac/macOS-Swift/Telegram-Mac/PremiumGiftStarSceneView.swift /Users/buddhirajgautam/Documents/Cherrygram-Mac/macOS-Swift/Telegram-Mac/BrowserState.swift /Users/buddhirajgautam/Documents/Cherrygram-Mac/macOS-Swift/Telegram-Mac/MetalEngineTestController.swift /Users/buddhirajgautam/Documents/Cherrygram-Mac/macOS-Swift/Telegram-Mac/ContextMediaRowItem.swift /Users/buddhirajgautam/Documents/Cherrygram-Mac/macOS-Swift/Telegram-Mac/LAnimationButton.swift /Users/buddhirajgautam/Documents/Cherrygram-Mac/macOS-Swift/Telegram-Mac/MGalleryPhotoItem.swift /Users/buddhirajgautam/Documents/Cherrygram-Mac/macOS-Swift/Telegram-Mac/ChannelStatsSegmentController.swift /Users/buddhirajgautam/Documents/Cherrygram-Mac/macOS-Swift/Telegram-Mac/MediaAnimatedStickerView.swift /Users/buddhirajgautam/Documents/Cherrygram-Mac/macOS-Swift/Telegram-Mac/StorageUsageBlockController.swift /Users/buddhirajgautam/Documents/Cherrygram-Mac/macOS-Swift/Telegram-Mac/SidebarCapViewController.swift /Users/buddhirajgautam/Documents/Cherrygram-Mac/macOS-Swift/Telegram-Mac/Auth_PasswordEntry.swift /Users/buddhirajgautam/Documents/Cherrygram-Mac/macOS-Swift/Telegram-Mac/UserInfoEntries.swift /Users/buddhirajgautam/Documents/Cherrygram-Mac/macOS-Swift/Telegram-Mac/AppMenuAnimatedImage.swift /Users/buddhirajgautam/Documents/Cherrygram-Mac/macOS-Swift/Telegram-Mac/SearchRowItem.swift /Users/buddhirajgautam/Documents/Cherrygram-Mac/macOS-Swift/Telegram-Mac/CallRatingModalViewController.swift /Users/buddhirajgautam/Documents/Cherrygram-Mac/macOS-Swift/Telegram-Mac/ChatToasterView.swift /Users/buddhirajgautam/Documents/Cherrygram-Mac/macOS-Swift/Telegram-Mac/PeerMediaWebpageRowContent.swift /Users/buddhirajgautam/Documents/Cherrygram-Mac/macOS-Swift/Telegram-Mac/ChatInterfaceState.swift /Users/buddhirajgautam/Documents/Cherrygram-Mac/macOS-Swift/Telegram-Mac/SharedFolderClosureController.swift /Users/buddhirajgautam/Documents/Cherrygram-Mac/macOS-Swift/Telegram-Mac/ChatVideoMessageItem.swift /Users/buddhirajgautam/Documents/Cherrygram-Mac/macOS-Swift/Telegram-Mac/ChannelCommentsControls.swift /Users/buddhirajgautam/Documents/Cherrygram-Mac/macOS-Swift/Telegram-Mac/VerifyAgeAlertController.swift (in target 'Telegram' from project 'Telegram')
/Users/buddhirajgautam/Documents/Cherrygram-Mac/macOS-Swift/Telegram-Mac/ChatSearchHeader.swift:969:25: warning: variable 'request' was never mutated; consider changing to 'let' constant [#VariableNeverMutated]
 967 |                     guard let `self` = self else { return .single(([], nil, "")) }
 968 |                     
 969 |                     var request = query
     |                         `- warning: variable 'request' was never mutated; consider changing to 'let' constant [#VariableNeverMutated]
 970 |                     
 971 |                     var tags: [EmojiTag] = []

/Users/buddhirajgautam/Documents/Cherrygram-Mac/macOS-Swift/Telegram-Mac/StorageUsageBlockController.swift:365:12: warning: initialization of immutable value 'context' was never used; consider replacing with assignment to '_' or removing it [#NoUsage]
363 |        
364 |        
365 |        let context = self.context
    |            `- warning: initialization of immutable value 'context' was never used; consider replacing with assignment to '_' or removing it [#NoUsage]
366 |        
367 |        

/Users/buddhirajgautam/Documents/Cherrygram-Mac/macOS-Swift/Telegram-Mac/UserInfoEntries.swift:295:12: warning: result of call to 'start(next:error:completed:)' is unused [#NoUsage]
 293 |                 return EmptyDisposable
 294 |             }
 295 |         }).start(next: { peerIds in
     |            `- warning: result of call to 'start(next:error:completed:)' is unused [#NoUsage]
 296 |             
 297 |             


SwiftCompile normal arm64 /Users/buddhirajgautam/Documents/Cherrygram-Mac/macOS-Swift/Telegram-Mac/ChatInputMenuView.swift (in target 'Telegram' from project 'Telegram')
    cd /Users/buddhirajgautam/Documents/Cherrygram-Mac/macOS-Swift
    builtin-SwiftPerFileCompile ChatInputMenuView.swift

SwiftCompile normal arm64 /Users/buddhirajgautam/Documents/Cherrygram-Mac/macOS-Swift/Telegram-Mac/CreateChannelController.swift (in target 'Telegram' from project 'Telegram')
    cd /Users/buddhirajgautam/Documents/Cherrygram-Mac/macOS-Swift
    builtin-SwiftPerFileCompile CreateChannelController.swift

SwiftCompile normal arm64 /Users/buddhirajgautam/Documents/Cherrygram-Mac/macOS-Swift/Telegram-Mac/ChatSearchHeader.swift (in target 'Telegram' from project 'Telegram')
    cd /Users/buddhirajgautam/Documents/Cherrygram-Mac/macOS-Swift
    builtin-SwiftPerFileCompile ChatSearchHeader.swift

SwiftCompile normal arm64 /Users/buddhirajgautam/Documents/Cherrygram-Mac/macOS-Swift/Telegram-Mac/PremiumGiftStarSceneView.swift (in target 'Telegram' from project 'Telegram')
    cd /Users/buddhirajgautam/Documents/Cherrygram-Mac/macOS-Swift
    builtin-SwiftPerFileCompile PremiumGiftStarSceneView.swift

SwiftCompile normal arm64 /Users/buddhirajgautam/Documents/Cherrygram-Mac/macOS-Swift/Telegram-Mac/BrowserState.swift (in target 'Telegram' from project 'Telegram')
    cd /Users/buddhirajgautam/Documents/Cherrygram-Mac/macOS-Swift
    builtin-SwiftPerFileCompile BrowserState.swift

SwiftCompile normal arm64 /Users/buddhirajgautam/Documents/Cherrygram-Mac/macOS-Swift/Telegram-Mac/MetalEngineTestController.swift (in target 'Telegram' from project 'Telegram')
    cd /Users/buddhirajgautam/Documents/Cherrygram-Mac/macOS-Swift
    builtin-SwiftPerFileCompile MetalEngineTestController.swift

SwiftCompile normal arm64 /Users/buddhirajgautam/Documents/Cherrygram-Mac/macOS-Swift/Telegram-Mac/ContextMediaRowItem.swift (in target 'Telegram' from project 'Telegram')
    cd /Users/buddhirajgautam/Documents/Cherrygram-Mac/macOS-Swift
    builtin-SwiftPerFileCompile ContextMediaRowItem.swift

SwiftCompile normal arm64 /Users/buddhirajgautam/Documents/Cherrygram-Mac/macOS-Swift/Telegram-Mac/LAnimationButton.swift (in target 'Telegram' from project 'Telegram')
    cd /Users/buddhirajgautam/Documents/Cherrygram-Mac/macOS-Swift
    builtin-SwiftPerFileCompile LAnimationButton.swift

SwiftCompile normal arm64 /Users/buddhirajgautam/Documents/Cherrygram-Mac/macOS-Swift/Telegram-Mac/MGalleryPhotoItem.swift (in target 'Telegram' from project 'Telegram')
    cd /Users/buddhirajgautam/Documents/Cherrygram-Mac/macOS-Swift
    builtin-SwiftPerFileCompile MGalleryPhotoItem.swift

SwiftCompile normal arm64 /Users/buddhirajgautam/Documents/Cherrygram-Mac/macOS-Swift/Telegram-Mac/ChannelStatsSegmentController.swift (in target 'Telegram' from project 'Telegram')
    cd /Users/buddhirajgautam/Documents/Cherrygram-Mac/macOS-Swift
    builtin-SwiftPerFileCompile ChannelStatsSegmentController.swift

SwiftCompile normal arm64 /Users/buddhirajgautam/Documents/Cherrygram-Mac/macOS-Swift/Telegram-Mac/MediaAnimatedStickerView.swift (in target 'Telegram' from project 'Telegram')
    cd /Users/buddhirajgautam/Documents/Cherrygram-Mac/macOS-Swift
    builtin-SwiftPerFileCompile MediaAnimatedStickerView.swift

SwiftCompile normal arm64 /Users/buddhirajgautam/Documents/Cherrygram-Mac/macOS-Swift/Telegram-Mac/StorageUsageBlockController.swift (in target 'Telegram' from project 'Telegram')
    cd /Users/buddhirajgautam/Documents/Cherrygram-Mac/macOS-Swift
    builtin-SwiftPerFileCompile StorageUsageBlockController.swift

SwiftCompile normal arm64 /Users/buddhirajgautam/Documents/Cherrygram-Mac/macOS-Swift/Telegram-Mac/SidebarCapViewController.swift (in target 'Telegram' from project 'Telegram')
    cd /Users/buddhirajgautam/Documents/Cherrygram-Mac/macOS-Swift
    builtin-SwiftPerFileCompile SidebarCapViewController.swift

SwiftCompile normal arm64 /Users/buddhirajgautam/Documents/Cherrygram-Mac/macOS-Swift/Telegram-Mac/Auth_PasswordEntry.swift (in target 'Telegram' from project 'Telegram')
    cd /Users/buddhirajgautam/Documents/Cherrygram-Mac/macOS-Swift
    builtin-SwiftPerFileCompile Auth_PasswordEntry.swift

SwiftCompile normal arm64 /Users/buddhirajgautam/Documents/Cherrygram-Mac/macOS-Swift/Telegram-Mac/UserInfoEntries.swift (in target 'Telegram' from project 'Telegram')
    cd /Users/buddhirajgautam/Documents/Cherrygram-Mac/macOS-Swift
    builtin-SwiftPerFileCompile UserInfoEntries.swift

SwiftCompile normal arm64 /Users/buddhirajgautam/Documents/Cherrygram-Mac/macOS-Swift/Telegram-Mac/AppMenuAnimatedImage.swift (in target 'Telegram' from project 'Telegram')
    cd /Users/buddhirajgautam/Documents/Cherrygram-Mac/macOS-Swift
    builtin-SwiftPerFileCompile AppMenuAnimatedImage.swift

SwiftCompile normal arm64 /Users/buddhirajgautam/Documents/Cherrygram-Mac/macOS-Swift/Telegram-Mac/SearchRowItem.swift (in target 'Telegram' from project 'Telegram')
    cd /Users/buddhirajgautam/Documents/Cherrygram-Mac/macOS-Swift
    builtin-SwiftPerFileCompile SearchRowItem.swift

SwiftCompile normal arm64 /Users/buddhirajgautam/Documents/Cherrygram-Mac/macOS-Swift/Telegram-Mac/CallRatingModalViewController.swift (in target 'Telegram' from project 'Telegram')
    cd /Users/buddhirajgautam/Documents/Cherrygram-Mac/macOS-Swift
    builtin-SwiftPerFileCompile CallRatingModalViewController.swift

SwiftCompile normal arm64 /Users/buddhirajgautam/Documents/Cherrygram-Mac/macOS-Swift/Telegram-Mac/ChatToasterView.swift (in target 'Telegram' from project 'Telegram')
    cd /Users/buddhirajgautam/Documents/Cherrygram-Mac/macOS-Swift
    builtin-SwiftPerFileCompile ChatToasterView.swift

SwiftCompile normal arm64 /Users/buddhirajgautam/Documents/Cherrygram-Mac/macOS-Swift/Telegram-Mac/PeerMediaWebpageRowContent.swift (in target 'Telegram' from project 'Telegram')
    cd /Users/buddhirajgautam/Documents/Cherrygram-Mac/macOS-Swift
    builtin-SwiftPerFileCompile PeerMediaWebpageRowContent.swift

SwiftCompile normal arm64 /Users/buddhirajgautam/Documents/Cherrygram-Mac/macOS-Swift/Telegram-Mac/ChatInterfaceState.swift (in target 'Telegram' from project 'Telegram')
    cd /Users/buddhirajgautam/Documents/Cherrygram-Mac/macOS-Swift
    builtin-SwiftPerFileCompile ChatInterfaceState.swift

SwiftCompile normal arm64 /Users/buddhirajgautam/Documents/Cherrygram-Mac/macOS-Swift/Telegram-Mac/SharedFolderClosureController.swift (in target 'Telegram' from project 'Telegram')
    cd /Users/buddhirajgautam/Documents/Cherrygram-Mac/macOS-Swift
    builtin-SwiftPerFileCompile SharedFolderClosureController.swift

SwiftCompile normal arm64 /Users/buddhirajgautam/Documents/Cherrygram-Mac/macOS-Swift/Telegram-Mac/ChatVideoMessageItem.swift (in target 'Telegram' from project 'Telegram')
    cd /Users/buddhirajgautam/Documents/Cherrygram-Mac/macOS-Swift
    builtin-SwiftPerFileCompile ChatVideoMessageItem.swift

SwiftCompile normal arm64 /Users/buddhirajgautam/Documents/Cherrygram-Mac/macOS-Swift/Telegram-Mac/ChannelCommentsControls.swift (in target 'Telegram' from project 'Telegram')
    cd /Users/buddhirajgautam/Documents/Cherrygram-Mac/macOS-Swift
    builtin-SwiftPerFileCompile ChannelCommentsControls.swift

SwiftCompile normal arm64 /Users/buddhirajgautam/Documents/Cherrygram-Mac/macOS-Swift/Telegram-Mac/VerifyAgeAlertController.swift (in target 'Telegram' from project 'Telegram')
    cd /Users/buddhirajgautam/Documents/Cherrygram-Mac/macOS-Swift
    builtin-SwiftPerFileCompile VerifyAgeAlertController.swift

SwiftCompile normal arm64 Compiling\ DesktopCaptureListUI.swift,\ DesktopCapturePreviewItem.swift,\ DesktopCapturerWindow.swift,\ CallSettingsController.swift,\ CameraViews.swift,\ StoryChatListView.swift,\ CallWindowController.swift,\ UserInfoResetPhotoItem.swift,\ Auth_Email.swift,\ FragmentUsernameController.swift,\ SoundEffectPlayQueue.swift,\ OngoingCallContext.swift,\ PreviewStarGiftController.swift,\ PCallSession.swift,\ GroupCallUIState.swift,\ GroupCallDisplayAsController.swift,\ AutomaticBusinessMessageSetupChatContents.swift,\ GroupCallInvitation.swift,\ VoiceChatActionButton.swift,\ GroupCallNavigationHeaderView.swift,\ PushToTalk.swift,\ PushToTalkRowItem.swift,\ ChatReactionsView.swift,\ BusinessChatbotController.swift,\ GroupCallSettingsController.swift /Users/buddhirajgautam/Documents/Cherrygram-Mac/macOS-Swift/Telegram-Mac/DesktopCaptureListUI.swift /Users/buddhirajgautam/Documents/Cherrygram-Mac/macOS-Swift/Telegram-Mac/DesktopCapturePreviewItem.swift /Users/buddhirajgautam/Documents/Cherrygram-Mac/macOS-Swift/Telegram-Mac/DesktopCapturerWindow.swift /Users/buddhirajgautam/Documents/Cherrygram-Mac/macOS-Swift/Telegram-Mac/CallSettingsController.swift /Users/buddhirajgautam/Documents/Cherrygram-Mac/macOS-Swift/Telegram-Mac/CameraViews.swift /Users/buddhirajgautam/Documents/Cherrygram-Mac/macOS-Swift/Telegram-Mac/StoryChatListView.swift /Users/buddhirajgautam/Documents/Cherrygram-Mac/macOS-Swift/Telegram-Mac/CallWindowController.swift /Users/buddhirajgautam/Documents/Cherrygram-Mac/macOS-Swift/Telegram-Mac/UserInfoResetPhotoItem.swift /Users/buddhirajgautam/Documents/Cherrygram-Mac/macOS-Swift/Telegram-Mac/Auth_Email.swift /Users/buddhirajgautam/Documents/Cherrygram-Mac/macOS-Swift/Telegram-Mac/FragmentUsernameController.swift /Users/buddhirajgautam/Documents/Cherrygram-Mac/macOS-Swift/Telegram-Mac/SoundEffectPlayQueue.swift /Users/buddhirajgautam/Documents/Cherrygram-Mac/macOS-Swift/Telegram-Mac/OngoingCallContext.swift /Users/buddhirajgautam/Documents/Cherrygram-Mac/macOS-Swift/Telegram-Mac/PreviewStarGiftController.swift /Users/buddhirajgautam/Documents/Cherrygram-Mac/macOS-Swift/Telegram-Mac/PCallSession.swift /Users/buddhirajgautam/Documents/Cherrygram-Mac/macOS-Swift/Telegram-Mac/GroupCallUIState.swift /Users/buddhirajgautam/Documents/Cherrygram-Mac/macOS-Swift/Telegram-Mac/GroupCallDisplayAsController.swift /Users/buddhirajgautam/Documents/Cherrygram-Mac/macOS-Swift/Telegram-Mac/AutomaticBusinessMessageSetupChatContents.swift /Users/buddhirajgautam/Documents/Cherrygram-Mac/macOS-Swift/Telegram-Mac/GroupCallInvitation.swift /Users/buddhirajgautam/Documents/Cherrygram-Mac/macOS-Swift/Telegram-Mac/VoiceChatActionButton.swift /Users/buddhirajgautam/Documents/Cherrygram-Mac/macOS-Swift/Telegram-Mac/GroupCallNavigationHeaderView.swift /Users/buddhirajgautam/Documents/Cherrygram-Mac/macOS-Swift/Telegram-Mac/PushToTalk.swift /Users/buddhirajgautam/Documents/Cherrygram-Mac/macOS-Swift/Telegram-Mac/PushToTalkRowItem.swift /Users/buddhirajgautam/Documents/Cherrygram-Mac/macOS-Swift/Telegram-Mac/ChatReactionsView.swift /Users/buddhirajgautam/Documents/Cherrygram-Mac/macOS-Swift/Telegram-Mac/BusinessChatbotController.swift /Users/buddhirajgautam/Documents/Cherrygram-Mac/macOS-Swift/Telegram-Mac/GroupCallSettingsController.swift (in target 'Telegram' from project 'Telegram')
/Users/buddhirajgautam/Documents/Cherrygram-Mac/macOS-Swift/Telegram-Mac/DesktopCapturerWindow.swift:160:42: warning: 'ultraDark' was deprecated in macOS 10.14: Use a semantic material instead.  To force the appearance of a view hierarchy, set the `appearance` property to an appropriate NSAppearance value. [#DeprecatedDeclaration]
158 | 
159 |         visualBackgroundView.wantsLayer = true
160 |         visualBackgroundView.material = .ultraDark
    |                                          `- warning: 'ultraDark' was deprecated in macOS 10.14: Use a semantic material instead.  To force the appearance of a view hierarchy, set the `appearance` property to an appropriate NSAppearance value. [#DeprecatedDeclaration]
161 |         visualBackgroundView.blendingMode = .behindWindow
162 |         visualBackgroundView.state = .active

/Users/buddhirajgautam/Documents/Cherrygram-Mac/macOS-Swift/Telegram-Mac/DesktopCapturerWindow.swift:455:39: warning: 'devices(for:)' was deprecated in macOS 10.15: Use AVCaptureDeviceDiscoverySession instead. [#DeprecatedDeclaration]
453 |     switch mode {
454 |     case .video:
455 |         let devices = AVCaptureDevice.devices(for: .video).filter({ $0.isConnected && !$0.isSuspended })
    |                                       `- warning: 'devices(for:)' was deprecated in macOS 10.15: Use AVCaptureDeviceDiscoverySession instead. [#DeprecatedDeclaration]
456 |         if devices.isEmpty {
457 |             return nil

/Users/buddhirajgautam/Documents/Cherrygram-Mac/macOS-Swift/Telegram-Mac/CallSettingsController.swift:50:9: warning: variable 'outputDevice' was never mutated; consider changing to 'let' constant [#VariableNeverMutated]
 48 |     var cameraDevice = devices.camera.first(where: { $0.uniqueID == settings.cameraInputDeviceId })
 49 |     var microDevice = devices.audioInput.first(where: { $0.uniqueID == settings.audioInputDeviceId })
 50 |     var outputDevice = devices.audioOutput.first(where: { $0.uniqueID == settings.audioOutputDeviceId })
    |         `- warning: variable 'outputDevice' was never mutated; consider changing to 'let' constant [#VariableNeverMutated]
 51 |     
 52 |     let activeCameraDevice: AVCaptureDevice?

/Users/buddhirajgautam/Documents/Cherrygram-Mac/macOS-Swift/Telegram-Mac/CameraViews.swift:192:37: warning: 'dark' was deprecated in macOS 10.14: Use a semantic material instead.  To force the appearance of a view hierarchy, set the `appearance` property to an appropriate NSAppearance value. [#DeprecatedDeclaration]
190 |             if disabledView == nil {
191 |                 let current = NSVisualEffectView()
192 |                 current.material = .dark
    |                                     `- warning: 'dark' was deprecated in macOS 10.14: Use a semantic material instead.  To force the appearance of a view hierarchy, set the `appearance` property to an appropriate NSAppearance value. [#DeprecatedDeclaration]
193 |                 current.state = .active
194 |                 current.blendingMode = .withinWindow


SwiftCompile normal arm64 /Users/buddhirajgautam/Documents/Cherrygram-Mac/macOS-Swift/Telegram-Mac/DesktopCaptureListUI.swift (in target 'Telegram' from project 'Telegram')
    cd /Users/buddhirajgautam/Documents/Cherrygram-Mac/macOS-Swift
    builtin-SwiftPerFileCompile DesktopCaptureListUI.swift

SwiftCompile normal arm64 /Users/buddhirajgautam/Documents/Cherrygram-Mac/macOS-Swift/Telegram-Mac/DesktopCapturePreviewItem.swift (in target 'Telegram' from project 'Telegram')
    cd /Users/buddhirajgautam/Documents/Cherrygram-Mac/macOS-Swift
    builtin-SwiftPerFileCompile DesktopCapturePreviewItem.swift

SwiftCompile normal arm64 /Users/buddhirajgautam/Documents/Cherrygram-Mac/macOS-Swift/Telegram-Mac/DesktopCapturerWindow.swift (in target 'Telegram' from project 'Telegram')
    cd /Users/buddhirajgautam/Documents/Cherrygram-Mac/macOS-Swift
    builtin-SwiftPerFileCompile DesktopCapturerWindow.swift

SwiftCompile normal arm64 /Users/buddhirajgautam/Documents/Cherrygram-Mac/macOS-Swift/Telegram-Mac/CallSettingsController.swift (in target 'Telegram' from project 'Telegram')
    cd /Users/buddhirajgautam/Documents/Cherrygram-Mac/macOS-Swift
    builtin-SwiftPerFileCompile CallSettingsController.swift

SwiftCompile normal arm64 /Users/buddhirajgautam/Documents/Cherrygram-Mac/macOS-Swift/Telegram-Mac/CameraViews.swift (in target 'Telegram' from project 'Telegram')
    cd /Users/buddhirajgautam/Documents/Cherrygram-Mac/macOS-Swift
    builtin-SwiftPerFileCompile CameraViews.swift

SwiftCompile normal arm64 /Users/buddhirajgautam/Documents/Cherrygram-Mac/macOS-Swift/Telegram-Mac/StoryChatListView.swift (in target 'Telegram' from project 'Telegram')
    cd /Users/buddhirajgautam/Documents/Cherrygram-Mac/macOS-Swift
    builtin-SwiftPerFileCompile StoryChatListView.swift

SwiftCompile normal arm64 /Users/buddhirajgautam/Documents/Cherrygram-Mac/macOS-Swift/Telegram-Mac/CallWindowController.swift (in target 'Telegram' from project 'Telegram')
    cd /Users/buddhirajgautam/Documents/Cherrygram-Mac/macOS-Swift
    builtin-SwiftPerFileCompile CallWindowController.swift

SwiftCompile normal arm64 /Users/buddhirajgautam/Documents/Cherrygram-Mac/macOS-Swift/Telegram-Mac/UserInfoResetPhotoItem.swift (in target 'Telegram' from project 'Telegram')
    cd /Users/buddhirajgautam/Documents/Cherrygram-Mac/macOS-Swift
    builtin-SwiftPerFileCompile UserInfoResetPhotoItem.swift

SwiftCompile normal arm64 /Users/buddhirajgautam/Documents/Cherrygram-Mac/macOS-Swift/Telegram-Mac/Auth_Email.swift (in target 'Telegram' from project 'Telegram')
    cd /Users/buddhirajgautam/Documents/Cherrygram-Mac/macOS-Swift
    builtin-SwiftPerFileCompile Auth_Email.swift

SwiftCompile normal arm64 /Users/buddhirajgautam/Documents/Cherrygram-Mac/macOS-Swift/Telegram-Mac/FragmentUsernameController.swift (in target 'Telegram' from project 'Telegram')
    cd /Users/buddhirajgautam/Documents/Cherrygram-Mac/macOS-Swift
    builtin-SwiftPerFileCompile FragmentUsernameController.swift

SwiftCompile normal arm64 /Users/buddhirajgautam/Documents/Cherrygram-Mac/macOS-Swift/Telegram-Mac/SoundEffectPlayQueue.swift (in target 'Telegram' from project 'Telegram')
    cd /Users/buddhirajgautam/Documents/Cherrygram-Mac/macOS-Swift
    builtin-SwiftPerFileCompile SoundEffectPlayQueue.swift

SwiftCompile normal arm64 /Users/buddhirajgautam/Documents/Cherrygram-Mac/macOS-Swift/Telegram-Mac/OngoingCallContext.swift (in target 'Telegram' from project 'Telegram')
    cd /Users/buddhirajgautam/Documents/Cherrygram-Mac/macOS-Swift
    builtin-SwiftPerFileCompile OngoingCallContext.swift

SwiftCompile normal arm64 /Users/buddhirajgautam/Documents/Cherrygram-Mac/macOS-Swift/Telegram-Mac/PreviewStarGiftController.swift (in target 'Telegram' from project 'Telegram')
    cd /Users/buddhirajgautam/Documents/Cherrygram-Mac/macOS-Swift
    builtin-SwiftPerFileCompile PreviewStarGiftController.swift

SwiftCompile normal arm64 /Users/buddhirajgautam/Documents/Cherrygram-Mac/macOS-Swift/Telegram-Mac/PCallSession.swift (in target 'Telegram' from project 'Telegram')
    cd /Users/buddhirajgautam/Documents/Cherrygram-Mac/macOS-Swift
    builtin-SwiftPerFileCompile PCallSession.swift

SwiftCompile normal arm64 /Users/buddhirajgautam/Documents/Cherrygram-Mac/macOS-Swift/Telegram-Mac/GroupCallUIState.swift (in target 'Telegram' from project 'Telegram')
    cd /Users/buddhirajgautam/Documents/Cherrygram-Mac/macOS-Swift
    builtin-SwiftPerFileCompile GroupCallUIState.swift

SwiftCompile normal arm64 /Users/buddhirajgautam/Documents/Cherrygram-Mac/macOS-Swift/Telegram-Mac/GroupCallDisplayAsController.swift (in target 'Telegram' from project 'Telegram')
    cd /Users/buddhirajgautam/Documents/Cherrygram-Mac/macOS-Swift
    builtin-SwiftPerFileCompile GroupCallDisplayAsController.swift

SwiftCompile normal arm64 /Users/buddhirajgautam/Documents/Cherrygram-Mac/macOS-Swift/Telegram-Mac/AutomaticBusinessMessageSetupChatContents.swift (in target 'Telegram' from project 'Telegram')
    cd /Users/buddhirajgautam/Documents/Cherrygram-Mac/macOS-Swift
    builtin-SwiftPerFileCompile AutomaticBusinessMessageSetupChatContents.swift

SwiftCompile normal arm64 /Users/buddhirajgautam/Documents/Cherrygram-Mac/macOS-Swift/Telegram-Mac/GroupCallInvitation.swift (in target 'Telegram' from project 'Telegram')
    cd /Users/buddhirajgautam/Documents/Cherrygram-Mac/macOS-Swift
    builtin-SwiftPerFileCompile GroupCallInvitation.swift

SwiftCompile normal arm64 /Users/buddhirajgautam/Documents/Cherrygram-Mac/macOS-Swift/Telegram-Mac/VoiceChatActionButton.swift (in target 'Telegram' from project 'Telegram')
    cd /Users/buddhirajgautam/Documents/Cherrygram-Mac/macOS-Swift
    builtin-SwiftPerFileCompile VoiceChatActionButton.swift

SwiftCompile normal arm64 /Users/buddhirajgautam/Documents/Cherrygram-Mac/macOS-Swift/Telegram-Mac/GroupCallNavigationHeaderView.swift (in target 'Telegram' from project 'Telegram')
    cd /Users/buddhirajgautam/Documents/Cherrygram-Mac/macOS-Swift
    builtin-SwiftPerFileCompile GroupCallNavigationHeaderView.swift

SwiftCompile normal arm64 /Users/buddhirajgautam/Documents/Cherrygram-Mac/macOS-Swift/Telegram-Mac/PushToTalk.swift (in target 'Telegram' from project 'Telegram')
    cd /Users/buddhirajgautam/Documents/Cherrygram-Mac/macOS-Swift
    builtin-SwiftPerFileCompile PushToTalk.swift

SwiftCompile normal arm64 /Users/buddhirajgautam/Documents/Cherrygram-Mac/macOS-Swift/Telegram-Mac/PushToTalkRowItem.swift (in target 'Telegram' from project 'Telegram')
    cd /Users/buddhirajgautam/Documents/Cherrygram-Mac/macOS-Swift
    builtin-SwiftPerFileCompile PushToTalkRowItem.swift

SwiftCompile normal arm64 /Users/buddhirajgautam/Documents/Cherrygram-Mac/macOS-Swift/Telegram-Mac/ChatReactionsView.swift (in target 'Telegram' from project 'Telegram')
    cd /Users/buddhirajgautam/Documents/Cherrygram-Mac/macOS-Swift
    builtin-SwiftPerFileCompile ChatReactionsView.swift

SwiftCompile normal arm64 /Users/buddhirajgautam/Documents/Cherrygram-Mac/macOS-Swift/Telegram-Mac/BusinessChatbotController.swift (in target 'Telegram' from project 'Telegram')
    cd /Users/buddhirajgautam/Documents/Cherrygram-Mac/macOS-Swift
    builtin-SwiftPerFileCompile BusinessChatbotController.swift

SwiftCompile normal arm64 /Users/buddhirajgautam/Documents/Cherrygram-Mac/macOS-Swift/Telegram-Mac/GroupCallSettingsController.swift (in target 'Telegram' from project 'Telegram')
    cd /Users/buddhirajgautam/Documents/Cherrygram-Mac/macOS-Swift
    builtin-SwiftPerFileCompile GroupCallSettingsController.swift

SwiftDriverJobDiscovery normal arm64 Compiling ChatInterfaceInteraction.swift, BusinessTimezonesController.swift, SeparatorRowItem.swift, EmptyGroupstickerSearchRowItem.swift, SlotMachineValue.swift, ModalAlertController.swift, ModalPreviews.swift, ChatUrlPreviewModel.swift, VideoRecorderPipeline.swift, FolderIcons.swift, PIPVideoWindow.swift, FetchVideoMediaResource.swift, LoginErrorStateView.swift, ContextSearchMessageItem.swift, ChatGradientModel.swift, ChannelStatisticsController.swift, EStickView.swift, VCardModalController.swift, WallpaperPreviewController.swift, ShareCloudFolderController.swift, PeerMediaSavedMessagesController.swift, GalleryModernControls.swift, ContactsController.swift, RTMPStartController.swift, DownloadsController.swift (in target 'Telegram' from project 'Telegram')

SwiftCompile normal arm64 Compiling\ StickersViewController.swift,\ SelectColorController.swift,\ ChatServiceItem.swift,\ MicroListenerController.swift,\ Auth_Token.swift,\ Star_PurchaseInApp.swift,\ TextUtils.swift,\ Avatar_BgListView.swift,\ ChatRightView.swift,\ GiftLinkModalController.swift,\ InviteLinkRowItem.swift,\ PopularPeersRowItem.swift,\ Auth_CodeEntry.swift,\ LogoutViewController.swift,\ Fragment_OverviewRowItem.swift,\ NumberSelectorController.swift,\ ChatGameContentView.swift,\ TemplateController.swift,\ Avatar_EmojiList.swift,\ CachedFaqInstantPage.swift,\ SingleTimeMediaViewer.swift,\ PanelUtils.swift,\ CallControl.swift,\ UpdateModalController.swift,\ ReportReasonModalController.swift /Users/buddhirajgautam/Documents/Cherrygram-Mac/macOS-Swift/Telegram-Mac/StickersViewController.swift /Users/buddhirajgautam/Documents/Cherrygram-Mac/macOS-Swift/Telegram-Mac/SelectColorController.swift /Users/buddhirajgautam/Documents/Cherrygram-Mac/macOS-Swift/Telegram-Mac/ChatServiceItem.swift /Users/buddhirajgautam/Documents/Cherrygram-Mac/macOS-Swift/Telegram-Mac/MicroListenerController.swift /Users/buddhirajgautam/Documents/Cherrygram-Mac/macOS-Swift/Telegram-Mac/Auth_Token.swift /Users/buddhirajgautam/Documents/Cherrygram-Mac/macOS-Swift/Telegram-Mac/Star_PurchaseInApp.swift /Users/buddhirajgautam/Documents/Cherrygram-Mac/macOS-Swift/Telegram-Mac/TextUtils.swift /Users/buddhirajgautam/Documents/Cherrygram-Mac/macOS-Swift/Telegram-Mac/Avatar_BgListView.swift /Users/buddhirajgautam/Documents/Cherrygram-Mac/macOS-Swift/Telegram-Mac/ChatRightView.swift /Users/buddhirajgautam/Documents/Cherrygram-Mac/macOS-Swift/Telegram-Mac/GiftLinkModalController.swift /Users/buddhirajgautam/Documents/Cherrygram-Mac/macOS-Swift/Telegram-Mac/InviteLinkRowItem.swift /Users/buddhirajgautam/Documents/Cherrygram-Mac/macOS-Swift/Telegram-Mac/PopularPeersRowItem.swift /Users/buddhirajgautam/Documents/Cherrygram-Mac/macOS-Swift/Telegram-Mac/Auth_CodeEntry.swift /Users/buddhirajgautam/Documents/Cherrygram-Mac/macOS-Swift/Telegram-Mac/LogoutViewController.swift /Users/buddhirajgautam/Documents/Cherrygram-Mac/macOS-Swift/Telegram-Mac/Fragment_OverviewRowItem.swift /Users/buddhirajgautam/Documents/Cherrygram-Mac/macOS-Swift/Telegram-Mac/NumberSelectorController.swift /Users/buddhirajgautam/Documents/Cherrygram-Mac/macOS-Swift/Telegram-Mac/ChatGameContentView.swift /Users/buddhirajgautam/Documents/Cherrygram-Mac/macOS-Swift/Telegram-Mac/TemplateController.swift /Users/buddhirajgautam/Documents/Cherrygram-Mac/macOS-Swift/Telegram-Mac/Avatar_EmojiList.swift /Users/buddhirajgautam/Documents/Cherrygram-Mac/macOS-Swift/Telegram-Mac/CachedFaqInstantPage.swift /Users/buddhirajgautam/Documents/Cherrygram-Mac/macOS-Swift/Telegram-Mac/SingleTimeMediaViewer.swift /Users/buddhirajgautam/Documents/Cherrygram-Mac/macOS-Swift/Telegram-Mac/PanelUtils.swift /Users/buddhirajgautam/Documents/Cherrygram-Mac/macOS-Swift/Telegram-Mac/CallControl.swift /Users/buddhirajgautam/Documents/Cherrygram-Mac/macOS-Swift/Telegram-Mac/UpdateModalController.swift /Users/buddhirajgautam/Documents/Cherrygram-Mac/macOS-Swift/Telegram-Mac/ReportReasonModalController.swift (in target 'Telegram' from project 'Telegram')

SwiftCompile normal arm64 /Users/buddhirajgautam/Documents/Cherrygram-Mac/macOS-Swift/Telegram-Mac/StickersViewController.swift (in target 'Telegram' from project 'Telegram')
    cd /Users/buddhirajgautam/Documents/Cherrygram-Mac/macOS-Swift
    builtin-SwiftPerFileCompile StickersViewController.swift

SwiftCompile normal arm64 /Users/buddhirajgautam/Documents/Cherrygram-Mac/macOS-Swift/Telegram-Mac/SelectColorController.swift (in target 'Telegram' from project 'Telegram')
    cd /Users/buddhirajgautam/Documents/Cherrygram-Mac/macOS-Swift
    builtin-SwiftPerFileCompile SelectColorController.swift

SwiftCompile normal arm64 /Users/buddhirajgautam/Documents/Cherrygram-Mac/macOS-Swift/Telegram-Mac/ChatServiceItem.swift (in target 'Telegram' from project 'Telegram')
    cd /Users/buddhirajgautam/Documents/Cherrygram-Mac/macOS-Swift
    builtin-SwiftPerFileCompile ChatServiceItem.swift

SwiftCompile normal arm64 /Users/buddhirajgautam/Documents/Cherrygram-Mac/macOS-Swift/Telegram-Mac/MicroListenerController.swift (in target 'Telegram' from project 'Telegram')
    cd /Users/buddhirajgautam/Documents/Cherrygram-Mac/macOS-Swift
    builtin-SwiftPerFileCompile MicroListenerController.swift

SwiftCompile normal arm64 /Users/buddhirajgautam/Documents/Cherrygram-Mac/macOS-Swift/Telegram-Mac/Auth_Token.swift (in target 'Telegram' from project 'Telegram')
    cd /Users/buddhirajgautam/Documents/Cherrygram-Mac/macOS-Swift
    builtin-SwiftPerFileCompile Auth_Token.swift

SwiftCompile normal arm64 /Users/buddhirajgautam/Documents/Cherrygram-Mac/macOS-Swift/Telegram-Mac/Star_PurchaseInApp.swift (in target 'Telegram' from project 'Telegram')
    cd /Users/buddhirajgautam/Documents/Cherrygram-Mac/macOS-Swift
    builtin-SwiftPerFileCompile Star_PurchaseInApp.swift

SwiftCompile normal arm64 /Users/buddhirajgautam/Documents/Cherrygram-Mac/macOS-Swift/Telegram-Mac/TextUtils.swift (in target 'Telegram' from project 'Telegram')
    cd /Users/buddhirajgautam/Documents/Cherrygram-Mac/macOS-Swift
    builtin-SwiftPerFileCompile TextUtils.swift

SwiftCompile normal arm64 /Users/buddhirajgautam/Documents/Cherrygram-Mac/macOS-Swift/Telegram-Mac/Avatar_BgListView.swift (in target 'Telegram' from project 'Telegram')
    cd /Users/buddhirajgautam/Documents/Cherrygram-Mac/macOS-Swift
    builtin-SwiftPerFileCompile Avatar_BgListView.swift

SwiftCompile normal arm64 /Users/buddhirajgautam/Documents/Cherrygram-Mac/macOS-Swift/Telegram-Mac/ChatRightView.swift (in target 'Telegram' from project 'Telegram')
    cd /Users/buddhirajgautam/Documents/Cherrygram-Mac/macOS-Swift
    builtin-SwiftPerFileCompile ChatRightView.swift

SwiftCompile normal arm64 /Users/buddhirajgautam/Documents/Cherrygram-Mac/macOS-Swift/Telegram-Mac/GiftLinkModalController.swift (in target 'Telegram' from project 'Telegram')
    cd /Users/buddhirajgautam/Documents/Cherrygram-Mac/macOS-Swift
    builtin-SwiftPerFileCompile GiftLinkModalController.swift

SwiftCompile normal arm64 /Users/buddhirajgautam/Documents/Cherrygram-Mac/macOS-Swift/Telegram-Mac/InviteLinkRowItem.swift (in target 'Telegram' from project 'Telegram')
    cd /Users/buddhirajgautam/Documents/Cherrygram-Mac/macOS-Swift
    builtin-SwiftPerFileCompile InviteLinkRowItem.swift

SwiftCompile normal arm64 /Users/buddhirajgautam/Documents/Cherrygram-Mac/macOS-Swift/Telegram-Mac/PopularPeersRowItem.swift (in target 'Telegram' from project 'Telegram')
    cd /Users/buddhirajgautam/Documents/Cherrygram-Mac/macOS-Swift
    builtin-SwiftPerFileCompile PopularPeersRowItem.swift

SwiftCompile normal arm64 /Users/buddhirajgautam/Documents/Cherrygram-Mac/macOS-Swift/Telegram-Mac/Auth_CodeEntry.swift (in target 'Telegram' from project 'Telegram')
    cd /Users/buddhirajgautam/Documents/Cherrygram-Mac/macOS-Swift
    builtin-SwiftPerFileCompile Auth_CodeEntry.swift

SwiftCompile normal arm64 /Users/buddhirajgautam/Documents/Cherrygram-Mac/macOS-Swift/Telegram-Mac/LogoutViewController.swift (in target 'Telegram' from project 'Telegram')
    cd /Users/buddhirajgautam/Documents/Cherrygram-Mac/macOS-Swift
    builtin-SwiftPerFileCompile LogoutViewController.swift

SwiftCompile normal arm64 /Users/buddhirajgautam/Documents/Cherrygram-Mac/macOS-Swift/Telegram-Mac/Fragment_OverviewRowItem.swift (in target 'Telegram' from project 'Telegram')
    cd /Users/buddhirajgautam/Documents/Cherrygram-Mac/macOS-Swift
    builtin-SwiftPerFileCompile Fragment_OverviewRowItem.swift

SwiftCompile normal arm64 /Users/buddhirajgautam/Documents/Cherrygram-Mac/macOS-Swift/Telegram-Mac/NumberSelectorController.swift (in target 'Telegram' from project 'Telegram')
    cd /Users/buddhirajgautam/Documents/Cherrygram-Mac/macOS-Swift
    builtin-SwiftPerFileCompile NumberSelectorController.swift

SwiftCompile normal arm64 /Users/buddhirajgautam/Documents/Cherrygram-Mac/macOS-Swift/Telegram-Mac/ChatGameContentView.swift (in target 'Telegram' from project 'Telegram')
    cd /Users/buddhirajgautam/Documents/Cherrygram-Mac/macOS-Swift
    builtin-SwiftPerFileCompile ChatGameContentView.swift

SwiftCompile normal arm64 /Users/buddhirajgautam/Documents/Cherrygram-Mac/macOS-Swift/Telegram-Mac/TemplateController.swift (in target 'Telegram' from project 'Telegram')
    cd /Users/buddhirajgautam/Documents/Cherrygram-Mac/macOS-Swift
    builtin-SwiftPerFileCompile TemplateController.swift

SwiftCompile normal arm64 /Users/buddhirajgautam/Documents/Cherrygram-Mac/macOS-Swift/Telegram-Mac/Avatar_EmojiList.swift (in target 'Telegram' from project 'Telegram')
    cd /Users/buddhirajgautam/Documents/Cherrygram-Mac/macOS-Swift
    builtin-SwiftPerFileCompile Avatar_EmojiList.swift

SwiftCompile normal arm64 /Users/buddhirajgautam/Documents/Cherrygram-Mac/macOS-Swift/Telegram-Mac/CachedFaqInstantPage.swift (in target 'Telegram' from project 'Telegram')
    cd /Users/buddhirajgautam/Documents/Cherrygram-Mac/macOS-Swift
    builtin-SwiftPerFileCompile CachedFaqInstantPage.swift

SwiftCompile normal arm64 /Users/buddhirajgautam/Documents/Cherrygram-Mac/macOS-Swift/Telegram-Mac/SingleTimeMediaViewer.swift (in target 'Telegram' from project 'Telegram')
    cd /Users/buddhirajgautam/Documents/Cherrygram-Mac/macOS-Swift
    builtin-SwiftPerFileCompile SingleTimeMediaViewer.swift

SwiftCompile normal arm64 /Users/buddhirajgautam/Documents/Cherrygram-Mac/macOS-Swift/Telegram-Mac/PanelUtils.swift (in target 'Telegram' from project 'Telegram')
    cd /Users/buddhirajgautam/Documents/Cherrygram-Mac/macOS-Swift
    builtin-SwiftPerFileCompile PanelUtils.swift

SwiftCompile normal arm64 /Users/buddhirajgautam/Documents/Cherrygram-Mac/macOS-Swift/Telegram-Mac/CallControl.swift (in target 'Telegram' from project 'Telegram')
    cd /Users/buddhirajgautam/Documents/Cherrygram-Mac/macOS-Swift
    builtin-SwiftPerFileCompile CallControl.swift

SwiftCompile normal arm64 /Users/buddhirajgautam/Documents/Cherrygram-Mac/macOS-Swift/Telegram-Mac/UpdateModalController.swift (in target 'Telegram' from project 'Telegram')
    cd /Users/buddhirajgautam/Documents/Cherrygram-Mac/macOS-Swift
    builtin-SwiftPerFileCompile UpdateModalController.swift

SwiftCompile normal arm64 /Users/buddhirajgautam/Documents/Cherrygram-Mac/macOS-Swift/Telegram-Mac/ReportReasonModalController.swift (in target 'Telegram' from project 'Telegram')
    cd /Users/buddhirajgautam/Documents/Cherrygram-Mac/macOS-Swift
    builtin-SwiftPerFileCompile ReportReasonModalController.swift

SwiftDriverJobDiscovery normal arm64 Compiling GeneralLoadingRowItem.swift, VerticalTabsView.swift, InstantPageSelectText.swift, WebAppPermissionsState.swift, AddReactionManager.swift, InstantPageShapeItem.swift, InputURLFormatterModalController.swift, GroupCallAvatarMenuItem.swift, StorageUsageController.swift, MessageStatsController.swift, PreviewSenderController.swift, WidgetAppIconController.swift, MonoforumHorizontalView.swift, InputDataTableBasedItem.swift, ListViewIntermediateState.swift, StorageUsageHeaderItem.swift, CallStatusView.swift, MediaPaidSetterController.swift, ChannelWallpapersController.swift, ChatWallpaperModalController.swift, LocalizationPreviewModalController.swift, SmartThemeListRowItem.swift, GeneralInputRow.swift, SearchEmptyRowItem.swift (in target 'Telegram' from project 'Telegram')

PruneExplicitPrecompiledModules /Users/buddhirajgautam/Library/Developer/Xcode/DerivedData/Telegram-Mac-fygdgghdgmuleoelvxabfmqiotta/Build/Intermediates.noindex/ExplicitPrecompiledModules

PruneExplicitPrecompiledModules /Users/buddhirajgautam/Library/Developer/Xcode/DerivedData/Telegram-Mac-fygdgghdgmuleoelvxabfmqiotta/Build/Intermediates.noindex/SwiftExplicitPrecompiledModules

PruneExplicitPrecompiledModules /Users/buddhirajgautam/Library/Developer/Xcode/DerivedData/SDKExplicitPrecompiledModules

warning: Run script build phase 'Run Script: Set Git Version Info' will be run during every build because it does not specify any outputs. To address this issue, either add output dependencies to the script phase, or configure it to run in every build by unchecking "Based on dependency analysis" in the script phase. (in target 'Autoupdate' from project 'Sparkle')
warning: Run script build phase 'Run Script: Set Git Version Info' will be run during every build because it does not specify any outputs. To address this issue, either add output dependencies to the script phase, or configure it to run in every build by unchecking "Based on dependency analysis" in the script phase. (in target 'Sparkle' from project 'Sparkle')
** BUILD FAILED **


The following build commands failed:
	SwiftCompile normal arm64 Compiling\ ChatStickerContentView.swift,\ ContextHashtagRowItem.swift,\ Extensions.swift,\ FileDownload.swift,\ LiveLocationViewController.swift,\ EmptyComposeController.swift,\ ChatListTextActionRowItem.swift,\ Auth_CodeEntryContol.swift,\ WidgetView.swift,\ StoryControlsView.swift,\ ChatUserInfoRowItem.swift,\ SuggetMessageModalController.swift,\ PrettyGridUtils.swift,\ QuickSwitcherModalController.swift,\ ChannelEventLogController.swift,\ SendingClockProgress.swift,\ InstantPageAudioItem.swift,\ PremiumDiamondSceneView.swift,\ PeerRequestJoinRowItem.swift,\ VoipDerivedState.swift,\ ForumUIMethods.swift,\ HashtagSearchGlobalChatContents.swift,\ EmojiToleranceController.swift,\ ChatInputAccessory.swift /Users/buddhirajgautam/Documents/Cherrygram-Mac/macOS-Swift/Telegram-Mac/ChatStickerContentView.swift /Users/buddhirajgautam/Documents/Cherrygram-Mac/macOS-Swift/Telegram-Mac/ContextHashtagRowItem.swift /Users/buddhirajgautam/Documents/Cherrygram-Mac/macOS-Swift/Telegram-Mac/Extensions.swift /Users/buddhirajgautam/Documents/Cherrygram-Mac/macOS-Swift/Telegram-Mac/FileDownload.swift /Users/buddhirajgautam/Documents/Cherrygram-Mac/macOS-Swift/Telegram-Mac/LiveLocationViewController.swift /Users/buddhirajgautam/Documents/Cherrygram-Mac/macOS-Swift/Telegram-Mac/EmptyComposeController.swift /Users/buddhirajgautam/Documents/Cherrygram-Mac/macOS-Swift/Telegram-Mac/ChatListTextActionRowItem.swift /Users/buddhirajgautam/Documents/Cherrygram-Mac/macOS-Swift/Telegram-Mac/Auth_CodeEntryContol.swift /Users/buddhirajgautam/Documents/Cherrygram-Mac/macOS-Swift/Telegram-Mac/WidgetView.swift /Users/buddhirajgautam/Documents/Cherrygram-Mac/macOS-Swift/Telegram-Mac/StoryControlsView.swift /Users/buddhirajgautam/Documents/Cherrygram-Mac/macOS-Swift/Telegram-Mac/ChatUserInfoRowItem.swift /Users/buddhirajgautam/Documents/Cherrygram-Mac/macOS-Swift/Telegram-Mac/suggest-post/SuggetMessageModalController.swift /Users/buddhirajgautam/Documents/Cherrygram-Mac/macOS-Swift/Telegram-Mac/PrettyGridUtils.swift /Users/buddhirajgautam/Documents/Cherrygram-Mac/macOS-Swift/Telegram-Mac/QuickSwitcherModalController.swift /Users/buddhirajgautam/Documents/Cherrygram-Mac/macOS-Swift/Telegram-Mac/ChannelEventLogController.swift /Users/buddhirajgautam/Documents/Cherrygram-Mac/macOS-Swift/Telegram-Mac/SendingClockProgress.swift /Users/buddhirajgautam/Documents/Cherrygram-Mac/macOS-Swift/Telegram-Mac/InstantPageAudioItem.swift /Users/buddhirajgautam/Documents/Cherrygram-Mac/macOS-Swift/Telegram-Mac/PremiumDiamondSceneView.swift /Users/buddhirajgautam/Documents/Cherrygram-Mac/macOS-Swift/Telegram-Mac/PeerRequestJoinRowItem.swift /Users/buddhirajgautam/Documents/Cherrygram-Mac/macOS-Swift/Telegram-Mac/VoipDerivedState.swift /Users/buddhirajgautam/Documents/Cherrygram-Mac/macOS-Swift/Telegram-Mac/ForumUIMethods.swift /Users/buddhirajgautam/Documents/Cherrygram-Mac/macOS-Swift/Telegram-Mac/HashtagSearchGlobalChatContents.swift /Users/buddhirajgautam/Documents/Cherrygram-Mac/macOS-Swift/Telegram-Mac/EmojiToleranceController.swift /Users/buddhirajgautam/Documents/Cherrygram-Mac/macOS-Swift/Telegram-Mac/ChatInputAccessory.swift (in target 'Telegram' from project 'Telegram')
	SwiftCompile normal arm64 /Users/buddhirajgautam/Documents/Cherrygram-Mac/macOS-Swift/Telegram-Mac/QuickSwitcherModalController.swift (in target 'Telegram' from project 'Telegram')
	Building workspace Telegram-Mac with scheme Telegram
(3 failures)
